Name,Category,Phone,City,State,License Number,Why Kept
Topline AutoMotors LLC,Wholesale Motor Vehicle Dealer,4802130444,Glendale,AZ,L10000397,State-licensed wholesale dealer - Sep 13 push
BIA Motors,Wholesale Motor Vehicle Dealer,(602) 710-3426,phoenix,AZ,L10000665,State-licensed wholesale dealer - Sep 13 push
JPW CARS LLC,Wholesale Motor Vehicle Dealer,6023913256,EL MIRAGE,AZ,L10000367,State-licensed wholesale dealer - Sep 13 push
Southern Funding LLC,Wholesale Motor Vehicle Dealer,5207043109,Tucson,AZ,L10000381,State-licensed wholesale dealer - Sep 13 push
K&U AUTOMOTIVE LLC,Wholesale Motor Vehicle Dealer,6027378704,phoenix,AZ,L10000456,State-licensed wholesale dealer - Sep 13 push
"PCM Services, Inc",Wholesale Motor Vehicle Dealer,7147437000,Quartzsite,AZ,L10000455,State-licensed wholesale dealer - Sep 13 push
DESERT VALLEY AUTO WHOLESALE LLC,Wholesale Motor Vehicle Dealer,480-955-4667,PEORIA,AZ,L10000376,State-licensed wholesale dealer - Sep 13 push
"BARABE MOTOR COMPANY, LLC",Wholesale Motor Vehicle Dealer,505-463-6844,TEMPE,AZ,L10000377,State-licensed wholesale dealer - Sep 13 push
ALDRISPE LLC,Wholesale Motor Vehicle Dealer,623-225-3735,PHOENIX,AZ,L10000401,State-licensed wholesale dealer - Sep 13 push
Pacific Funding Wholesale Auto Sale LLC,Wholesale Motor Vehicle Dealer,6024817848,Tolleson,AZ,L10000438,State-licensed wholesale dealer - Sep 13 push
ARRA MOTOR CLUB LLC,Wholesale Motor Vehicle Dealer,(718)810-5569,GLENDALE,AZ,L10000545,State-licensed wholesale dealer - Sep 13 push
Nyemke Enterprise LLC,Wholesale Motor Vehicle Dealer,6144463074,Queen Creek,AZ,L10001387,State-licensed wholesale dealer - Sep 13 push
Copperstate Truck Sales LLC,Wholesale Motor Vehicle Dealer,602-476-9670,Phoenix,AZ,L10000515,State-licensed wholesale dealer - Sep 13 push
STRATEGIC AUTOMOTIVE CONSULTING LLC,Wholesale Motor Vehicle Dealer,602-622-0902,SCOTTSDALE,AZ,L10000485,State-licensed wholesale dealer - Sep 13 push
M V AUTO WHOLESALE LLC,Wholesale Motor Vehicle Dealer,602-301-5727,PHOENIX,AZ,L10000486,State-licensed wholesale dealer - Sep 13 push
OZ Motorsport LLC,Wholesale Motor Vehicle Dealer,6025256074,Laveen,AZ,L10000602,State-licensed wholesale dealer - Sep 13 push
ELITE AUTO SALE LLC,Wholesale Motor Vehicle Dealer,602 477 9333,Phoenix,AZ,L10000563,State-licensed wholesale dealer - Sep 13 push
CONSUMER FINANCE,Wholesale Motor Vehicle Dealer,602-334-3727,PHOENIX,AZ,L10000561,State-licensed wholesale dealer - Sep 13 push
Plan B Auto Sales LLC,Wholesale Motor Vehicle Dealer,6027140047,San Tan Valley,AZ,L10000592,State-licensed wholesale dealer - Sep 13 push
Sin Ley Autosales,Wholesale Motor Vehicle Dealer,6237428392,phoenix,AZ,L10000576,State-licensed wholesale dealer - Sep 13 push
Car Lanes LLC,Wholesale Motor Vehicle Dealer,5204095211,Tucson,AZ,L10000734,State-licensed wholesale dealer - Sep 13 push
EQUITY WHOLESALE,Wholesale Motor Vehicle Dealer,602-802-7246,MESA,AZ,L10000739,State-licensed wholesale dealer - Sep 13 push
Sheikh Auto Sales LLC,Wholesale Motor Vehicle Dealer,4806228747,Phoenix,AZ,L10000663,State-licensed wholesale dealer - Sep 13 push
AHMAUTO LLC,Wholesale Motor Vehicle Dealer,602-668-6685,SURPRISE,AZ,L10000640,State-licensed wholesale dealer - Sep 13 push
"RPA, INC.",Wholesale Motor Vehicle Dealer,480-710-0615,PHOENIX,AZ,L10000770,State-licensed wholesale dealer - Sep 13 push
Southwest Motorsport LLC,Wholesale Motor Vehicle Dealer,6237596539,phoenix,AZ,L10000772,State-licensed wholesale dealer - Sep 13 push
Luna's Auto Sales LLC,Wholesale Motor Vehicle Dealer,6023919823,Phoenix,AZ,L10000704,State-licensed wholesale dealer - Sep 13 push
KING SOLOMON LLC,Wholesale Motor Vehicle Dealer,6029808387,PHOENIX,AZ,L10000779,State-licensed wholesale dealer - Sep 13 push
Brentwood Auto Group,Wholesale Motor Vehicle Dealer,4804661182,Chandler,AZ,L10000826,State-licensed wholesale dealer - Sep 13 push
TAIM AUTO SALE LLC,Wholesale Motor Vehicle Dealer,480-395-3679,GLENDALE,AZ,L10000982,State-licensed wholesale dealer - Sep 13 push
drivemax llc,Wholesale Motor Vehicle Dealer,623-2625174,phoenix,AZ,L10002934,State-licensed wholesale dealer - Sep 13 push
KG MOTORSPORTS,Wholesale Motor Vehicle Dealer,602-812-8090,Laveen,AZ,L10001157,State-licensed wholesale dealer - Sep 13 push
Target Retirement Services,Wholesale Motor Vehicle Dealer,4802784417,Chandler,AZ,L10001398,State-licensed wholesale dealer - Sep 13 push
"Mt. Everest Holdings, LLC",Wholesale Motor Vehicle Dealer,480-292-6024,Peoria,AZ,L10001277,State-licensed wholesale dealer - Sep 13 push
David AZ Group LLC,Wholesale Motor Vehicle Dealer,623-377-0615,Glendale,AZ,L10001580,State-licensed wholesale dealer - Sep 13 push
San Tan Legit Motorsports LLC,Wholesale Motor Vehicle Dealer,623-999-2128,San Tan Valley,AZ,L10000752,State-licensed wholesale dealer - Sep 13 push
Dynomax Enterprises,Wholesale Motor Vehicle Dealer,602-628-8584,Mesa,AZ,L10000755,State-licensed wholesale dealer - Sep 13 push
"Mojave Auto Brokers, LLC",Wholesale Motor Vehicle Dealer,7196615946,Lake Havasu,AZ,L10000885,State-licensed wholesale dealer - Sep 13 push
SPARTAN AUTOS,Wholesale Motor Vehicle Dealer,607-429-8838,GOLDEN VALLEY,AZ,L10000814,State-licensed wholesale dealer - Sep 13 push
Suhy Enterprises,Wholesale Motor Vehicle Dealer,6025755755,Glendale,AZ,L10000827,State-licensed wholesale dealer - Sep 13 push
CB Motor Company,Wholesale Motor Vehicle Dealer,4804957691,Queen Creek,AZ,L10001351,State-licensed wholesale dealer - Sep 13 push
AUTOSENSE LLC,Wholesale Motor Vehicle Dealer,480-781-1324,SURPRISE,AZ,L10000780,State-licensed wholesale dealer - Sep 13 push
Arizona Wholesalers,Wholesale Motor Vehicle Dealer,480-205-0409,Phoenix,AZ,L10000811,State-licensed wholesale dealer - Sep 13 push
FIRST ARIZONA AUTO LEASING LLC,Wholesale Motor Vehicle Dealer,602-430-3339,PHOENIX,AZ,L10000925,State-licensed wholesale dealer - Sep 13 push
TRUE IMPORTS LLC,Wholesale Motor Vehicle Dealer,480-665-1849,PHOENIX,AZ,L10000833,State-licensed wholesale dealer - Sep 13 push
Top Gear Investment LLC,Wholesale Motor Vehicle Dealer,2487034700,Scottsdale,AZ,L10000882,State-licensed wholesale dealer - Sep 13 push
Reliable Chariots,Wholesale Motor Vehicle Dealer,619-519-9686,Tucson,AZ,L10001140,State-licensed wholesale dealer - Sep 13 push
SAM & J AUTO LLC,Wholesale Motor Vehicle Dealer,6023834896,PHOENIX,AZ,L10001085,State-licensed wholesale dealer - Sep 13 push
DMC,Wholesale Motor Vehicle Dealer,650-520-9699,SCOTTSDALE,AZ,L10000872,State-licensed wholesale dealer - Sep 13 push
V CUSTOMS LLC,Wholesale Motor Vehicle Dealer,6026688059,GOODYEAR,AZ,L10000875,State-licensed wholesale dealer - Sep 13 push
FinishLine Acceptance LLC,Wholesale Motor Vehicle Dealer,6023735729,Phoenix,AZ,L10001254,State-licensed wholesale dealer - Sep 13 push
Ryan Ervin White,Wholesale Motor Vehicle Dealer,9282798868,Kingman,AZ,L10001092,State-licensed wholesale dealer - Sep 13 push
BEYLA AUTO SALES LLC,Wholesale Motor Vehicle Dealer,602-810-6827,GLENDALE,AZ,L10000983,State-licensed wholesale dealer - Sep 13 push
DUA INVESTMENTS LLC,Wholesale Motor Vehicle Dealer,6232826258,Phoenix,AZ,L10001235,State-licensed wholesale dealer - Sep 13 push
"M.S.B. HOLDINGS, LLC",Wholesale Motor Vehicle Dealer,602-619-3217,PHOENIX,AZ,L10000999,State-licensed wholesale dealer - Sep 13 push
ELEV8T MOTORSPORTS LLC,Wholesale Motor Vehicle Dealer,6023172640,Phoenix,AZ,L10001048,State-licensed wholesale dealer - Sep 13 push
SUMER AUTOSALES LLC,Wholesale Motor Vehicle Dealer,602-626-4504,TEMPE,AZ,L10000989,State-licensed wholesale dealer - Sep 13 push
Aphillyated,Wholesale Motor Vehicle Dealer,4804380675,Mesa,AZ,L10001211,State-licensed wholesale dealer - Sep 13 push
ROLEX LLC,Wholesale Motor Vehicle Dealer,602-710-7371,PHOENIX,AZ,L10001012,State-licensed wholesale dealer - Sep 13 push
ROYAL MOTORSPORTS LLC,Wholesale Motor Vehicle Dealer,6027967244,PHOENIX,AZ,L10001218,State-licensed wholesale dealer - Sep 13 push
Desert valley automotive,Wholesale Motor Vehicle Dealer,5203081765,Phoenix,AZ,L10001121,State-licensed wholesale dealer - Sep 13 push
Hot Rides LLC,Wholesale Motor Vehicle Dealer,5206128661,Tucson,AZ,L10001166,State-licensed wholesale dealer - Sep 13 push
"Martinez Productions, LLC.",Wholesale Motor Vehicle Dealer,9282639709,Kingman,AZ,L10001055,State-licensed wholesale dealer - Sep 13 push
JP CHASE FINANCIAL,Wholesale Motor Vehicle Dealer,5204401983,Tempe,AZ,L10001635,State-licensed wholesale dealer - Sep 13 push
LAI Investors LLC,Wholesale Motor Vehicle Dealer,7472634124,Tempe,AZ,L10001149,State-licensed wholesale dealer - Sep 13 push
I & N AUTO SALES LLC,Wholesale Motor Vehicle Dealer,602-710-4193,SURPRISE,AZ,L10001041,State-licensed wholesale dealer - Sep 13 push
Vehicle Oasis LLC,Wholesale Motor Vehicle Dealer,5202132818,Chandler,AZ,L10001197,State-licensed wholesale dealer - Sep 13 push
"MCD & ABN Auto Service, LLC",Wholesale Motor Vehicle Dealer,4802170795,Phoenix,AZ,L10001344,State-licensed wholesale dealer - Sep 13 push
Key 7 Enterprises LLC,Wholesale Motor Vehicle Dealer,623-521-2484,Sun City West,AZ,L10001127,State-licensed wholesale dealer - Sep 13 push
Milo's Auto Sales LLC,Wholesale Motor Vehicle Dealer,310-612-2918,Goodyear,AZ,L10001101,State-licensed wholesale dealer - Sep 13 push
DESERT RIDGE AUTOMOBILES LLC,Wholesale Motor Vehicle Dealer,480-749-5923,LAVEEN,AZ,L10001063,State-licensed wholesale dealer - Sep 13 push
ZAZUETA'S WHOLESALE BUSINESS,Wholesale Motor Vehicle Dealer,5202495631,Tucson,AZ,L10001185,State-licensed wholesale dealer - Sep 13 push
Clarke Sons Auto LLC,Wholesale Motor Vehicle Dealer,3237757907,phoenix,AZ,L10001111,State-licensed wholesale dealer - Sep 13 push
AMJ AUTO WHOLESALE LLC,Wholesale Motor Vehicle Dealer,480-669-0988,Peoria,AZ,L10001060,State-licensed wholesale dealer - Sep 13 push
Affordable Hybrid Auto,Wholesale Motor Vehicle Dealer,602-904-3062,Phoenix,AZ,L10001187,State-licensed wholesale dealer - Sep 13 push
ASAH LLC,Wholesale Motor Vehicle Dealer,6056512271,Phoenix,AZ,L10001126,State-licensed wholesale dealer - Sep 13 push
Trucar Brokers,Wholesale Motor Vehicle Dealer,6025706307,Phoenix,AZ,L10001171,State-licensed wholesale dealer - Sep 13 push
"Fesler USA, LLC",Wholesale Motor Vehicle Dealer,480-748-2000,Phoenix,AZ,L10001156,State-licensed wholesale dealer - Sep 13 push
WILLIAM O AUTO SALES LLC,Wholesale Motor Vehicle Dealer,5203581315,PHOENIX,AZ,L10001972,State-licensed wholesale dealer - Sep 13 push
Bmay Auto LLC,Wholesale Motor Vehicle Dealer,8472761016,Queen Creek,AZ,L10001365,State-licensed wholesale dealer - Sep 13 push
alnajjjar LLC,Wholesale Motor Vehicle Dealer,6239008675,PEORIA,AZ,L10001311,State-licensed wholesale dealer - Sep 13 push
AMERICAN AUTO GROUP LLC,Wholesale Motor Vehicle Dealer,602-618-4685,PHOENIX,AZ,L10001122,State-licensed wholesale dealer - Sep 13 push
Gateway Access Ent.,Wholesale Motor Vehicle Dealer,623-258-4765,Arizona City,AZ,L10001192,State-licensed wholesale dealer - Sep 13 push
Eni-Ade Services LLC,Wholesale Motor Vehicle Dealer,2022946703,Phoenix,AZ,L10001615,State-licensed wholesale dealer - Sep 13 push
GOLD AUTO SALES LLC,Wholesale Motor Vehicle Dealer,205-207-7777,PHOENIX,AZ,L10001381,State-licensed wholesale dealer - Sep 13 push
Enlightened Auto Sales LLC,Wholesale Motor Vehicle Dealer,6232045234,Glendale,AZ,L10001236,State-licensed wholesale dealer - Sep 13 push
A & L WHOLESALE LLC,Wholesale Motor Vehicle Dealer,602-909-2460,GILBERT,AZ,L10001118,State-licensed wholesale dealer - Sep 13 push
GOLDEN AUTO SALES INC,Wholesale Motor Vehicle Dealer,9514965591,LAKE HAVASU CITY,AZ,L10001312,State-licensed wholesale dealer - Sep 13 push
DC CARS LLC,Wholesale Motor Vehicle Dealer,480-925-7808,Phoenix,AZ,L10001292,State-licensed wholesale dealer - Sep 13 push
Auto X-Change LLC,Wholesale Motor Vehicle Dealer,602-402-3410,Flagstaff,AZ,L10001138,State-licensed wholesale dealer - Sep 13 push
Auto Coin Inc,Wholesale Motor Vehicle Dealer,6025290017,Phoenix,AZ,L10001146,State-licensed wholesale dealer - Sep 13 push
Simply green Solutions,Wholesale Motor Vehicle Dealer,810 2419284,tempe,AZ,L10001225,State-licensed wholesale dealer - Sep 13 push
Gassama Auto Express LLC,Wholesale Motor Vehicle Dealer,646-683-8429,Queen Creek,AZ,L10001224,State-licensed wholesale dealer - Sep 13 push
MGV AUTO SALES LLC,Wholesale Motor Vehicle Dealer,6025547031,Avondale,AZ,L10001130,State-licensed wholesale dealer - Sep 13 push
SMART WAY AUTO LLC,Wholesale Motor Vehicle Dealer,6109101010,LAVEEN,AZ,L10001430,State-licensed wholesale dealer - Sep 13 push
Innovativ Trading,Wholesale Motor Vehicle Dealer,4803437324,GOODYEAR,AZ,L10001369,State-licensed wholesale dealer - Sep 13 push
Keepo Auto,Wholesale Motor Vehicle Dealer,9092152534,Bull Head City,AZ,L10001329,State-licensed wholesale dealer - Sep 13 push
SF Leasing and Rental LLC,Wholesale Motor Vehicle Dealer,5204425050,Tucson,AZ,L10001346,State-licensed wholesale dealer - Sep 13 push
NORTHPHOENIXAUTO,Wholesale Motor Vehicle Dealer,623-282-7883,PHOENIX,AZ,L10001193,State-licensed wholesale dealer - Sep 13 push
DD AUTOMOTIVE LLC,Wholesale Motor Vehicle Dealer,480-851-3126,GLENDALE,AZ,L10001205,State-licensed wholesale dealer - Sep 13 push
1ST CHOICE WHOLESALE AUTO LLC,Wholesale Motor Vehicle Dealer,5207297877,TUCSON,AZ,L10001706,State-licensed wholesale dealer - Sep 13 push
Auto Trading LLC,Wholesale Motor Vehicle Dealer,480-667-3467,Mesa,AZ,L10001489,State-licensed wholesale dealer - Sep 13 push
HAZEL LLC,Wholesale Motor Vehicle Dealer,7137324391,YOUNGTOWN,AZ,L10001386,State-licensed wholesale dealer - Sep 13 push
JMJ WHOLESALE AUTOS,Wholesale Motor Vehicle Dealer,4803644674,CHANDLER,AZ,L10001280,State-licensed wholesale dealer - Sep 13 push
Bradley S Johnson Inc,Wholesale Motor Vehicle Dealer,7143156964,Phoenix,AZ,L10001749,State-licensed wholesale dealer - Sep 13 push
VX Racing LLC,Wholesale Motor Vehicle Dealer,520 204 5376,Tucson,AZ,L10001370,State-licensed wholesale dealer - Sep 13 push
Zorin ventures llc.,Wholesale Motor Vehicle Dealer,16023005777,TEMPE,AZ,L10002396,State-licensed wholesale dealer - Sep 13 push
MESA AUTOMOTIVE SPORTS LLC,Wholesale Motor Vehicle Dealer,602-373-2693,MESA,AZ,L10001298,State-licensed wholesale dealer - Sep 13 push
10X AUTO,Wholesale Motor Vehicle Dealer,480-886-4059,GLENDALE,AZ,L10001357,State-licensed wholesale dealer - Sep 13 push
S.G. Wholesale Inc,Wholesale Motor Vehicle Dealer,6026976138,Phoenix,AZ,L10001675,State-licensed wholesale dealer - Sep 13 push
Frye auto Sales,Wholesale Motor Vehicle Dealer,520-245-1016,Tucson,AZ,L10001440,State-licensed wholesale dealer - Sep 13 push
PISTON AUTO RECYCLER LLC,Wholesale Motor Vehicle Dealer,928-9411706,YUMA,AZ,L10001372,State-licensed wholesale dealer - Sep 13 push
Car Now LLC,Wholesale Motor Vehicle Dealer,734-680-9904,Phoenix,AZ,L10001521,State-licensed wholesale dealer - Sep 13 push
MOROYOQUI MOTOR SPORTS LLC,Wholesale Motor Vehicle Dealer,505-489-4242,PHOENIX,AZ,L10001360,State-licensed wholesale dealer - Sep 13 push
CARDOSO AUTO,Wholesale Motor Vehicle Dealer,6027140084,Phoenix,AZ,L10001567,State-licensed wholesale dealer - Sep 13 push
H&G IMPORTAUTO LLC,Wholesale Motor Vehicle Dealer,602-575-6177,PHOENIX,AZ,L10001414,State-licensed wholesale dealer - Sep 13 push
Jose Angel Rodriguez,Wholesale Motor Vehicle Dealer,6027894719,Avondale,AZ,L10001426,State-licensed wholesale dealer - Sep 13 push
AMMAR AUTO SALE LLC,Wholesale Motor Vehicle Dealer,6023308209,GLENDALE,AZ,L10001518,State-licensed wholesale dealer - Sep 13 push
GOLDEN EAGLE AUTO SALES LLC,Wholesale Motor Vehicle Dealer,602-574-0017,PHOENIX,AZ,L10001459,State-licensed wholesale dealer - Sep 13 push
Wholesale Motorsports LLC,Wholesale Motor Vehicle Dealer,6024883890,PHOENIX,AZ,L10001710,State-licensed wholesale dealer - Sep 13 push
Alia Auto LLC,Wholesale Motor Vehicle Dealer,7145929004,Goodyear,AZ,L10001464,State-licensed wholesale dealer - Sep 13 push
"KING J'S AUTO SERVICE BODY PAINT AND TOWING, L.L.C",Wholesale Motor Vehicle Dealer,480-228-8421,MARICOPA,AZ,L10001454,State-licensed wholesale dealer - Sep 13 push
SAM WHOLE SALE LLC,Wholesale Motor Vehicle Dealer,4804289632,85029,AZ,L10001525,State-licensed wholesale dealer - Sep 13 push
CAPITAL ONE FUNDING LLC,Wholesale Motor Vehicle Dealer,602-910-8287,PHOENIX,AZ,L10001467,State-licensed wholesale dealer - Sep 13 push
B & A WHOLESALE LLC,Wholesale Motor Vehicle Dealer,4807991777,PHOENIX,AZ,L10001481,State-licensed wholesale dealer - Sep 13 push
Phoenix Premium Motors LLC,Wholesale Motor Vehicle Dealer,4805799733,tolleson,AZ,L10001526,State-licensed wholesale dealer - Sep 13 push
Auto Club LLC,Wholesale Motor Vehicle Dealer,6025833280,phoenix,AZ,L10001503,State-licensed wholesale dealer - Sep 13 push
SHAH USED AUTO SALES LLC,Wholesale Motor Vehicle Dealer,480-749-1351,SURPRISE,AZ,L10001507,State-licensed wholesale dealer - Sep 13 push
ARIZONA FIRST FINANCIAL LLC,Wholesale Motor Vehicle Dealer,480-490-5139,GLENDALE,AZ,L10001482,State-licensed wholesale dealer - Sep 13 push
Six Towns LLC,Wholesale Motor Vehicle Dealer,6023731891,Glendale,AZ,L10001626,State-licensed wholesale dealer - Sep 13 push
NEW CENTURY AUTO CREDIT LLC,Wholesale Motor Vehicle Dealer,602-319-8313,PHOENIX,AZ,L10001533,State-licensed wholesale dealer - Sep 13 push
DNS AUTO GROUP LLC,Wholesale Motor Vehicle Dealer,9514121484,Phoenix,AZ,L10001538,State-licensed wholesale dealer - Sep 13 push
"TrueCar Wholesale Solutions, Inc.",Wholesale Motor Vehicle Dealer,480-237-1281,Mesa,AZ,L10001602,State-licensed wholesale dealer - Sep 13 push
zak's auto sales llc,Wholesale Motor Vehicle Dealer,3472554047,phoenix,AZ,L10001540,State-licensed wholesale dealer - Sep 13 push
"Malefors Holdings, LLC",Wholesale Motor Vehicle Dealer,6023807332,Glendale,AZ,L10001594,State-licensed wholesale dealer - Sep 13 push
Arizona Investment Firm LLC,Wholesale Motor Vehicle Dealer,6023583928,Glendale,AZ,L10002022,State-licensed wholesale dealer - Sep 13 push
HONEST AUTO SALES LLC,Wholesale Motor Vehicle Dealer,623-888-9610,SURPRISE,AZ,L10001559,State-licensed wholesale dealer - Sep 13 push
Global Asset Clearinghouse LLC,Wholesale Motor Vehicle Dealer,6234445555,Goodyear,AZ,L10001606,State-licensed wholesale dealer - Sep 13 push
DRIVE SOURCE LLC,Wholesale Motor Vehicle Dealer,8015609980,GLENDALE,AZ,L10001571,State-licensed wholesale dealer - Sep 13 push
LAMUKA AUTO BODY REPAIR LLC,Wholesale Motor Vehicle Dealer,4145874194,PHOENIX,AZ,L10001678,State-licensed wholesale dealer - Sep 13 push
"CLASSIC REMARKETING, LLC",Wholesale Motor Vehicle Dealer,6159270514,SCOTTSDALE,AZ,L10001589,State-licensed wholesale dealer - Sep 13 push
Gregory Staples,Wholesale Motor Vehicle Dealer,602-504-5685,Wittmann,AZ,L10001640,State-licensed wholesale dealer - Sep 13 push
ODK LLC,Wholesale Motor Vehicle Dealer,6614954770,Phoenix,AZ,L10001721,State-licensed wholesale dealer - Sep 13 push
ANAYA'S AUTO SALES LLC,Wholesale Motor Vehicle Dealer,602-386-9218,PHOENIX,AZ,L10001667,State-licensed wholesale dealer - Sep 13 push
Ao Auto Solutions LLC,Wholesale Motor Vehicle Dealer,6028000707,Phoenix,AZ,L10001656,State-licensed wholesale dealer - Sep 13 push
CARNECT AZ LLC,Wholesale Motor Vehicle Dealer,915-216-8180,SURPRISE,AZ,L10001657,State-licensed wholesale dealer - Sep 13 push
Leslany Auto Sales LLC,Wholesale Motor Vehicle Dealer,6026424918,Glendale,AZ,L10001684,State-licensed wholesale dealer - Sep 13 push
Auto For You,Wholesale Motor Vehicle Dealer,6237552737,Glendale,AZ,L10001697,State-licensed wholesale dealer - Sep 13 push
ALTEKRITY LLC,Wholesale Motor Vehicle Dealer,6236324398,PEORIA,AZ,L10001914,State-licensed wholesale dealer - Sep 13 push
JAY & KEV AUTO SALES LLC,Wholesale Motor Vehicle Dealer,602-620-9296,PHOENIX,AZ,L10001687,State-licensed wholesale dealer - Sep 13 push
Modern Ambitions Group LLC,Wholesale Motor Vehicle Dealer,602-802-3842,PHOENIX,AZ,L10001696,State-licensed wholesale dealer - Sep 13 push
Weston Auto Sale LLC,Wholesale Motor Vehicle Dealer,6232296663,Peoria,AZ,L10001742,State-licensed wholesale dealer - Sep 13 push
Najjar Auto Sale LLC,Wholesale Motor Vehicle Dealer,6027155973,Phoenix,AZ,L10001775,State-licensed wholesale dealer - Sep 13 push
Desert Auto Deals,Wholesale Motor Vehicle Dealer,4803322103,Tempe,AZ,L10001835,State-licensed wholesale dealer - Sep 13 push
"In Lane Autos, LLC",Wholesale Motor Vehicle Dealer,6024925030,Chandler,AZ,L10002257,State-licensed wholesale dealer - Sep 13 push
L T D WHOLESALE LLC,Wholesale Motor Vehicle Dealer,602-791-1567,QUEEN CREEK,AZ,L10001731,State-licensed wholesale dealer - Sep 13 push
R & J AUTO WHOLESALE,Wholesale Motor Vehicle Dealer,928-285-4722,YUMA,AZ,L10001754,State-licensed wholesale dealer - Sep 13 push
Valiant Trades LLC,Wholesale Motor Vehicle Dealer,786-614-1140,Scottsdale,AZ,L10001806,State-licensed wholesale dealer - Sep 13 push
Lamassu International General Trading LLC,Wholesale Motor Vehicle Dealer,7738657545,Surprise,AZ,L10001758,State-licensed wholesale dealer - Sep 13 push
Mi Gente Auto Sales LLC,Wholesale Motor Vehicle Dealer,623-229-1265,Phoenix,AZ,L10001870,State-licensed wholesale dealer - Sep 13 push
RMC MOTORSPORTS LLC,Wholesale Motor Vehicle Dealer,602-384-8625,LAVEEN,AZ,L10001772,State-licensed wholesale dealer - Sep 13 push
"A.L.AUTO, LLC",Wholesale Motor Vehicle Dealer,6027992014,LAVEEN,AZ,L10001950,State-licensed wholesale dealer - Sep 13 push
B & D Auto Sales,Wholesale Motor Vehicle Dealer,602-318-1287,Tonopah,AZ,L10001935,State-licensed wholesale dealer - Sep 13 push
Cesame Motor Sports LLC,Wholesale Motor Vehicle Dealer,4806969255,Laveen,AZ,L10002311,State-licensed wholesale dealer - Sep 13 push
Zain Motorsport,Wholesale Motor Vehicle Dealer,6023015783,Phoenix,AZ,L10001920,State-licensed wholesale dealer - Sep 13 push
28 Automotive LLC,Wholesale Motor Vehicle Dealer,4802040706,Surprise,AZ,L10001859,State-licensed wholesale dealer - Sep 13 push
Otis Wholesale LLC,Wholesale Motor Vehicle Dealer,4803749552,Cave Creek,AZ,L10001916,State-licensed wholesale dealer - Sep 13 push
Jason Wright,Wholesale Motor Vehicle Dealer,4805103641,Chandler,AZ,L10001887,State-licensed wholesale dealer - Sep 13 push
C & J WHOLESALE LLC,Wholesale Motor Vehicle Dealer,623-312-9580,PEORIA,AZ,L10001863,State-licensed wholesale dealer - Sep 13 push
THS WHOLESALE MOTOR VEHICLE DEALER,Wholesale Motor Vehicle Dealer,623-500-9552,PHOENIX,AZ,L10001851,State-licensed wholesale dealer - Sep 13 push
D W AUTO WHOLESALE LLC,Wholesale Motor Vehicle Dealer,480-599-9888,FOUNTAIN HILLS,AZ,L10001860,State-licensed wholesale dealer - Sep 13 push
VME AUTO SALES LLC,Wholesale Motor Vehicle Dealer,6023490141,Glendale,AZ,L10001856,State-licensed wholesale dealer - Sep 13 push
"OGYA, LLC",Wholesale Motor Vehicle Dealer,14802325020,Mesa,AZ,L10002021,State-licensed wholesale dealer - Sep 13 push
BELLS AUTO SALE LLC,Wholesale Motor Vehicle Dealer,6234991587,PEORIA,AZ,L10001997,State-licensed wholesale dealer - Sep 13 push
premier auto wholesale LLC,Wholesale Motor Vehicle Dealer,602-413-3270,phoenix,AZ,L10001981,State-licensed wholesale dealer - Sep 13 push
Goebig Auction Services inc,Wholesale Motor Vehicle Dealer,7146551782,Queen Creek,AZ,L10001974,State-licensed wholesale dealer - Sep 13 push
Beepz MotorsportsLLC,Wholesale Motor Vehicle Dealer,6024875207,Litchfield Park,AZ,L10002129,State-licensed wholesale dealer - Sep 13 push
Double Eagle Motors LLC,Wholesale Motor Vehicle Dealer,4806209453,Mesa,AZ,L10001913,State-licensed wholesale dealer - Sep 13 push
Chandler Auto Wholesalers LLC,Wholesale Motor Vehicle Dealer,4807978093,Chandler,AZ,L10001910,State-licensed wholesale dealer - Sep 13 push
Alyssa C Bailey,Wholesale Motor Vehicle Dealer,415-378-6289,Apache Junction,AZ,L10002131,State-licensed wholesale dealer - Sep 13 push
DARYANI MOTORS,Wholesale Motor Vehicle Dealer,6195071060,SCOTTSDALE,AZ,L10002154,State-licensed wholesale dealer - Sep 13 push
"AUTO LEGENDS, LLC",Wholesale Motor Vehicle Dealer,7252190000,Scottsdale,AZ,L10002066,State-licensed wholesale dealer - Sep 13 push
Kinship Motors LLC,Wholesale Motor Vehicle Dealer,6234992835,Surprise,AZ,L10002080,State-licensed wholesale dealer - Sep 13 push
Sharpe Logistics LLC,Wholesale Motor Vehicle Dealer,6025591903,Phoenix,AZ,L10002082,State-licensed wholesale dealer - Sep 13 push
JORDANGOTIT LLC,Wholesale Motor Vehicle Dealer,623-455-1168,LAVEEN,AZ,L10001930,State-licensed wholesale dealer - Sep 13 push
PRO IMPORTS LLC,Wholesale Motor Vehicle Dealer,6022843961,Phoenix,AZ,L10002008,State-licensed wholesale dealer - Sep 13 push
Eloquent Automotive Group LLC,Wholesale Motor Vehicle Dealer,602-828-4805,Phoenix,AZ,L10002062,State-licensed wholesale dealer - Sep 13 push
N & S AUTO SALES LLC,Wholesale Motor Vehicle Dealer,623-418-9654,PEORIA,AZ,L10001971,State-licensed wholesale dealer - Sep 13 push
D&D AUTO WHOLESALE LLC,Wholesale Motor Vehicle Dealer,6025413534,Phoenix,AZ,L10001967,State-licensed wholesale dealer - Sep 13 push
GTMO LLC,Wholesale Motor Vehicle Dealer,4808810727,Phoenix,AZ,L10002032,State-licensed wholesale dealer - Sep 13 push
Cars Nation LLC,Wholesale Motor Vehicle Dealer,4808091587,Laveen,AZ,L10001985,State-licensed wholesale dealer - Sep 13 push
"Colby Family Auto Investments, LLC",Wholesale Motor Vehicle Dealer,6239153520,Scottsdale,AZ,L10002035,State-licensed wholesale dealer - Sep 13 push
PT 97 LLC,Wholesale Motor Vehicle Dealer,4804557309,Chandler,AZ,L10002211,State-licensed wholesale dealer - Sep 13 push
Jcautopista,Wholesale Motor Vehicle Dealer,6023017301,Tolleson,AZ,L10002051,State-licensed wholesale dealer - Sep 13 push
Global Fleet Remarketing LLC,Wholesale Motor Vehicle Dealer,928-256-9943,Goodyear,AZ,L10002127,State-licensed wholesale dealer - Sep 13 push
"Wolfsburg Motorcars, LLC",Wholesale Motor Vehicle Dealer,6023155590,Scottsdale,AZ,L10002015,State-licensed wholesale dealer - Sep 13 push
Route Wholesale Motors,Wholesale Motor Vehicle Dealer,6027215488,Chandler,AZ,L10002230,State-licensed wholesale dealer - Sep 13 push
Auto Dreams On LLC,Wholesale Motor Vehicle Dealer,6025757910,Phoenix,AZ,L10002018,State-licensed wholesale dealer - Sep 13 push
392 MOTOR SPORTS LLC,Wholesale Motor Vehicle Dealer,602-420-3944,GLENDALE,AZ,L10002010,State-licensed wholesale dealer - Sep 13 push
AYALA FINANCIAL SERVICES LLC,Wholesale Motor Vehicle Dealer,6027856069,Youngtown,AZ,L10002124,State-licensed wholesale dealer - Sep 13 push
Binder Motors LLC,Wholesale Motor Vehicle Dealer,6233377521,Surprise,AZ,L10002125,State-licensed wholesale dealer - Sep 13 push
Empire Motor LLC,Wholesale Motor Vehicle Dealer,480-262-4619,SURPRISE,AZ,L10002049,State-licensed wholesale dealer - Sep 13 push
DESERT MOTORS FINANCIAL LLC,Wholesale Motor Vehicle Dealer,602-517-3046,GLENDALE,AZ,L10002101,State-licensed wholesale dealer - Sep 13 push
FLORES AUTO SALES LLC,Wholesale Motor Vehicle Dealer,602-635-8520,GLENDALE,AZ,L10002073,State-licensed wholesale dealer - Sep 13 push
Low Cost Auto Wholesale LLC,Wholesale Motor Vehicle Dealer,6029212097,Phoenix,AZ,L10002104,State-licensed wholesale dealer - Sep 13 push
WELLS FUNDING LLC,Wholesale Motor Vehicle Dealer,6024355579,PHOENIX,AZ,L10002121,State-licensed wholesale dealer - Sep 13 push
Dewayne's Enterprises Inc,Wholesale Motor Vehicle Dealer,6024696040,Surprise,AZ,L10002221,State-licensed wholesale dealer - Sep 13 push
ZED Motorsports LLC,Wholesale Motor Vehicle Dealer,4802413021,Scottsdale,AZ,L10002178,State-licensed wholesale dealer - Sep 13 push
STAN WU LIQUIDATIONS LLC,Wholesale Motor Vehicle Dealer,669-216-3267,TEMPE,AZ,L10002119,State-licensed wholesale dealer - Sep 13 push
AIM Consultants Inc,Wholesale Motor Vehicle Dealer,4802462237,Chandler,AZ,L10002123,State-licensed wholesale dealer - Sep 13 push
Speedy Auto Expert LLC,Wholesale Motor Vehicle Dealer,9545120318,Phoenix,AZ,L10002182,State-licensed wholesale dealer - Sep 13 push
Pellucid Motors LLC,Wholesale Motor Vehicle Dealer,2404237764,Phoenix,AZ,L10002160,State-licensed wholesale dealer - Sep 13 push
FORMULA BLACK LLC,Wholesale Motor Vehicle Dealer,602-628-7988,GOODYEAR,AZ,L10002134,State-licensed wholesale dealer - Sep 13 push
D&G Auto Wholesale LLC,Wholesale Motor Vehicle Dealer,4792141028,Buckeye,AZ,L10002217,State-licensed wholesale dealer - Sep 13 push
BENZ TRANSPORTATION LLC,Wholesale Motor Vehicle Dealer,602-785-7565,GLENDALE,AZ,L10002150,State-licensed wholesale dealer - Sep 13 push
ONE MAIN AUTO LLC,Wholesale Motor Vehicle Dealer,602-402-3019,PHOENIX,AZ,L10002174,State-licensed wholesale dealer - Sep 13 push
D&J Melendez Auto Sales LLC,Wholesale Motor Vehicle Dealer,3472990523,Phoenix,AZ,L10002413,State-licensed wholesale dealer - Sep 13 push
US FINANCE AUTO LLC,Wholesale Motor Vehicle Dealer,646-656-0606,PHOENIX,AZ,L10002181,State-licensed wholesale dealer - Sep 13 push
"ACV Auctions, Inc.",Wholesale Motor Vehicle Dealer,7169460799,PEORIA,AZ,L10002411,State-licensed wholesale dealer - Sep 13 push
GIBO,Wholesale Motor Vehicle Dealer,623-205-2987,GLENDALE,AZ,L10002289,State-licensed wholesale dealer - Sep 13 push
JACKRABBIT AUTO WHOLESALE LLC,Wholesale Motor Vehicle Dealer,602-919-1239,BUCKEYE,AZ,L10002192,State-licensed wholesale dealer - Sep 13 push
Noor Trading & Shipping Corporation,Wholesale Motor Vehicle Dealer,4804001055,Phoenix,AZ,L10002188,State-licensed wholesale dealer - Sep 13 push
BOYZ AUTO SALES LLC,Wholesale Motor Vehicle Dealer,6027696149,LITCHFIELD PARK,AZ,L10002226,State-licensed wholesale dealer - Sep 13 push
SJ Elite Auto LLC,Wholesale Motor Vehicle Dealer,6177212673,Cave Creek,AZ,L10002300,State-licensed wholesale dealer - Sep 13 push
Golden Empire Auto Sales LLC,Wholesale Motor Vehicle Dealer,4803704436,Phoenix,AZ,L10002196,State-licensed wholesale dealer - Sep 13 push
ORG CARS SALES LLC,Wholesale Motor Vehicle Dealer,623-204-7143,PHOENIX,AZ,L10002229,State-licensed wholesale dealer - Sep 13 push
AUTONOW LLC,Wholesale Motor Vehicle Dealer,602-332-2651,GLENDALE,AZ,L10002219,State-licensed wholesale dealer - Sep 13 push
SALVAGE NATION LLC,Wholesale Motor Vehicle Dealer,6024868113,Phoenix,AZ,L10002299,State-licensed wholesale dealer - Sep 13 push
Desert eagle 1 LLC,Wholesale Motor Vehicle Dealer,6234186504,PEORIA,AZ,L10002603,State-licensed wholesale dealer - Sep 13 push
AUTOXCEL LLC,Wholesale Motor Vehicle Dealer,480-658-9629,GILBERT,AZ,L10002237,State-licensed wholesale dealer - Sep 13 push
WEBSTAR Auto LLC,Wholesale Motor Vehicle Dealer,4803887498,Phoenix,AZ,L10002250,State-licensed wholesale dealer - Sep 13 push
Allegiant Auto Sport,Wholesale Motor Vehicle Dealer,6024328424,Phoenix,AZ,L10002497,State-licensed wholesale dealer - Sep 13 push
COAST TO COAST AUTO SALES LLC,Wholesale Motor Vehicle Dealer,602-592-5712,MESA,AZ,L10002205,State-licensed wholesale dealer - Sep 13 push
Enzo Wholesale LLC,Wholesale Motor Vehicle Dealer,6023343031,Phoenix,AZ,L10002569,State-licensed wholesale dealer - Sep 13 push
Premier Southwest Car co. L.L.C.,Wholesale Motor Vehicle Dealer,5204996269,Tucson,AZ,L10002253,State-licensed wholesale dealer - Sep 13 push
Maryam Holdings LLC,Wholesale Motor Vehicle Dealer,6023307903,Phoenix,AZ,L10002466,State-licensed wholesale dealer - Sep 13 push
Saint Bear LLC,Wholesale Motor Vehicle Dealer,6232563204,Phoenix,AZ,L10002325,State-licensed wholesale dealer - Sep 13 push
Rahmah LLC,Wholesale Motor Vehicle Dealer,6024769679,Glendale,AZ,L10002371,State-licensed wholesale dealer - Sep 13 push
AMGSQUARE AUTO SALES LLC,Wholesale Motor Vehicle Dealer,9286001211,PHOENIX,AZ,L10002330,State-licensed wholesale dealer - Sep 13 push
realtrade llc,Wholesale Motor Vehicle Dealer,3123163800,Phoenix,AZ,L10002279,State-licensed wholesale dealer - Sep 13 push
Bely's Auto Sales LLC,Wholesale Motor Vehicle Dealer,6027486067,Eloy,AZ,L10002464,State-licensed wholesale dealer - Sep 13 push
G.I.L.I.S. INVESTMENTS LLC,Wholesale Motor Vehicle Dealer,602-419-5264,BUCKEYE,AZ,L10002272,State-licensed wholesale dealer - Sep 13 push
CENTRAL AUTO DEPOT LLC,Wholesale Motor Vehicle Dealer,602-410-6482,PHOENIX,AZ,L10002273,State-licensed wholesale dealer - Sep 13 push
ZA AUTO SALES LLC,Wholesale Motor Vehicle Dealer,2482921701,PHOENIX,AZ,L10002322,State-licensed wholesale dealer - Sep 13 push
VALLEY OF THE SUN FINANCIAL LLC,Wholesale Motor Vehicle Dealer,6026280426,Phoenix,AZ,L10002488,State-licensed wholesale dealer - Sep 13 push
United Eagle Auto Sales LLC,Wholesale Motor Vehicle Dealer,503-935-7656,Surprise,AZ,L10002321,State-licensed wholesale dealer - Sep 13 push
AUTOPROS AZ LLC,Wholesale Motor Vehicle Dealer,6193860919,Buckeye,AZ,L10002736,State-licensed wholesale dealer - Sep 13 push
Summitt Auto Sales Llc,Wholesale Motor Vehicle Dealer,9283669719,Somerton,AZ,L10002435,State-licensed wholesale dealer - Sep 13 push
MOTORZONE LLC,Wholesale Motor Vehicle Dealer,623-628-9681,TEMPE,AZ,L10002310,State-licensed wholesale dealer - Sep 13 push
Auto Prime Sales LLC,Wholesale Motor Vehicle Dealer,9283153444,San Luis,AZ,L10002834,State-licensed wholesale dealer - Sep 13 push
Tire Kick Flips LLC,Wholesale Motor Vehicle Dealer,5206681097,Vail,AZ,L10002400,State-licensed wholesale dealer - Sep 13 push
DY Diesel LLC,Wholesale Motor Vehicle Dealer,702-250-0114,Littlefield,AZ,L10002680,State-licensed wholesale dealer - Sep 13 push
Nia automotive llc,Wholesale Motor Vehicle Dealer,4802492867,Phoenix,AZ,L10002405,State-licensed wholesale dealer - Sep 13 push
SONORAN DESERT FINANCIAL LLC,Wholesale Motor Vehicle Dealer,623-330-3472,SURPRISE,AZ,L10002345,State-licensed wholesale dealer - Sep 13 push
Ikoniq Financial LLC,Wholesale Motor Vehicle Dealer,7022352070,Phoenix,AZ,L10002476,State-licensed wholesale dealer - Sep 13 push
Mucho Motors,Wholesale Motor Vehicle Dealer,6024340819,MESA,AZ,L10003076,State-licensed wholesale dealer - Sep 13 push
East North Phoenix LLC,Wholesale Motor Vehicle Dealer,6022957056,Phoenix,AZ,L10002380,State-licensed wholesale dealer - Sep 13 push
Golden Car Auto LLC,Wholesale Motor Vehicle Dealer,3235318708,Tucson,AZ,L10002545,State-licensed wholesale dealer - Sep 13 push
Larkin & Hidalgo Auto Sales,Wholesale Motor Vehicle Dealer,6618745623,Phoenix,AZ,L10002450,State-licensed wholesale dealer - Sep 13 push
RH ASSET WHOLESALE LLC,Wholesale Motor Vehicle Dealer,480-579-1700,GLENDALE,AZ,L10002392,State-licensed wholesale dealer - Sep 13 push
Scottsdale Pre-Owned LLC,Wholesale Motor Vehicle Dealer,4807455217,Scottsdale,AZ,L10002529,State-licensed wholesale dealer - Sep 13 push
AZ AUTO GIL LLC,Wholesale Motor Vehicle Dealer,480-332-4147,PHOENIX,AZ,L10002398,State-licensed wholesale dealer - Sep 13 push
Privilege LLC,Wholesale Motor Vehicle Dealer,6149625223,Mesa,AZ,L10002667,State-licensed wholesale dealer - Sep 13 push
ZEROMIL AUTO LLC,Wholesale Motor Vehicle Dealer,623-999-8320,PHOENIX,AZ,L10002423,State-licensed wholesale dealer - Sep 13 push
Dependable Auto Financial LLC,Wholesale Motor Vehicle Dealer,5208783281,Tucson,AZ,L10002436,State-licensed wholesale dealer - Sep 13 push
CRYSTAL MOTORS LLC,Wholesale Motor Vehicle Dealer,6028321941,PEORIA,AZ,L10002473,State-licensed wholesale dealer - Sep 13 push
GLNZCO INC.,Wholesale Motor Vehicle Dealer,619-990-0979,SCOTTSDALE,AZ,L10002422,State-licensed wholesale dealer - Sep 13 push
Moesauto LLC,Wholesale Motor Vehicle Dealer,6238506961,PHOENIX,AZ,L10002485,State-licensed wholesale dealer - Sep 13 push
All in one Detailing LLC,Wholesale Motor Vehicle Dealer,6029319267,Phoenix,AZ,L10002481,State-licensed wholesale dealer - Sep 13 push
Dessert Drive Motors,Wholesale Motor Vehicle Dealer,602-228-2182,Surprise,AZ,L10002445,State-licensed wholesale dealer - Sep 13 push
AB WHOLESALE LLC,Wholesale Motor Vehicle Dealer,6237346933,TOLLESON,AZ,L10002437,State-licensed wholesale dealer - Sep 13 push
AZ Elite Motors LLC,Wholesale Motor Vehicle Dealer,6027386420,San Tan Valley,AZ,L10002532,State-licensed wholesale dealer - Sep 13 push
A&E AUTOMOTIVE GROUP,Wholesale Motor Vehicle Dealer,7604423559,YUMA,AZ,L10002625,State-licensed wholesale dealer - Sep 13 push
BUDGET AUTO SALES & SERVICES LLC,Wholesale Motor Vehicle Dealer,6028778899,PHOENIX,AZ,L10002608,State-licensed wholesale dealer - Sep 13 push
SJ AUTO SALES LLC,Wholesale Motor Vehicle Dealer,6024758957,PEORIA,AZ,L10002548,State-licensed wholesale dealer - Sep 13 push
DANIL LLC,Wholesale Motor Vehicle Dealer,2077763631,PHOENIX,AZ,L10002629,State-licensed wholesale dealer - Sep 13 push
Green Dot Automotive LLC,Wholesale Motor Vehicle Dealer,703-926-1536,Scottsdale,AZ,L10003084,State-licensed wholesale dealer - Sep 13 push
Koritas Auto Sales LLC,Wholesale Motor Vehicle Dealer,6028729570,Phoenix,AZ,L10002536,State-licensed wholesale dealer - Sep 13 push
Skyline Auto LLC,Wholesale Motor Vehicle Dealer,4806780912,Maricopa,AZ,L10002711,State-licensed wholesale dealer - Sep 13 push
Canyon Car Sales LLC,Wholesale Motor Vehicle Dealer,6232010114,Peoria,AZ,L10002559,State-licensed wholesale dealer - Sep 13 push
"Vike, LLC",Wholesale Motor Vehicle Dealer,5083783050,Phoenix,AZ,L10002602,State-licensed wholesale dealer - Sep 13 push
EMPIRE MOTORSPORT LLC,Wholesale Motor Vehicle Dealer,4803409002,TOLLESON,AZ,L10002586,State-licensed wholesale dealer - Sep 13 push
AYM WHOLESALE LLC,Wholesale Motor Vehicle Dealer,6023277296,GLENDALE,AZ,L10002556,State-licensed wholesale dealer - Sep 13 push
Flamboyant Auto LLC,Wholesale Motor Vehicle Dealer,6024605213,Phoenix,AZ,L10002638,State-licensed wholesale dealer - Sep 13 push
Finance Funding LLC,Wholesale Motor Vehicle Dealer,6232827499,Glendale,AZ,L10002616,State-licensed wholesale dealer - Sep 13 push
"Prime Marc Motors, LLC",Wholesale Motor Vehicle Dealer,617-901-7390,Phoenix,AZ,L10002575,State-licensed wholesale dealer - Sep 13 push
Ebamu Auto LLC,Wholesale Motor Vehicle Dealer,480-578-0256,Laveen,AZ,L10002596,State-licensed wholesale dealer - Sep 13 push
ROYAL AUTO WORKS LLC,Wholesale Motor Vehicle Dealer,602-400-3600,GLENDALE,AZ,L10002551,State-licensed wholesale dealer - Sep 13 push
STAGE ONE AUTO WHOLESALE LLC,Wholesale Motor Vehicle Dealer,602-632-5556,PHOENIX,AZ,L10002552,State-licensed wholesale dealer - Sep 13 push
Star RV LLC,Wholesale Motor Vehicle Dealer,5204372289,Tucson,AZ,L10002601,State-licensed wholesale dealer - Sep 13 push
"Not Wife Approved, LLC",Wholesale Motor Vehicle Dealer,626-625-0967,Bullhead,AZ,L10002729,State-licensed wholesale dealer - Sep 13 push
BRIAN HAERING INC,Wholesale Motor Vehicle Dealer,6268909248,Chandler,AZ,L10002613,State-licensed wholesale dealer - Sep 13 push
NICE CONSULTING LLC,Wholesale Motor Vehicle Dealer,702-408-7672,SCOTTSDALE,AZ,L10002594,State-licensed wholesale dealer - Sep 13 push
Shawn Lidgard,Wholesale Motor Vehicle Dealer,602-885-9267,Avondale,AZ,L10002610,State-licensed wholesale dealer - Sep 13 push
Bitcar LLC,Wholesale Motor Vehicle Dealer,4806509673,Apache Junction,AZ,L10002627,State-licensed wholesale dealer - Sep 13 push
ARIZONA ROADS RV,Wholesale Motor Vehicle Dealer,818-406-7600,YUMA,AZ,L10002605,State-licensed wholesale dealer - Sep 13 push
TJ Rides LLC,Wholesale Motor Vehicle Dealer,6028771436,Phoenix,AZ,L10002847,State-licensed wholesale dealer - Sep 13 push
RJ WHOLESALE LLC,Wholesale Motor Vehicle Dealer,602-819-5490,Phoenix,AZ,L10002628,State-licensed wholesale dealer - Sep 13 push
JRS CARS LLC,Wholesale Motor Vehicle Dealer,7082965565,Scottsdale,AZ,L10002801,State-licensed wholesale dealer - Sep 13 push
INFINITE FUNDING LLC,Wholesale Motor Vehicle Dealer,480-737-9906,PHOENIX,AZ,L10002617,State-licensed wholesale dealer - Sep 13 push
CAPITAL AUTOS,Wholesale Motor Vehicle Dealer,520-990-0393,TUCSON,AZ,L10002839,State-licensed wholesale dealer - Sep 13 push
ARIZONA CAR CONNECTIONS LLC,Wholesale Motor Vehicle Dealer,4808453999,Laveen,AZ,L10002703,State-licensed wholesale dealer - Sep 13 push
Amana Credit Acceptance,Wholesale Motor Vehicle Dealer,7026824500,Dolan Springs,AZ,L10002731,State-licensed wholesale dealer - Sep 13 push
ASA Venture Group,Wholesale Motor Vehicle Dealer,4804350522,Phoenix,AZ,L10002746,State-licensed wholesale dealer - Sep 13 push
DCA Automotive LLC,Wholesale Motor Vehicle Dealer,6232906083,Phoenix,AZ,L10002712,State-licensed wholesale dealer - Sep 13 push
Phoenician Motors LLC,Wholesale Motor Vehicle Dealer,4807086406,Phoenix,AZ,L10002698,State-licensed wholesale dealer - Sep 13 push
K&D AUTO SERVICES INC,Wholesale Motor Vehicle Dealer,520-634-5166,MARICOPA,AZ,L10002631,State-licensed wholesale dealer - Sep 13 push
M1 AUTO INC,Wholesale Motor Vehicle Dealer,520-340-0440,PHOENIX,AZ,L10002635,State-licensed wholesale dealer - Sep 13 push
High Country Towing and Recovery INC,Wholesale Motor Vehicle Dealer,928-940-0040,Lakeside,AZ,L10002705,State-licensed wholesale dealer - Sep 13 push
Elite Syndicate Motorsports,Wholesale Motor Vehicle Dealer,5203710099,Laveen,AZ,L10002707,State-licensed wholesale dealer - Sep 13 push
ALL AMERICAN TRADES LLC,Wholesale Motor Vehicle Dealer,4805164235,Mesa,AZ,L10002684,State-licensed wholesale dealer - Sep 13 push
GZ Auto LLC,Wholesale Motor Vehicle Dealer,4805807446,Mesa,AZ,L10002692,State-licensed wholesale dealer - Sep 13 push
Saturn Classic Cars LLC,Wholesale Motor Vehicle Dealer,7736201164,Payson,AZ,L10002724,State-licensed wholesale dealer - Sep 13 push
BDC MOTORSPORTS,Wholesale Motor Vehicle Dealer,7145016961,Surprise,AZ,L10003335,State-licensed wholesale dealer - Sep 13 push
Great Value Auto,Wholesale Motor Vehicle Dealer,6024860123,phoenix,AZ,L10002826,State-licensed wholesale dealer - Sep 13 push
KF MOTORSPORTS LLC,Wholesale Motor Vehicle Dealer,480-341-8342,SCOTTSDALE,AZ,L10002676,State-licensed wholesale dealer - Sep 13 push
Opulence Motor Sports LLC,Wholesale Motor Vehicle Dealer,4802441180,Peoria,AZ,L10002808,State-licensed wholesale dealer - Sep 13 push
"Jbs Wholesale, LLC",Wholesale Motor Vehicle Dealer,4802270604,Chandler,AZ,L10002777,State-licensed wholesale dealer - Sep 13 push
A&Z10 LLC,Wholesale Motor Vehicle Dealer,480-886-7169,GLENDALE,AZ,L10002702,State-licensed wholesale dealer - Sep 13 push
Direct line auto group llc,Wholesale Motor Vehicle Dealer,6023089466,Phoenix,AZ,L10002811,State-licensed wholesale dealer - Sep 13 push
SJA Autos LLC,Wholesale Motor Vehicle Dealer,5202685449,Tucson,AZ,L10002802,State-licensed wholesale dealer - Sep 13 push
"Sonne, LLC",Wholesale Motor Vehicle Dealer,602-316-5555,Scottsdale,AZ,L10002738,State-licensed wholesale dealer - Sep 13 push
NEXTGEN INVESTMENT GROUP LLC,Wholesale Motor Vehicle Dealer,9178545276,PHOENIX,AZ,L10002787,State-licensed wholesale dealer - Sep 13 push
AZL Motors LLC,Wholesale Motor Vehicle Dealer,6027107402,Buckeye,AZ,L10002740,State-licensed wholesale dealer - Sep 13 push
IAE Group LLC,Wholesale Motor Vehicle Dealer,6235626939,LAVEEN,AZ,L10002797,State-licensed wholesale dealer - Sep 13 push
OMEGA AUTO SALES LLC,Wholesale Motor Vehicle Dealer,480-347-5090,PHOENIX,AZ,L10002733,State-licensed wholesale dealer - Sep 13 push
RACKD LLC,Wholesale Motor Vehicle Dealer,4803523434,Litchfield Park,AZ,L10002789,State-licensed wholesale dealer - Sep 13 push
Az Kickz LLC,Wholesale Motor Vehicle Dealer,4802068093,Laveen,AZ,L10002748,State-licensed wholesale dealer - Sep 13 push
Bahamut Auto LLC,Wholesale Motor Vehicle Dealer,6232809256,Peoria,AZ,L10002812,State-licensed wholesale dealer - Sep 13 push
BEST IN TRADE LLC,Wholesale Motor Vehicle Dealer,602-550-2089,GILBERT,AZ,L10002758,State-licensed wholesale dealer - Sep 13 push
Premiers Motors LLC,Wholesale Motor Vehicle Dealer,5203606322,Tucson,AZ,L10002805,State-licensed wholesale dealer - Sep 13 push
MCD Liquidation LLC,Wholesale Motor Vehicle Dealer,4803134157,MESA,AZ,L10002774,State-licensed wholesale dealer - Sep 13 push
Carfinity LLC,Wholesale Motor Vehicle Dealer,6024103459,avondale,AZ,L10002921,State-licensed wholesale dealer - Sep 13 push
EFFORTLESS AUTOMOTIVE GROUP LLC,Wholesale Motor Vehicle Dealer,623-698-6718,SURPISE,AZ,L10002757,State-licensed wholesale dealer - Sep 13 push
S&H Exotics LLC,Wholesale Motor Vehicle Dealer,6022450704,Glendale,AZ,L10002862,State-licensed wholesale dealer - Sep 13 push
DND WHOLESALE GROUP LLC,Wholesale Motor Vehicle Dealer,6237550490,Phoenix,AZ,L10002817,State-licensed wholesale dealer - Sep 13 push
Summit Auto Group LLC,Wholesale Motor Vehicle Dealer,6026181407,AVONDALE,AZ,L10002783,State-licensed wholesale dealer - Sep 13 push
OZCARS&TRUCKS LLC,Wholesale Motor Vehicle Dealer,623-387-2962,PHOENIX,AZ,L10002770,State-licensed wholesale dealer - Sep 13 push
Dank Industries,Wholesale Motor Vehicle Dealer,5203559479,tucson,AZ,L10002866,State-licensed wholesale dealer - Sep 13 push
IJOBA MOTORS LLC,Wholesale Motor Vehicle Dealer,14806699005,Surprise,AZ,L10002868,State-licensed wholesale dealer - Sep 13 push
DIAMOND AUTO DEALS LLC,Wholesale Motor Vehicle Dealer,5202737810,TUCSON,AZ,L10002830,State-licensed wholesale dealer - Sep 13 push
Astoria Motors,Wholesale Motor Vehicle Dealer,4806587378,Phoenix,AZ,L10003183,State-licensed wholesale dealer - Sep 13 push
Elite Motors AZ,Wholesale Motor Vehicle Dealer,9519070341,Quartzsite,AZ,L10003171,State-licensed wholesale dealer - Sep 13 push
Phoenix fine cars llc,Wholesale Motor Vehicle Dealer,9548825757,Mesa,AZ,L10002860,State-licensed wholesale dealer - Sep 13 push
ADNAN AUTO SALE LLC,Wholesale Motor Vehicle Dealer,520-270-1024,TUCSON,AZ,L10002800,State-licensed wholesale dealer - Sep 13 push
syria llc,Wholesale Motor Vehicle Dealer,6022500168,peoria,AZ,L10002850,State-licensed wholesale dealer - Sep 13 push
TALAMANTE AUTO SALES LLC,Wholesale Motor Vehicle Dealer,480-848-2460,LITCHFIELD PARK,AZ,L10002807,State-licensed wholesale dealer - Sep 13 push
MINT WHOLESALE LLC,Wholesale Motor Vehicle Dealer,4806163028,PHOENIX,AZ,L10002869,State-licensed wholesale dealer - Sep 13 push
Samir Feratovic,Wholesale Motor Vehicle Dealer,3473246167,Phoenix,AZ,L10003409,State-licensed wholesale dealer - Sep 13 push
SMART EAGLE LLC,Wholesale Motor Vehicle Dealer,2099001111,PHOENIX,AZ,L10002923,State-licensed wholesale dealer - Sep 13 push
Jays Auto Sales LLC,Wholesale Motor Vehicle Dealer,4809735111,Phoenix,AZ,L10002835,State-licensed wholesale dealer - Sep 13 push
Ace Motors llc,Wholesale Motor Vehicle Dealer,6027107535,Maricopa,AZ,L10002938,State-licensed wholesale dealer - Sep 13 push
EMU AUTO SALES LLC,Wholesale Motor Vehicle Dealer,602-919-7556,PHOENIX,AZ,L10002842,State-licensed wholesale dealer - Sep 13 push
East West Auto,Wholesale Motor Vehicle Dealer,480-241-4065,Glendale,AZ,L10002890,State-licensed wholesale dealer - Sep 13 push
B & B Auto,Wholesale Motor Vehicle Dealer,602-900-6501,Avondale,AZ,L10002982,State-licensed wholesale dealer - Sep 13 push
Prestige Imports LLC,Wholesale Motor Vehicle Dealer,630-301-1825,Mesa,AZ,L10002965,State-licensed wholesale dealer - Sep 13 push
RevLine Motorsports LLC,Wholesale Motor Vehicle Dealer,4802341702,Chandler,AZ,L10002933,State-licensed wholesale dealer - Sep 13 push
CANYON STATE FUNDING LLC,Wholesale Motor Vehicle Dealer,516-502-5030,GLENDALE,AZ,L10002863,State-licensed wholesale dealer - Sep 13 push
Los Estrada Auto Care LLC,Wholesale Motor Vehicle Dealer,6025269170,Phoenix,AZ,L10002882,State-licensed wholesale dealer - Sep 13 push
ARIZONA LENDING SOLUTIONS LLC,Wholesale Motor Vehicle Dealer,928-310-5921,PHOENIX,AZ,L10002861,State-licensed wholesale dealer - Sep 13 push
Convertibles4sale LLC,Wholesale Motor Vehicle Dealer,4806305964,Glendale,AZ,L10003087,State-licensed wholesale dealer - Sep 13 push
Throttle Throne Inc,Wholesale Motor Vehicle Dealer,9103200259,Peoira,AZ,L10002947,State-licensed wholesale dealer - Sep 13 push
Autos Usados Sanchez LLC,Wholesale Motor Vehicle Dealer,4805266668,GOODYEAR,AZ,L10002900,State-licensed wholesale dealer - Sep 13 push
IMPORT EXPORT AUTOMOTIVE LLC,Wholesale Motor Vehicle Dealer,6023804947,GLENDALE,AZ,L10002907,State-licensed wholesale dealer - Sep 13 push
Reidzo Classics LLC,Wholesale Motor Vehicle Dealer,4807974442,Phoenix,AZ,L10003097,State-licensed wholesale dealer - Sep 13 push
JICI WHOLESALE LLC,Wholesale Motor Vehicle Dealer,480-648-5681,PHOENIX,AZ,L10002883,State-licensed wholesale dealer - Sep 13 push
Lara Car Auto Sales llc,Wholesale Motor Vehicle Dealer,7178261853,Glendale,AZ,L10003111,State-licensed wholesale dealer - Sep 13 push
BIZ AZ LLC,Wholesale Motor Vehicle Dealer,5203127012,Tucson,AZ,L10003066,State-licensed wholesale dealer - Sep 13 push
Atlantic Auto Sales,Wholesale Motor Vehicle Dealer,7149002886,Gilbert,AZ,L10003410,State-licensed wholesale dealer - Sep 13 push
HRA REMARKETING LLC,Wholesale Motor Vehicle Dealer,4805161713,SCOTTSDALE,AZ,L10002957,State-licensed wholesale dealer - Sep 13 push
REDSEA AUTO SALES LLC,Wholesale Motor Vehicle Dealer,6024180615,PHOENIX,AZ,L10002966,State-licensed wholesale dealer - Sep 13 push
ZK Motorsports LLC,Wholesale Motor Vehicle Dealer,4804688822,maricopa,AZ,L10003005,State-licensed wholesale dealer - Sep 13 push
ELITE AUTO CONCEPT LLC,Wholesale Motor Vehicle Dealer,4807490832,Phoenix,AZ,L10002946,State-licensed wholesale dealer - Sep 13 push
Botosh Motors LLC,Wholesale Motor Vehicle Dealer,4806851787,Mesa,AZ,L10002958,State-licensed wholesale dealer - Sep 13 push
PLATINUM AUTO SALE LLC,Wholesale Motor Vehicle Dealer,6024590798,Glendale,AZ,L10002953,State-licensed wholesale dealer - Sep 13 push
TECHNOCAR AUTO SALES LLC,Wholesale Motor Vehicle Dealer,602-510-1876,Maricopa,AZ,L10002928,State-licensed wholesale dealer - Sep 13 push
CMA FINANCIAL LLC,Wholesale Motor Vehicle Dealer,623-418-9159,Phoenix,AZ,L10002973,State-licensed wholesale dealer - Sep 13 push
orosco wholesale llc,Wholesale Motor Vehicle Dealer,6024909994,phoenix,AZ,L10003131,State-licensed wholesale dealer - Sep 13 push
Next Level Motor Group LLC,Wholesale Motor Vehicle Dealer,623-826-6907,Mesa,AZ,L10003068,State-licensed wholesale dealer - Sep 13 push
Copper State Auto Wholesale LLC,Wholesale Motor Vehicle Dealer,6023494759,Tempe,AZ,L10003104,State-licensed wholesale dealer - Sep 13 push
Titanium Automotive LLC,Wholesale Motor Vehicle Dealer,480-231-6776,Phoenix,AZ,L10003018,State-licensed wholesale dealer - Sep 13 push
ROYALE AUTO,Wholesale Motor Vehicle Dealer,9493943410,Tolleson,AZ,L10003093,State-licensed wholesale dealer - Sep 13 push
Mark Motor Sports,Wholesale Motor Vehicle Dealer,6027377917,Goodyear,AZ,L10003012,State-licensed wholesale dealer - Sep 13 push
MO AUTOLUX LLC,Wholesale Motor Vehicle Dealer,9094418512,LITCHFIELD PARK,AZ,L10002977,State-licensed wholesale dealer - Sep 13 push
LK MGT LLC,Wholesale Motor Vehicle Dealer,480-797-1560,SCOTTSDALE,AZ,L10002961,State-licensed wholesale dealer - Sep 13 push
CORWIN AUTO EXCHANGE LLC,Wholesale Motor Vehicle Dealer,5204767673,PHOENIX,AZ,L10003056,State-licensed wholesale dealer - Sep 13 push
Momentum Motor Group LLC,Wholesale Motor Vehicle Dealer,404-790-5579,Phoenix,AZ,L10002994,State-licensed wholesale dealer - Sep 13 push
"AZ-GT, LLC",Wholesale Motor Vehicle Dealer,4804361340,Scottsdale,AZ,L10003086,State-licensed wholesale dealer - Sep 13 push
bros auto wholesales LLC,Wholesale Motor Vehicle Dealer,6029184518,Phoenix,AZ,L10003030,State-licensed wholesale dealer - Sep 13 push
Year Around Wholesale Dealer LLC,Wholesale Motor Vehicle Dealer,6232051120,Litchfield Park,AZ,L10003055,State-licensed wholesale dealer - Sep 13 push
48O LENDING LLC,Wholesale Motor Vehicle Dealer,623-383-1483,MESA,AZ,L10003107,State-licensed wholesale dealer - Sep 13 push
Reliance Oasis LLC,Wholesale Motor Vehicle Dealer,602-752-1060,Litchfield Park,AZ,L10003054,State-licensed wholesale dealer - Sep 13 push
Easy Rider Moto LLC,Wholesale Motor Vehicle Dealer,7147855232,Gilbert,AZ,L10003074,State-licensed wholesale dealer - Sep 13 push
Phoenix Quality Auto LLC,Wholesale Motor Vehicle Dealer,6027689035,Phoenix,AZ,L10003002,State-licensed wholesale dealer - Sep 13 push
Alliance Auto Wholesale LLC,Wholesale Motor Vehicle Dealer,5204063161,Tucson,AZ,L10003339,State-licensed wholesale dealer - Sep 13 push
PINNACLE AUTO GROUP LLC,Wholesale Motor Vehicle Dealer,4802082250,MESA,AZ,L10003034,State-licensed wholesale dealer - Sep 13 push
New Vision Motor Sports LLC,Wholesale Motor Vehicle Dealer,4804402925,Buckeye,AZ,L10003067,State-licensed wholesale dealer - Sep 13 push
LUKE AUTOS LLC,Wholesale Motor Vehicle Dealer,6028225082,Phoenix,AZ,L10003032,State-licensed wholesale dealer - Sep 13 push
SAMS CARS LLC,Wholesale Motor Vehicle Dealer,480-272-4309,GILBERT,AZ,L10003042,State-licensed wholesale dealer - Sep 13 push
Rick's Auto Wholesale,Wholesale Motor Vehicle Dealer,480-285-8842,Prescott,AZ,L10003040,State-licensed wholesale dealer - Sep 13 push
Caspi Pro LLC,Wholesale Motor Vehicle Dealer,4805149642,Scottsdale,AZ,L10003090,State-licensed wholesale dealer - Sep 13 push
Venator Investment Group LLC,Wholesale Motor Vehicle Dealer,928-255-7555,Flagstaff,AZ,L10003118,State-licensed wholesale dealer - Sep 13 push
AM Funding LLC,Wholesale Motor Vehicle Dealer,6028143045,Phoenix,AZ,L10003102,State-licensed wholesale dealer - Sep 13 push
AZ LUXURY AUTOSALES LLC,Wholesale Motor Vehicle Dealer,602-503-6768,PHOENIX,AZ,L10003025,State-licensed wholesale dealer - Sep 13 push
Western Turbo LLC,Wholesale Motor Vehicle Dealer,4805842208,Scottsdale,AZ,L10003185,State-licensed wholesale dealer - Sep 13 push
PRZ ARIZONA WHOLESALE,Wholesale Motor Vehicle Dealer,9282465361,SAN LUIS,AZ,L10003289,State-licensed wholesale dealer - Sep 13 push
JKA Motors LLC,Wholesale Motor Vehicle Dealer,7604970931,Phoenix,AZ,L10003105,State-licensed wholesale dealer - Sep 13 push
Rite of way llc,Wholesale Motor Vehicle Dealer,6239207664,Tolleson,AZ,L10003070,State-licensed wholesale dealer - Sep 13 push
TORQUE AND TIMBER AZ LLC,Wholesale Motor Vehicle Dealer,3092126323,Mesa,AZ,L10003174,State-licensed wholesale dealer - Sep 13 push
BROTHERS OF OTHER MOTHERS LLC,Wholesale Motor Vehicle Dealer,602-413-2478,MESA,AZ,L10003053,State-licensed wholesale dealer - Sep 13 push
GARAGE BROTHERS LLC,Wholesale Motor Vehicle Dealer,4804537653,BUCKEYE,AZ,L10003169,State-licensed wholesale dealer - Sep 13 push
GAP Auto LLC,Wholesale Motor Vehicle Dealer,6028591013,Chandler,AZ,L10003202,State-licensed wholesale dealer - Sep 13 push
Opulent Autohaus LLC,Wholesale Motor Vehicle Dealer,4807477720,Scottsdale,AZ,L10003317,State-licensed wholesale dealer - Sep 13 push
VILLAVICENCIO BUSINESS GROUP LLC,Wholesale Motor Vehicle Dealer,480-388-4408,MESA,AZ,L10003058,State-licensed wholesale dealer - Sep 13 push
TIANNOVATE SALES LLC,Wholesale Motor Vehicle Dealer,480-295-9927,PHOENIX,AZ,L10003100,State-licensed wholesale dealer - Sep 13 push
Sure Ride Wholesale LLC,Wholesale Motor Vehicle Dealer,6025541179,Gilbert,AZ,L10003108,State-licensed wholesale dealer - Sep 13 push
Phoenix Auto Plex LLC,Wholesale Motor Vehicle Dealer,9452512701,Phoenix,AZ,L10003109,State-licensed wholesale dealer - Sep 13 push
AlSharif AutoHaus LLC,Wholesale Motor Vehicle Dealer,8134621589,Chandler,AZ,L10003113,State-licensed wholesale dealer - Sep 13 push
LMCO AUTOMART,Wholesale Motor Vehicle Dealer,4802713166,Phoenix,AZ,L10003384,State-licensed wholesale dealer - Sep 13 push
Ayache Auto Group LLC,Wholesale Motor Vehicle Dealer,4805777716,Queen Creek,AZ,L10003193,State-licensed wholesale dealer - Sep 13 push
ELMO SKY LLC,Wholesale Motor Vehicle Dealer,5208585287,mesa,AZ,L10003266,State-licensed wholesale dealer - Sep 13 push
Not By Might Auto Consulting LLC,Wholesale Motor Vehicle Dealer,6233411557,Peoria,AZ,L10003120,State-licensed wholesale dealer - Sep 13 push
AAllcar Sales LLC,Wholesale Motor Vehicle Dealer,480-330-9690,Scottsdale,AZ,L10003187,State-licensed wholesale dealer - Sep 13 push
FORTUNATO ACCESS CAPITAL LLC,Wholesale Motor Vehicle Dealer,915-263-9045,PHOENIX,AZ,L10003096,State-licensed wholesale dealer - Sep 13 push
ABE DEL SOL LLC,Wholesale Motor Vehicle Dealer,520-869-0405,TUCSON,AZ,L10003269,State-licensed wholesale dealer - Sep 13 push
Land One Auto Sales LLC,Wholesale Motor Vehicle Dealer,6025497223,Mesa,AZ,L10003213,State-licensed wholesale dealer - Sep 13 push
"Madison Property Investments, LLC",Wholesale Motor Vehicle Dealer,6232669706,Glendale,AZ,L10003166,State-licensed wholesale dealer - Sep 13 push
Haulaway Storage Containers,Wholesale Motor Vehicle Dealer,4809664769,Phoenix,AZ,L10003429,State-licensed wholesale dealer - Sep 13 push
3 Rams LLC,Wholesale Motor Vehicle Dealer,6026326032,Avondale,AZ,L10003343,State-licensed wholesale dealer - Sep 13 push
ARAGON MOTORS LLC,Wholesale Motor Vehicle Dealer,6026174781,TUCSON,AZ,L10003237,State-licensed wholesale dealer - Sep 13 push
PELICAN AUTOMOTIVE LLC,Wholesale Motor Vehicle Dealer,8327909518,PHOENIX,AZ,L10003162,State-licensed wholesale dealer - Sep 13 push
Total Auto Finance llc,Wholesale Motor Vehicle Dealer,7023244795,Bullhead,AZ,L10003392,State-licensed wholesale dealer - Sep 13 push
A&P Custom Cars,Wholesale Motor Vehicle Dealer,6029184622,Glendale,AZ,L10003203,State-licensed wholesale dealer - Sep 13 push
XTREME AUTO EXCHANGE LLC,Wholesale Motor Vehicle Dealer,6026707474,BUCKEYE,AZ,L10003144,State-licensed wholesale dealer - Sep 13 push
Auto Haus LLC,Wholesale Motor Vehicle Dealer,4807900723,Scottsdale,AZ,L10003128,State-licensed wholesale dealer - Sep 13 push
TQ AUTO LLC,Wholesale Motor Vehicle Dealer,402-974-9140,GLENDALE,AZ,L10003124,State-licensed wholesale dealer - Sep 13 push
Elvis Anderson,Wholesale Motor Vehicle Dealer,4803221344,Wittman,AZ,L10003347,State-licensed wholesale dealer - Sep 13 push
REYAN AZZ AUTO WHOLESALES LLC,Wholesale Motor Vehicle Dealer,4809156569,PHOENIX,AZ,L10003163,State-licensed wholesale dealer - Sep 13 push
LK Motorsports LLC,Wholesale Motor Vehicle Dealer,4807386665,Phoenix,AZ,L10003192,State-licensed wholesale dealer - Sep 13 push
KAFZAR LLC,Wholesale Motor Vehicle Dealer,480-934-3578,CHANDLER,AZ,L10003141,State-licensed wholesale dealer - Sep 13 push
JMAK AUTO MART LLC,Wholesale Motor Vehicle Dealer,480-886-7148,APACHE JUNCTION,AZ,L10003148,State-licensed wholesale dealer - Sep 13 push
Trailridge Auto Brokers LLC,Wholesale Motor Vehicle Dealer,6029899890,peoria,AZ,L10003204,State-licensed wholesale dealer - Sep 13 push
ENJ Concepts LLC,Wholesale Motor Vehicle Dealer,6023613599,Cave Creek,AZ,L10003218,State-licensed wholesale dealer - Sep 13 push
Baig LLC,Wholesale Motor Vehicle Dealer,6127027432,Gilbert,AZ,L10003142,State-licensed wholesale dealer - Sep 13 push
AZ 48th LLC,Wholesale Motor Vehicle Dealer,602-770-8007,Florence,AZ,L10003184,State-licensed wholesale dealer - Sep 13 push
MEKRI Motors LLC,Wholesale Motor Vehicle Dealer,5209990638,Tucson,AZ,L10003219,State-licensed wholesale dealer - Sep 13 push
Alamos Motors LLC,Wholesale Motor Vehicle Dealer,5206038248,Tucson,AZ,L10003231,State-licensed wholesale dealer - Sep 13 push
"Reputable Auto Wholesale, LLC",Wholesale Motor Vehicle Dealer,4809322310,Chandler,AZ,L10003273,State-licensed wholesale dealer - Sep 13 push
ALOBA AUTOMOTIVE LLC,Wholesale Motor Vehicle Dealer,8324919590,Mesa,AZ,L10003225,State-licensed wholesale dealer - Sep 13 push
J Luxe Auto Brokers LLC,Wholesale Motor Vehicle Dealer,6027430728,PHOENIX,AZ,L10003182,State-licensed wholesale dealer - Sep 13 push
PRIMEMOTORSGROUP LLC,Wholesale Motor Vehicle Dealer,602-412-7030,PHOENIX,AZ,L10003179,State-licensed wholesale dealer - Sep 13 push
ITEC Solutions LLC,Wholesale Motor Vehicle Dealer,4803526034,mesa,AZ,L10003242,State-licensed wholesale dealer - Sep 13 push
Kelso Financial LLC,Wholesale Motor Vehicle Dealer,6232366685,PHOENIX,AZ,L10003253,State-licensed wholesale dealer - Sep 13 push
Vehicle Liquidators LLC,Wholesale Motor Vehicle Dealer,6026772037,PHOENIX,AZ,L10003414,State-licensed wholesale dealer - Sep 13 push
Xquisite Auto Sales LLC,Wholesale Motor Vehicle Dealer,6236661741,Phoenix,AZ,L10003341,State-licensed wholesale dealer - Sep 13 push
The Valley Auto Fleet LLC,Wholesale Motor Vehicle Dealer,6237346933,Tolleson,AZ,L10003226,State-licensed wholesale dealer - Sep 13 push
AR Auto Investments,Wholesale Motor Vehicle Dealer,6027431092,Peoria,AZ,L10003221,State-licensed wholesale dealer - Sep 13 push
"The Car Exchange, LLC",Wholesale Motor Vehicle Dealer,317-459-4301,Buckeye,AZ,L10003207,State-licensed wholesale dealer - Sep 13 push
Persian Motors LLC,Wholesale Motor Vehicle Dealer,5037500800,Phoenix,AZ,L10003270,State-licensed wholesale dealer - Sep 13 push
Showboating Performance LLC,Wholesale Motor Vehicle Dealer,7024723288,KINGMAN,AZ,L10003233,State-licensed wholesale dealer - Sep 13 push
PRINCESS AUTO SALES LLC,Wholesale Motor Vehicle Dealer,4803763032,GLENDALE,AZ,L10003280,State-licensed wholesale dealer - Sep 13 push
stac center llc,Wholesale Motor Vehicle Dealer,6027574577,Phoenix,AZ,L10003418,State-licensed wholesale dealer - Sep 13 push
PRIME AUTO PLACE ARIZONA LLC,Wholesale Motor Vehicle Dealer,5209550607,Phoenix,AZ,L10003254,State-licensed wholesale dealer - Sep 13 push
2B Logistics LLC,Wholesale Motor Vehicle Dealer,4807374155,Tonopah,AZ,L10003318,State-licensed wholesale dealer - Sep 13 push
Wholesale Time,Wholesale Motor Vehicle Dealer,520-479-9969,RIO RICO,AZ,L10003229,State-licensed wholesale dealer - Sep 13 push
Sundry Auto Sales LLC,Wholesale Motor Vehicle Dealer,6023942843,Buckeye,AZ,L10003235,State-licensed wholesale dealer - Sep 13 push
MOTORSPORTS OF AZ LLC,Wholesale Motor Vehicle Dealer,602-334-3096,SURPRISE,AZ,L10003222,State-licensed wholesale dealer - Sep 13 push
313 Automotive llc,Wholesale Motor Vehicle Dealer,5092799516,chandler,AZ,L10003330,State-licensed wholesale dealer - Sep 13 push
ZRH Wardak Auto LLC,Wholesale Motor Vehicle Dealer,6027563838,Phoenix,AZ,L10003245,State-licensed wholesale dealer - Sep 13 push
JXL Motorsports LLC,Wholesale Motor Vehicle Dealer,6025753397,buckeye,AZ,L10003366,State-licensed wholesale dealer - Sep 13 push
Lander auto sales LLC,Wholesale Motor Vehicle Dealer,7739511876,Peoria,AZ,L10003337,State-licensed wholesale dealer - Sep 13 push
Hawks Brokers LLC,Wholesale Motor Vehicle Dealer,480-343-7715,Queen Creek,AZ,L10003240,State-licensed wholesale dealer - Sep 13 push
Taylor Training Academy,Wholesale Motor Vehicle Dealer,3606004411,Peoria,AZ,L10003450,State-licensed wholesale dealer - Sep 13 push
Daniel King,Wholesale Motor Vehicle Dealer,6304400071,SCOTTSDALE,AZ,L10003275,State-licensed wholesale dealer - Sep 13 push
Adjusted Crown Transportation LLC,Wholesale Motor Vehicle Dealer,602-4358189,Phoenix,AZ,L10003536,State-licensed wholesale dealer - Sep 13 push
MAXVEL L.L.C,Wholesale Motor Vehicle Dealer,6027683367,Glendale,AZ,L10003256,State-licensed wholesale dealer - Sep 13 push
Surprise auto group llc,Wholesale Motor Vehicle Dealer,6029309504,Surprise,AZ,L10003309,State-licensed wholesale dealer - Sep 13 push
Ravic Enterprises LLC,Wholesale Motor Vehicle Dealer,7743121007,Phoenix,AZ,L10003382,State-licensed wholesale dealer - Sep 13 push
Grand Motors LLC,Wholesale Motor Vehicle Dealer,4807549763,GILBERT,AZ,L10003357,State-licensed wholesale dealer - Sep 13 push
No Code Motors LLC,Wholesale Motor Vehicle Dealer,4808654083,Phoenix,AZ,L10003264,State-licensed wholesale dealer - Sep 13 push
ALPHA AUTO WHOLESALE GROUP LLC,Wholesale Motor Vehicle Dealer,301-237-7799,GLENDALE,AZ,L10003265,State-licensed wholesale dealer - Sep 13 push
BFR Auto Exchange,Wholesale Motor Vehicle Dealer,4805107621,Mesa,AZ,L10003364,State-licensed wholesale dealer - Sep 13 push
M & N MOTORS LLC,Wholesale Motor Vehicle Dealer,8325086158,Phoenix,AZ,L10003293,State-licensed wholesale dealer - Sep 13 push
LOPEZ CAR MOTORS LLC,Wholesale Motor Vehicle Dealer,6026481019,EL MIRAGE,AZ,L10003282,State-licensed wholesale dealer - Sep 13 push
Elite Motors Group LLC,Wholesale Motor Vehicle Dealer,9287509637,Yuma,AZ,L10003327,State-licensed wholesale dealer - Sep 13 push
JMZ EXOTICS LLC,Wholesale Motor Vehicle Dealer,602-622-6164,PHOENIX,AZ,L10003272,State-licensed wholesale dealer - Sep 13 push
MDTK Prestige Exotics LLC,Wholesale Motor Vehicle Dealer,7602180475,PHOENIX,AZ,L10003336,State-licensed wholesale dealer - Sep 13 push
Gollo Auto Sales LLC,Wholesale Motor Vehicle Dealer,8326464364,Mesa,AZ,L10003383,State-licensed wholesale dealer - Sep 13 push
"Cardinal Custom Cars, LLC",Wholesale Motor Vehicle Dealer,602-790-3296,Phoenix,AZ,L10003277,State-licensed wholesale dealer - Sep 13 push
East Valley Automotive LLC,Wholesale Motor Vehicle Dealer,6026198914,Mesa,AZ,L10003315,State-licensed wholesale dealer - Sep 13 push
JEISEN TRANSPORT LLC,Wholesale Motor Vehicle Dealer,209-535-2825,SURPRISE,AZ,L10003292,State-licensed wholesale dealer - Sep 13 push
Flores Dealz LLC,Wholesale Motor Vehicle Dealer,4807917777,Litchfield Park,AZ,L10003286,State-licensed wholesale dealer - Sep 13 push
Buddy's Motors,Wholesale Motor Vehicle Dealer,951-313-1195,Quartzsite,AZ,L10003303,State-licensed wholesale dealer - Sep 13 push
BLUE SKY AUTO WHOLESALE LLC,Wholesale Motor Vehicle Dealer,602-290-3371,PHOENIX,AZ,L10003304,State-licensed wholesale dealer - Sep 13 push
Ward Auto Sales LLC,Wholesale Motor Vehicle Dealer,6027232376,Surprise,AZ,L10003310,State-licensed wholesale dealer - Sep 13 push
M & S TRANS LLC,Wholesale Motor Vehicle Dealer,623-414-7042,GLENDALE,AZ,L10003324,State-licensed wholesale dealer - Sep 13 push
Hayward Rides LLC,Wholesale Motor Vehicle Dealer,6263454048,Peoria,AZ,L10003358,State-licensed wholesale dealer - Sep 13 push
FENIX AUTO SALES LLC,Wholesale Motor Vehicle Dealer,6234285638,GLENDALE,AZ,L10003316,State-licensed wholesale dealer - Sep 13 push
A.L.E. HOLDING LLC,Wholesale Motor Vehicle Dealer,725-260-1197,TUCSON,AZ,L10003308,State-licensed wholesale dealer - Sep 13 push
UNIQUE AUTO EXCHANGE LLC,Wholesale Motor Vehicle Dealer,480-489-0589,PHOENIX,AZ,L10003325,State-licensed wholesale dealer - Sep 13 push
RIDE WITH GIO AUTO SALE LLC,Wholesale Motor Vehicle Dealer,602-397-9295,PHOENIX,AZ,L10003305,State-licensed wholesale dealer - Sep 13 push
nextwheel llc,Wholesale Motor Vehicle Dealer,4807877930,Avondale,AZ,L10003306,State-licensed wholesale dealer - Sep 13 push
"America's Auto Auction Phoenix, LLC",Wholesale Motor Vehicle Dealer,6202537766,Phoenix,AZ,L10003454,State-licensed wholesale dealer - Sep 13 push
Klaki Auto,Wholesale Motor Vehicle Dealer,6026576075,Laveen,AZ,L10003402,State-licensed wholesale dealer - Sep 13 push
Cobra Motor Sports LLC,Wholesale Motor Vehicle Dealer,6025072516,Glendale,AZ,L10003448,State-licensed wholesale dealer - Sep 13 push
7 STARS AUTO WHOLESALE LLC,Wholesale Motor Vehicle Dealer,602-600-8863,PEORIA,AZ,L10003333,State-licensed wholesale dealer - Sep 13 push
Ace Auto Sales LLC,Wholesale Motor Vehicle Dealer,6023359228,Phoenix,AZ,L10003404,State-licensed wholesale dealer - Sep 13 push
Sari Motors LLC,Wholesale Motor Vehicle Dealer,4803346147,Chandler,AZ,L10003505,State-licensed wholesale dealer - Sep 13 push
AI CARS LLC,Wholesale Motor Vehicle Dealer,6232826875,Peoria,AZ,L10003372,State-licensed wholesale dealer - Sep 13 push
D.G. AUTO REPAIR LLC,Wholesale Motor Vehicle Dealer,602-813-6727,PHOENIX,AZ,L10003334,State-licensed wholesale dealer - Sep 13 push
XMS LLC,Wholesale Motor Vehicle Dealer,602-460-6986,GOODYEAR,AZ,L10003356,State-licensed wholesale dealer - Sep 13 push
Furaheim LLC,Wholesale Motor Vehicle Dealer,6025991744,PHOENIX,AZ,L10003387,State-licensed wholesale dealer - Sep 13 push
Win Auto LLC,Wholesale Motor Vehicle Dealer,6232160072,Phoenix,AZ,L10003373,State-licensed wholesale dealer - Sep 13 push
Premium Auto LLC,Wholesale Motor Vehicle Dealer,602-649-8056,Phoenix,AZ,L10003346,State-licensed wholesale dealer - Sep 13 push
Southern Towing & Recovery LLC,Wholesale Motor Vehicle Dealer,4805491399,Phoenix,AZ,L10003435,State-licensed wholesale dealer - Sep 13 push
YUMA VALLEY AUTO WHOLESALE LLC,Wholesale Motor Vehicle Dealer,9282467353,Yuma,AZ,L10003412,State-licensed wholesale dealer - Sep 13 push
"Back in Gear Motors, LLC",Wholesale Motor Vehicle Dealer,4102079230,Paradise Valley,AZ,L10003405,State-licensed wholesale dealer - Sep 13 push
Automotive Legacy LLC,Wholesale Motor Vehicle Dealer,6025416262,Phoenix,AZ,L10003436,State-licensed wholesale dealer - Sep 13 push
RS AUTO WHOLESALE LLC,Wholesale Motor Vehicle Dealer,623-934-1324,PEORIA,AZ,L10003359,State-licensed wholesale dealer - Sep 13 push
Khavas Auto Sale LLC,Wholesale Motor Vehicle Dealer,4804388375,Glendale,AZ,L10003449,State-licensed wholesale dealer - Sep 13 push
PRETTY WHEELZ LLC,Wholesale Motor Vehicle Dealer,4807961967,AVONDALE,AZ,L10003391,State-licensed wholesale dealer - Sep 13 push
JM MOTORS LLC,Wholesale Motor Vehicle Dealer,602-475-1696,LITCHFIELD PARK,AZ,L10003408,State-licensed wholesale dealer - Sep 13 push
Shearers Auto Group LLC,Wholesale Motor Vehicle Dealer,6232747686,Scottsdale,AZ,L10003515,State-licensed wholesale dealer - Sep 13 push
E and M Auto Care,Wholesale Motor Vehicle Dealer,6024259900,Peoria,AZ,L10003531,State-licensed wholesale dealer - Sep 13 push
AGM AUTO GROUP LLC,Wholesale Motor Vehicle Dealer,480-957-9816,MESA,AZ,L10003375,State-licensed wholesale dealer - Sep 13 push
Forged AutoMotive LLC,Wholesale Motor Vehicle Dealer,6024818890,Glendale,AZ,L10003395,State-licensed wholesale dealer - Sep 13 push
Urban Used Cars LLC,Wholesale Motor Vehicle Dealer,6026682098,Surprise,AZ,L10003543,State-licensed wholesale dealer - Sep 13 push
ACE Auto Trading llc,Wholesale Motor Vehicle Dealer,4803749922,Mesa,AZ,L10003479,State-licensed wholesale dealer - Sep 13 push
Ramos Motor Sport LLC,Wholesale Motor Vehicle Dealer,602-860-2044,Phoenix,AZ,L10003478,State-licensed wholesale dealer - Sep 13 push
Moonlight Auto Sales LLC,Wholesale Motor Vehicle Dealer,4805724483,Glendale,AZ,L10003565,State-licensed wholesale dealer - Sep 13 push
Daat LLC,Wholesale Motor Vehicle Dealer,5203697379,Buckeye,AZ,L10003437,State-licensed wholesale dealer - Sep 13 push
GDL Motorsports LLC,Wholesale Motor Vehicle Dealer,4803923092,Tolleson,AZ,L10003440,State-licensed wholesale dealer - Sep 13 push
GRM Auto Group LLC,Wholesale Motor Vehicle Dealer,508-395-3652,Phoenix,AZ,L10003438,State-licensed wholesale dealer - Sep 13 push
Three Hearts Wholesale LLC,Wholesale Motor Vehicle Dealer,6786895007,Mesa,AZ,L10003524,State-licensed wholesale dealer - Sep 13 push
PRIME LANE MOTORS LLC,Wholesale Motor Vehicle Dealer,623-632-9572,AVONDALE,AZ,L10003397,State-licensed wholesale dealer - Sep 13 push
EC Auto Group LLC,Wholesale Motor Vehicle Dealer,5202745382,Tucson,AZ,L10003498,State-licensed wholesale dealer - Sep 13 push
Kabul AFG LLC,Wholesale Motor Vehicle Dealer,6232065528,Phoenix,AZ,L10003453,State-licensed wholesale dealer - Sep 13 push
Apex Trade & Logistics LLC,Wholesale Motor Vehicle Dealer,6199192928,Peoria,AZ,L10003485,State-licensed wholesale dealer - Sep 13 push
Blue Leaf LLC,Wholesale Motor Vehicle Dealer,602-758-9800,TEMPE,AZ,L10003470,State-licensed wholesale dealer - Sep 13 push
Exclusive Motors of Arizona LLC,Wholesale Motor Vehicle Dealer,602-357-5503,BULLHEAD CITY,AZ,L10003507,State-licensed wholesale dealer - Sep 13 push
L.PORTILLO MOTORSPORT LLC,Wholesale Motor Vehicle Dealer,602-312-2534,GLENDALE,AZ,L10003502,State-licensed wholesale dealer - Sep 13 push
Diamond Motors llc,Wholesale Motor Vehicle Dealer,4802666140,Phoenix,AZ,L10003471,State-licensed wholesale dealer - Sep 13 push
Diaz Wholesales & Rentals LLC,Wholesale Motor Vehicle Dealer,6232032612,Glendale,AZ,L10003535,State-licensed wholesale dealer - Sep 13 push
RQ Motor Company LLC,Wholesale Motor Vehicle Dealer,602-980-9664,Phoenix,AZ,L10003474,State-licensed wholesale dealer - Sep 13 push
Top Cars LLC,Wholesale Motor Vehicle Dealer,4806340627,San Tan Valley,AZ,L10003519,State-licensed wholesale dealer - Sep 13 push
JAMN-G LLC,Wholesale Motor Vehicle Dealer,6023887007,Glendale,AZ,L10003509,State-licensed wholesale dealer - Sep 13 push
TM Autos LLC,Wholesale Motor Vehicle Dealer,602-412-7516,GLENDALE,AZ,L10003488,State-licensed wholesale dealer - Sep 13 push
WILLYS AUTO WORKS LLC,Wholesale Motor Vehicle Dealer,602-370-5043,Peoria,AZ,L10003501,State-licensed wholesale dealer - Sep 13 push
Luxury 1 LLC,Wholesale Motor Vehicle Dealer,6024220922,Phoenix,AZ,L10003537,State-licensed wholesale dealer - Sep 13 push
Monza Motor Group,Wholesale Motor Vehicle Dealer,4803992067,Mesa,AZ,L10003577,State-licensed wholesale dealer - Sep 13 push
Vasa Wholesale Auto Group LLC,Wholesale Motor Vehicle Dealer,6027379889,Glendale,AZ,L10003521,State-licensed wholesale dealer - Sep 13 push
AOM Automotive LLC,Wholesale Motor Vehicle Dealer,6232528488,Glendale,AZ,L10003560,State-licensed wholesale dealer - Sep 13 push
DE LA VEGA MOTORS AZ,Wholesale Motor Vehicle Dealer,4803215723,Phoenix,AZ,L10003616,State-licensed wholesale dealer - Sep 13 push
Ninos Auto Sales LLC,Wholesale Motor Vehicle Dealer,6024103826,Peoria,AZ,L10003546,State-licensed wholesale dealer - Sep 13 push
NOGALES AUTO SALES INCORPORATED,Wholesale Motor Vehicle Dealer,5203772744,NOGALES,AZ,L10003526,State-licensed wholesale dealer - Sep 13 push
Dealerauctionservicesaz llc,Wholesale Motor Vehicle Dealer,4065990497,Scottsdale,AZ,L10003647,State-licensed wholesale dealer - Sep 13 push
Forza Motors LLC,Wholesale Motor Vehicle Dealer,4804374560,Phoenix,AZ,L10003561,State-licensed wholesale dealer - Sep 13 push
Corsali Motorsports LLC,Wholesale Motor Vehicle Dealer,602-900-3366,Phoenix,AZ,L10003538,State-licensed wholesale dealer - Sep 13 push
Apex CG Motor Group LLC,Wholesale Motor Vehicle Dealer,6024484097,Phoenix,AZ,L10003608,State-licensed wholesale dealer - Sep 13 push
Double M&J Enterprises LLC,Wholesale Motor Vehicle Dealer,5207882141,Maricopa,AZ,L10003587,State-licensed wholesale dealer - Sep 13 push
AACR Truck & Auto Sales LLC,Wholesale Motor Vehicle Dealer,9287505316,Chandler,AZ,L10003557,State-licensed wholesale dealer - Sep 13 push
BG Motor Group LLC,Wholesale Motor Vehicle Dealer,8474013400,Tempe,AZ,L10003613,State-licensed wholesale dealer - Sep 13 push
Desert Dogs Automotive llc,Wholesale Motor Vehicle Dealer,4802746947,San Tan Valley,AZ,L10003562,State-licensed wholesale dealer - Sep 13 push
AUTO ADVANTAGE OF ARIZONA LLC,Wholesale Motor Vehicle Dealer,605-490-3200,Carefree,AZ,L10003569,State-licensed wholesale dealer - Sep 13 push
"249 Auto, LLC",Wholesale Motor Vehicle Dealer,7207178942,Chandler,AZ,L10003556,State-licensed wholesale dealer - Sep 13 push
BDJ II Holdings LLC,Wholesale Motor Vehicle Dealer,602-513-1305,Glendale,AZ,L10003529,State-licensed wholesale dealer - Sep 13 push
Wellspring Auto LLC,Wholesale Motor Vehicle Dealer,6195817833,SAN TAN VALLEY,AZ,L10003633,State-licensed wholesale dealer - Sep 13 push
Freshlove Logistics LLC,Wholesale Motor Vehicle Dealer,4703315317,Maricopa,AZ,L10003657,State-licensed wholesale dealer - Sep 13 push
GIBSON AUTO SALES,Wholesale Motor Vehicle Dealer,6029215330,GLENDALE,AZ,L10003586,State-licensed wholesale dealer - Sep 13 push
YB auto wholesale,Wholesale Motor Vehicle Dealer,4806122231,Phoenix,AZ,L10003593,State-licensed wholesale dealer - Sep 13 push
Do The Most LLC,Wholesale Motor Vehicle Dealer,5206679196,Tucson,AZ,L10003579,State-licensed wholesale dealer - Sep 13 push
Carlux LLC,Wholesale Motor Vehicle Dealer,5205650776,Tucson,AZ,L10003612,State-licensed wholesale dealer - Sep 13 push
Sellers Select Imports LLC,Wholesale Motor Vehicle Dealer,4808430299,Chandler,AZ,L10003610,State-licensed wholesale dealer - Sep 13 push
GMB Auto Sale,Wholesale Motor Vehicle Dealer,4805899893,Goodyear,AZ,L10003625,State-licensed wholesale dealer - Sep 13 push
KENMINTS Motors LLC,Wholesale Motor Vehicle Dealer,5202510036,Surprise,AZ,L10003631,State-licensed wholesale dealer - Sep 13 push
Motivus Auto Wholesale LLC,Wholesale Motor Vehicle Dealer,6027912407,Phoenix,AZ,L10003622,State-licensed wholesale dealer - Sep 13 push
RMZ motorsports LLC,Wholesale Motor Vehicle Dealer,6029197810,Glendale,AZ,L10003639,State-licensed wholesale dealer - Sep 13 push
EMPIRE AUTO WHOLESALE LLC,Wholesale Motor Vehicle Dealer,6029307858,PHOENIX,AZ,L10003588,State-licensed wholesale dealer - Sep 13 push
Driven Exotics LLC,Wholesale Motor Vehicle Dealer,6237555318,Phoenix,AZ,L10003623,State-licensed wholesale dealer - Sep 13 push
Garley Motors LLC,Wholesale Motor Vehicle Dealer,6028389457,Phoenix,AZ,L10003621,State-licensed wholesale dealer - Sep 13 push
Platinum Ride Motors LLC,Wholesale Motor Vehicle Dealer,623-301-2569,GLENDALE,AZ,L10003584,State-licensed wholesale dealer - Sep 13 push
MB Group LLC,Wholesale Motor Vehicle Dealer,520-808-3132,Tempe,AZ,L10003598,State-licensed wholesale dealer - Sep 13 push
Cars For Rackz,Wholesale Motor Vehicle Dealer,6026160846,Phoenix,AZ,L10003590,State-licensed wholesale dealer - Sep 13 push
Desert Motor Group LLC,Wholesale Motor Vehicle Dealer,5204061316,Rio Rico,AZ,L10003624,State-licensed wholesale dealer - Sep 13 push
JMI Legacy,Wholesale Motor Vehicle Dealer,6024605739,Glendale,AZ,L10003672,State-licensed wholesale dealer - Sep 13 push
AZ ONE AUTO SALE LLC,Wholesale Motor Vehicle Dealer,4805796993,PHOENIX,AZ,L10003599,State-licensed wholesale dealer - Sep 13 push
Felix Auto LLC,Wholesale Motor Vehicle Dealer,6025446322,Phoenix,AZ,L10003614,State-licensed wholesale dealer - Sep 13 push
AZ Auto Trader LLC,Wholesale Motor Vehicle Dealer,623-329-8790,Avondale,AZ,L10003600,State-licensed wholesale dealer - Sep 13 push
Legacy Auto Wholesale LLC,Wholesale Motor Vehicle Dealer,602-515-5021,Phoenix,AZ,L10003591,State-licensed wholesale dealer - Sep 13 push
Prestigious Automotive LLC,Wholesale Motor Vehicle Dealer,6232063007,Laveen,AZ,L10003641,State-licensed wholesale dealer - Sep 13 push
Master A LLC,Wholesale Motor Vehicle Dealer,602-886-8322,Glendale,AZ,L10003615,State-licensed wholesale dealer - Sep 13 push
Copper Canyon Auto LLC,Wholesale Motor Vehicle Dealer,602-748-0302,Glendale,AZ,L10003618,State-licensed wholesale dealer - Sep 13 push
Wolf Auto LLC,Wholesale Motor Vehicle Dealer,4804100058,Gilbert,AZ,L10003658,State-licensed wholesale dealer - Sep 13 push
B2 Motors LLC,Wholesale Motor Vehicle Dealer,602-699-5509,Gilbert,AZ,L10003654,State-licensed wholesale dealer - Sep 13 push
European Cars LLC,Wholesale Motor Vehicle Dealer,602-323-6327,Avondale,AZ,L10003620,State-licensed wholesale dealer - Sep 13 push
KBB Auto LLC,Wholesale Motor Vehicle Dealer,4807661909,Mesa,AZ,L10003659,State-licensed wholesale dealer - Sep 13 push
Top Boyz Wholesale LLC,Wholesale Motor Vehicle Dealer,602-405-9232,Tolleson,AZ,L10003636,State-licensed wholesale dealer - Sep 13 push
Autos Arizona LLC,Wholesale Motor Vehicle Dealer,6026533956,Phoenix,AZ,L10003637,State-licensed wholesale dealer - Sep 13 push
Dealer of America INC,Wholesale Motor Vehicle Dealer,8328831708,Glendale,AZ,L10003673,State-licensed wholesale dealer - Sep 13 push
South Mountain Auto Wholesale LLC,Wholesale Motor Vehicle Dealer,4806587229,Phoenix,AZ,L10003671,State-licensed wholesale dealer - Sep 13 push
Breeze Motor Sport LLC,Wholesale Motor Vehicle Dealer,6023630548,Avondale,AZ,L10003662,State-licensed wholesale dealer - Sep 13 push
NNP Motors,Wholesale Motor Vehicle Dealer,480-729-1773,Phoenix,AZ,L10003650,State-licensed wholesale dealer - Sep 13 push
Bonita Auto Sales LLC,Wholesale Motor Vehicle Dealer,6025542113,Phoenix,AZ,L10003655,State-licensed wholesale dealer - Sep 13 push
Revline Motor Group LLC,Wholesale Motor Vehicle Dealer,4809780672,Phoenix,AZ,L10003675,State-licensed wholesale dealer - Sep 13 push
A & M International LLC,Wholesale Motor Vehicle Dealer,6023011240,Phoenix,AZ,L00014170,State-licensed wholesale dealer - Sep 13 push
A And A Auto,Wholesale Motor Vehicle Dealer,6025407237,Phoenix,AZ,L00005202,State-licensed wholesale dealer - Sep 13 push
A E Motors,Wholesale Motor Vehicle Dealer,6024107482,Phoenix,AZ,L00006555,State-licensed wholesale dealer - Sep 13 push
A T Wholesale LLC,Wholesale Motor Vehicle Dealer,6232230792,Peoria,AZ,L00016101,State-licensed wholesale dealer - Sep 13 push
A2R Auto LLC,Wholesale Motor Vehicle Dealer,6027930727,Mesa,AZ,L00016506,State-licensed wholesale dealer - Sep 13 push
AAA & M Auto Sales,Wholesale Motor Vehicle Dealer,6025798083,Phoenix,AZ,L00015569,State-licensed wholesale dealer - Sep 13 push
Acclaim Wholesalers Inc,Wholesale Motor Vehicle Dealer,5209716578,Vail,AZ,L00014401,State-licensed wholesale dealer - Sep 13 push
Activity Amt,Wholesale Motor Vehicle Dealer,6022990021,Phoenix,AZ,L00016785,State-licensed wholesale dealer - Sep 13 push
Adam Cars Wholesale LLC,Wholesale Motor Vehicle Dealer,6024725306,Glendale,AZ,L00016282,State-licensed wholesale dealer - Sep 13 push
Aghapy LLC,Wholesale Motor Vehicle Dealer,4802427687,Chandler,AZ,L00016447,State-licensed wholesale dealer - Sep 13 push
Alexandria LLC,Wholesale Motor Vehicle Dealer,602-736-7273,PHOENIX,AZ,L00015128,State-licensed wholesale dealer - Sep 13 push
Allied Auto Network LLC,Wholesale Motor Vehicle Dealer,4802172995,Phoenix,AZ,L00014249,State-licensed wholesale dealer - Sep 13 push
Alpha Group LLC,Wholesale Motor Vehicle Dealer,9077175917,Chandler,AZ,L00015801,State-licensed wholesale dealer - Sep 13 push
"Als Auto Sales, LLC.",Wholesale Motor Vehicle Dealer,6024596835,Phoenix,AZ,L00015058,State-licensed wholesale dealer - Sep 13 push
Always Rv Wholesale LLC,Wholesale Motor Vehicle Dealer,4807975156,Mesa,AZ,L00009918,State-licensed wholesale dealer - Sep 13 push
Amana Nation Company - Anc LLC,Wholesale Motor Vehicle Dealer,6022841866,Tempe,AZ,L00012793,State-licensed wholesale dealer - Sep 13 push
Amco,Wholesale Motor Vehicle Dealer,9282020095,Clarkdale,AZ,L00016437,State-licensed wholesale dealer - Sep 13 push
"American Motor Sales, LLC",Wholesale Motor Vehicle Dealer,5084505564,Gilbert,AZ,L00012267,State-licensed wholesale dealer - Sep 13 push
Ana Auto Wholesale LLC,Wholesale Motor Vehicle Dealer,6025024040,Phoenix,AZ,L00014269,State-licensed wholesale dealer - Sep 13 push
Andrea K Finkelstein Automotive,Wholesale Motor Vehicle Dealer,6023903534,Scottsdale,AZ,L00005994,State-licensed wholesale dealer - Sep 13 push
Archway Motors LLC,Wholesale Motor Vehicle Dealer,4805440798,Scottsdale,AZ,L00014964,State-licensed wholesale dealer - Sep 13 push
Arizona Capital Fins LLC,Wholesale Motor Vehicle Dealer,4802273615,Gilbert,AZ,L00011668,State-licensed wholesale dealer - Sep 13 push
Arlyn's LLC,Wholesale Motor Vehicle Dealer,6028141085,Avondale,AZ,L00015994,State-licensed wholesale dealer - Sep 13 push
Arod Holdings,Wholesale Motor Vehicle Dealer,6232308818,Phoenix,AZ,L00015854,State-licensed wholesale dealer - Sep 13 push
Arrowhead Auto Wholesale LLC,Wholesale Motor Vehicle Dealer,4802237413,Glendale,AZ,L00011669,State-licensed wholesale dealer - Sep 13 push
Arrowhead Unlimited,Wholesale Motor Vehicle Dealer,6023171829,Peoria,AZ,L00010882,State-licensed wholesale dealer - Sep 13 push
Art Enterprice LLC,Wholesale Motor Vehicle Dealer,6023152172,Scottsdale,AZ,L00014189,State-licensed wholesale dealer - Sep 13 push
Aswadi Wholesale Motor Vehicles,Wholesale Motor Vehicle Dealer,4804149308,Laveen,AZ,L00016120,State-licensed wholesale dealer - Sep 13 push
Aubreys Auto LLC,Wholesale Motor Vehicle Dealer,4807475422,Phoenix,AZ,L00014502,State-licensed wholesale dealer - Sep 13 push
Auto Bargain,Wholesale Motor Vehicle Dealer,6023347576,Phoenix,AZ,L00015209,State-licensed wholesale dealer - Sep 13 push
Auto Hut,Wholesale Motor Vehicle Dealer,4802783656,Glendale,AZ,L00016443,State-licensed wholesale dealer - Sep 13 push
Auto Outlet Sales Inc,Wholesale Motor Vehicle Dealer,9514965591,Lake Havasu City,AZ,L00016345,State-licensed wholesale dealer - Sep 13 push
Autojenis's,Wholesale Motor Vehicle Dealer,4806719238,Apache Junction,AZ,L00010969,State-licensed wholesale dealer - Sep 13 push
Autokenetic LLC,Wholesale Motor Vehicle Dealer,4802505879,Phoenix,AZ,L00013394,State-licensed wholesale dealer - Sep 13 push
Autonas,Wholesale Motor Vehicle Dealer,4805807752,Phoenix,AZ,L00011046,State-licensed wholesale dealer - Sep 13 push
Autos 4 Sale LLC,Wholesale Motor Vehicle Dealer,(602) 299-4755,Phoenix,AZ,L00016734,State-licensed wholesale dealer - Sep 13 push
Autostar Motorsports LLC,Wholesale Motor Vehicle Dealer,6026174255,Avondale,AZ,L00016362,State-licensed wholesale dealer - Sep 13 push
Avondale Motors LLC,Wholesale Motor Vehicle Dealer,602-703-2158,PEORIA,AZ,L00016314,State-licensed wholesale dealer - Sep 13 push
Aydin LLC,Wholesale Motor Vehicle Dealer,6023320587,Glendale,AZ,L00013632,State-licensed wholesale dealer - Sep 13 push
Az Auto LLC,Wholesale Motor Vehicle Dealer,602-617-6918,Phoenix,AZ,L00014734,State-licensed wholesale dealer - Sep 13 push
Az Auto Wholesale LLC,Wholesale Motor Vehicle Dealer,4809938286,MESA,AZ,L00010392,State-licensed wholesale dealer - Sep 13 push
Az One Stop Auto,Wholesale Motor Vehicle Dealer,4803432251,Laveen,AZ,L00016235,State-licensed wholesale dealer - Sep 13 push
Az West Auto LLC,Wholesale Motor Vehicle Dealer,6022004949,Glendale,AZ,L00011138,State-licensed wholesale dealer - Sep 13 push
Azwholesale Express LLC,Wholesale Motor Vehicle Dealer,6026019003,Phoenix,AZ,L00016717,State-licensed wholesale dealer - Sep 13 push
Banu Wholesale Automotive,Wholesale Motor Vehicle Dealer,6023808016,Glendale,AZ,L00013047,State-licensed wholesale dealer - Sep 13 push
Bardan Investments LLC,Wholesale Motor Vehicle Dealer,6037854600,Rio Verde,AZ,L00013997,State-licensed wholesale dealer - Sep 13 push
Bavarian Bimmer LLC,Wholesale Motor Vehicle Dealer,6027151297,Peoria,AZ,L00016487,State-licensed wholesale dealer - Sep 13 push
Belle Vista Imports LLC,Wholesale Motor Vehicle Dealer,6027406332,Cave Creek,AZ,L00014060,State-licensed wholesale dealer - Sep 13 push
Berlin Motors,Wholesale Motor Vehicle Dealer,6029092967,Phoenix,AZ,L00014034,State-licensed wholesale dealer - Sep 13 push
Best Auto Tech Inc,Wholesale Motor Vehicle Dealer,6024327978,Laveen,AZ,L00015404,State-licensed wholesale dealer - Sep 13 push
Black Hills Autobody Inc,Wholesale Motor Vehicle Dealer,9286495799,Cottonwood,AZ,L00008237,State-licensed wholesale dealer - Sep 13 push
Bpf Sales LLC,Wholesale Motor Vehicle Dealer,6027038592,Scottsdale,AZ,L00015293,State-licensed wholesale dealer - Sep 13 push
Bright Auto LLC,Wholesale Motor Vehicle Dealer,6023013082,Phoenix,AZ,L00015493,State-licensed wholesale dealer - Sep 13 push
Britalia LLC,Wholesale Motor Vehicle Dealer,4803288468,Scottsdale,AZ,L00014716,State-licensed wholesale dealer - Sep 13 push
"Bubobry, LLC",Wholesale Motor Vehicle Dealer,4803638252,Phoenix,AZ,L00011213,State-licensed wholesale dealer - Sep 13 push
Budget Cars LLC,Wholesale Motor Vehicle Dealer,6027188359,Glendale,AZ,L00015235,State-licensed wholesale dealer - Sep 13 push
Bullett Motors,Wholesale Motor Vehicle Dealer,4802823649,Apache Junction,AZ,L00016168,State-licensed wholesale dealer - Sep 13 push
C & M Wholesale LLC,Wholesale Motor Vehicle Dealer,6029307858,Phoenix,AZ,L00014852,State-licensed wholesale dealer - Sep 13 push
C & T Auto Wholesale LLC,Wholesale Motor Vehicle Dealer,6026955980,Phoenix,AZ,L00010530,State-licensed wholesale dealer - Sep 13 push
Caliber Auto Boat Sales,Wholesale Motor Vehicle Dealer,6022919893,Fountain Hills,AZ,L00005734,State-licensed wholesale dealer - Sep 13 push
Caliber Motor Company,Wholesale Motor Vehicle Dealer,602-684-6712,Scottsdale,AZ,L00006128,State-licensed wholesale dealer - Sep 13 push
California Trucks & Suvs Outlet LLC,Wholesale Motor Vehicle Dealer,4802701434,Scottsdale,AZ,L00012197,State-licensed wholesale dealer - Sep 13 push
Camelback Car Company,Wholesale Motor Vehicle Dealer,6024181736,Paradise Valley,AZ,L00005178,State-licensed wholesale dealer - Sep 13 push
Carmo Wholesale Dealer,Wholesale Motor Vehicle Dealer,6023869307,Phoenix,AZ,L00012418,State-licensed wholesale dealer - Sep 13 push
Chicago Import Auto Sales,Wholesale Motor Vehicle Dealer,6024020127,Phoenix,AZ,L00010457,State-licensed wholesale dealer - Sep 13 push
Chicali Auto Enterprise LLC,Wholesale Motor Vehicle Dealer,9282871910,Tolleson,AZ,L00015657,State-licensed wholesale dealer - Sep 13 push
Collector's Dream LLC,Wholesale Motor Vehicle Dealer,4803750772,Mesa,AZ,L00016727,State-licensed wholesale dealer - Sep 13 push
Competitive Motorsports LLC,Wholesale Motor Vehicle Dealer,602 684 2870,Phoenix,AZ,L00008169,State-licensed wholesale dealer - Sep 13 push
Continental Funding,Wholesale Motor Vehicle Dealer,9175020059,Phoenix,AZ,L00012338,State-licensed wholesale dealer - Sep 13 push
"Continental Trades, LLC",Wholesale Motor Vehicle Dealer,8016080566,Gilbert,AZ,L00013522,State-licensed wholesale dealer - Sep 13 push
Contreras Auto Sales LLC,Wholesale Motor Vehicle Dealer,6022977127,Laveen,AZ,L00016694,State-licensed wholesale dealer - Sep 13 push
Coqui Az LLC,Wholesale Motor Vehicle Dealer,6025852224,Laveen,AZ,L00016072,State-licensed wholesale dealer - Sep 13 push
Craig Ellis Company,Wholesale Motor Vehicle Dealer,6024301023,Gilbert,AZ,L00006037,State-licensed wholesale dealer - Sep 13 push
Cramer,Wholesale Motor Vehicle Dealer,6239103485,Sun City West,AZ,L00008657,State-licensed wholesale dealer - Sep 13 push
Cuda Auto Sales LLC,Wholesale Motor Vehicle Dealer,6023164451,Glendale,AZ,L00007080,State-licensed wholesale dealer - Sep 13 push
Cuda Inc,Wholesale Motor Vehicle Dealer,6023771215,Scottsdale,AZ,L00005467,State-licensed wholesale dealer - Sep 13 push
Cute Cars Wholesale LLC,Wholesale Motor Vehicle Dealer,4806127908,Chandler,AZ,L00011658,State-licensed wholesale dealer - Sep 13 push
Cycle Match LLC,Wholesale Motor Vehicle Dealer,4806942992,Scottsdale,AZ,L00008784,State-licensed wholesale dealer - Sep 13 push
Cytek-Hillsborough Ltd,Wholesale Motor Vehicle Dealer,480-596-1611,Scottsdale,AZ,L00006734,State-licensed wholesale dealer - Sep 13 push
D&Y Autos Wholesale,Wholesale Motor Vehicle Dealer,6029800076,Tolleson,AZ,L00016162,State-licensed wholesale dealer - Sep 13 push
David Dubois Enterprises,Wholesale Motor Vehicle Dealer,5202729836,Tucson,AZ,L00007769,State-licensed wholesale dealer - Sep 13 push
Dbs Marketing Group LLC,Wholesale Motor Vehicle Dealer,4802656255,San Tan Valley,AZ,L00015808,State-licensed wholesale dealer - Sep 13 push
Dealer Network Group Auto Wholesale,Wholesale Motor Vehicle Dealer,6027393325,Phoenix,AZ,L00008616,State-licensed wholesale dealer - Sep 13 push
Dealer Wholesale Inc,Wholesale Motor Vehicle Dealer,4807975805,Queen Creek,AZ,L00005772,State-licensed wholesale dealer - Sep 13 push
Desert Auto Sales,Wholesale Motor Vehicle Dealer,6233992880,Glendale,AZ,L00010535,State-licensed wholesale dealer - Sep 13 push
Desert Automotive LLC,Wholesale Motor Vehicle Dealer,520-940-5137,Sierra Vista,AZ,L00012886,State-licensed wholesale dealer - Sep 13 push
Desert Hills Rv LLC,Wholesale Motor Vehicle Dealer,6026158160,Phoenix,AZ,L00010164,State-licensed wholesale dealer - Sep 13 push
Desert Motors,Wholesale Motor Vehicle Dealer,5209801819,Rio Rico,AZ,L00014889,State-licensed wholesale dealer - Sep 13 push
Desperautos LLC,Wholesale Motor Vehicle Dealer,602-684-3644,Mesa,AZ,L00010560,State-licensed wholesale dealer - Sep 13 push
Diamond Rp Auto Sales LLC,Wholesale Motor Vehicle Dealer,4805778292,Phoenix,AZ,L00013118,State-licensed wholesale dealer - Sep 13 push
Dj Auto LLC,Wholesale Motor Vehicle Dealer,5163206925,Surprise,AZ,L00011368,State-licensed wholesale dealer - Sep 13 push
Dora's Auto For Import & Export Worldwide LLC,Wholesale Motor Vehicle Dealer,4806505091,Gilbert,AZ,L00011602,State-licensed wholesale dealer - Sep 13 push
Down The Road Motors,Wholesale Motor Vehicle Dealer,9283442254,Yuma,AZ,L00005685,State-licensed wholesale dealer - Sep 13 push
Drc Leasing Inc,Wholesale Motor Vehicle Dealer,8188873200,Chandler,AZ,L00012068,State-licensed wholesale dealer - Sep 13 push
Dream Cars Auto Sales,Wholesale Motor Vehicle Dealer,5208613413,Tucson,AZ,L00005227,State-licensed wholesale dealer - Sep 13 push
Drive N Buy Auto Wholesale LLC,Wholesale Motor Vehicle Dealer,4808125202,Phoenix,AZ,L00016197,State-licensed wholesale dealer - Sep 13 push
Drivetime Sales And Finance Company LLC,Wholesale Motor Vehicle Dealer,6028526736,Mesa,AZ,L00014159,State-licensed wholesale dealer - Sep 13 push
"Drivetime Sales And Finance Company, LLC",Wholesale Motor Vehicle Dealer,6028526736,Tempe,AZ,L00012288,State-licensed wholesale dealer - Sep 13 push
E Z Auto Exchange,Wholesale Motor Vehicle Dealer,6026793536,Sun City,AZ,L00005720,State-licensed wholesale dealer - Sep 13 push
Eac Financial,Wholesale Motor Vehicle Dealer,6233089141,Chandler,AZ,L00013123,State-licensed wholesale dealer - Sep 13 push
"East West Motors, LLC",Wholesale Motor Vehicle Dealer,6023390661,Litchfield Park,AZ,L00013485,State-licensed wholesale dealer - Sep 13 push
Eddie & Sons Customs LLC,Wholesale Motor Vehicle Dealer,6023172450,Surprise,AZ,L00016344,State-licensed wholesale dealer - Sep 13 push
"Empire Auto Deals, LLC",Wholesale Motor Vehicle Dealer,7184152988,Phoenix,AZ,L00012687,State-licensed wholesale dealer - Sep 13 push
Erubey's Motors Auto Wholesale,Wholesale Motor Vehicle Dealer,6026743386,Phoenix,AZ,L00014722,State-licensed wholesale dealer - Sep 13 push
Even Par Automotive,Wholesale Motor Vehicle Dealer,5203603586,Tucson,AZ,L00005211,State-licensed wholesale dealer - Sep 13 push
Ew Sales LLC,Wholesale Motor Vehicle Dealer,9283876740,Lake Havasu City,AZ,L00008608,State-licensed wholesale dealer - Sep 13 push
Excel Motors,Wholesale Motor Vehicle Dealer,6028202251,Litchfield Park,AZ,L00009102,State-licensed wholesale dealer - Sep 13 push
Exclusive Auto Remarketing LLC,Wholesale Motor Vehicle Dealer,4802487062,Scottsdale,AZ,L00015312,State-licensed wholesale dealer - Sep 13 push
Expressway Auto Wholesale,Wholesale Motor Vehicle Dealer,4803923667,Carefree,AZ,L00010235,State-licensed wholesale dealer - Sep 13 push
"Ez Now Auto Exchange, L.L.C.",Wholesale Motor Vehicle Dealer,480-440-1403,Surprise,AZ,L00014097,State-licensed wholesale dealer - Sep 13 push
Farmerzz Auto LLC,Wholesale Motor Vehicle Dealer,6023860021,Phoenix,AZ,L00012526,State-licensed wholesale dealer - Sep 13 push
"Fgf Serv, LLC",Wholesale Motor Vehicle Dealer,6027418389,Coolidge,AZ,L00012539,State-licensed wholesale dealer - Sep 13 push
Fili R Motors LLC,Wholesale Motor Vehicle Dealer,6232996456,Phoenix,AZ,L00016221,State-licensed wholesale dealer - Sep 13 push
Fine Line Auto Gallery LLC,Wholesale Motor Vehicle Dealer,4805586843,Queen Creek,AZ,L00015613,State-licensed wholesale dealer - Sep 13 push
Fjcm Group LLC,Wholesale Motor Vehicle Dealer,6026435723,Phoenix,AZ,L00014392,State-licensed wholesale dealer - Sep 13 push
Fleet Link Services,Wholesale Motor Vehicle Dealer,4809467500,Scottsdale,AZ,L00009088,State-licensed wholesale dealer - Sep 13 push
Fox Autos,Wholesale Motor Vehicle Dealer,5204040271,Tucson,AZ,L00005814,State-licensed wholesale dealer - Sep 13 push
Franco's Auto Sales,Wholesale Motor Vehicle Dealer,6028106685,Phoenix,AZ,L00007033,State-licensed wholesale dealer - Sep 13 push
Franklin Motors LLC,Wholesale Motor Vehicle Dealer,6028214439,Glendale,AZ,L00012107,State-licensed wholesale dealer - Sep 13 push
Frugal Trades LLC,Wholesale Motor Vehicle Dealer,3057782332,Scottsdale,AZ,L00015757,State-licensed wholesale dealer - Sep 13 push
G And B Auto LLC,Wholesale Motor Vehicle Dealer,6023167622,Mesa,AZ,L00009071,State-licensed wholesale dealer - Sep 13 push
Ganesh Enterprises 1 Inc,Wholesale Motor Vehicle Dealer,6027634114,Phoenix,AZ,L00005913,State-licensed wholesale dealer - Sep 13 push
Genesis Capital Group LLC,Wholesale Motor Vehicle Dealer,4807764000,Phoenix,AZ,L00012314,State-licensed wholesale dealer - Sep 13 push
Genesis Motors,Wholesale Motor Vehicle Dealer,6024300489,Phoenix,AZ,L00009183,State-licensed wholesale dealer - Sep 13 push
George's Cars LLC,Wholesale Motor Vehicle Dealer,6022845095,Phoenix,AZ,L00013089,State-licensed wholesale dealer - Sep 13 push
Gisa Investments LLC,Wholesale Motor Vehicle Dealer,6024996644,Scottsdale,AZ,L00005425,State-licensed wholesale dealer - Sep 13 push
Global Financial Services LLC,Wholesale Motor Vehicle Dealer,6023882589,Chandler,AZ,L00014444,State-licensed wholesale dealer - Sep 13 push
"Gm Remarketing, LLC",Wholesale Motor Vehicle Dealer,6025409659,Phoenix,AZ,L00013570,State-licensed wholesale dealer - Sep 13 push
Gonzalez Auto Sales LLC,Wholesale Motor Vehicle Dealer,6024837307,Phoenix,AZ,L00014791,State-licensed wholesale dealer - Sep 13 push
Good Buy Family LLC,Wholesale Motor Vehicle Dealer,6784674673,Phoenix,AZ,L00015386,State-licensed wholesale dealer - Sep 13 push
Gs Auto Sales LLC,Wholesale Motor Vehicle Dealer,6026897569,Glendale,AZ,L00015893,State-licensed wholesale dealer - Sep 13 push
Gutierrez Auto Wholesale LLC,Wholesale Motor Vehicle Dealer,6026777169,Phoenix,AZ,L00012345,State-licensed wholesale dealer - Sep 13 push
H & H Motorsports,Wholesale Motor Vehicle Dealer,5205095414,Laveen,AZ,L00016117,State-licensed wholesale dealer - Sep 13 push
H & M Truck Sales,Wholesale Motor Vehicle Dealer,6024329855,Phoenix,AZ,L00008368,State-licensed wholesale dealer - Sep 13 push
H And J Auto Sales LLC,Wholesale Motor Vehicle Dealer,6022909783,Peoria,AZ,L00011714,State-licensed wholesale dealer - Sep 13 push
H&J Auto Wholesale LLC,Wholesale Motor Vehicle Dealer,6235529428,Phoenix,AZ,L00015884,State-licensed wholesale dealer - Sep 13 push
H-M Auto Sales LLC,Wholesale Motor Vehicle Dealer,5203956791,Tucson,AZ,L00015191,State-licensed wholesale dealer - Sep 13 push
"Hd Auto Wholesale, LLC",Wholesale Motor Vehicle Dealer,6238244103,Peoria,AZ,L00013322,State-licensed wholesale dealer - Sep 13 push
Hershaw Development LLC,Wholesale Motor Vehicle Dealer,5205102988,Casa Grande,AZ,L00008161,State-licensed wholesale dealer - Sep 13 push
Highlane Auto Group,Wholesale Motor Vehicle Dealer,6024101408,Phoenix,AZ,L00011765,State-licensed wholesale dealer - Sep 13 push
"Holiday Mobile Marine, Inc",Wholesale Motor Vehicle Dealer,4806493234,Mesa,AZ,L00012221,State-licensed wholesale dealer - Sep 13 push
Houseright & Sons LLC,Wholesale Motor Vehicle Dealer,6025771716,Florence,AZ,L00014056,State-licensed wholesale dealer - Sep 13 push
Hubco Financial Services Inc,Wholesale Motor Vehicle Dealer,6026222226,Scottsdale,AZ,L00009196,State-licensed wholesale dealer - Sep 13 push
Hutch N Sons Investments,Wholesale Motor Vehicle Dealer,6026201856,Phoenix,AZ,L00005939,State-licensed wholesale dealer - Sep 13 push
I & S Auto Wholesale,Wholesale Motor Vehicle Dealer,6232106676,Glendale,AZ,L00009923,State-licensed wholesale dealer - Sep 13 push
Ifwg LLC,Wholesale Motor Vehicle Dealer,6232168391,Phoenix,AZ,L00016040,State-licensed wholesale dealer - Sep 13 push
Ihope Auto Sell LLC,Wholesale Motor Vehicle Dealer,9197713680,Mesa,AZ,L00016534,State-licensed wholesale dealer - Sep 13 push
Imports Auto Wholesale LLC,Wholesale Motor Vehicle Dealer,6023677634,Phoenix,AZ,L00007225,State-licensed wholesale dealer - Sep 13 push
J & S Auto Sales,Wholesale Motor Vehicle Dealer,9512612346,Yuma,AZ,L00015783,State-licensed wholesale dealer - Sep 13 push
J C Bemiss Investments LLC,Wholesale Motor Vehicle Dealer,6025659797,Scottsdale,AZ,L00008879,State-licensed wholesale dealer - Sep 13 push
J Moose Auto,Wholesale Motor Vehicle Dealer,4802272777,Chandler,AZ,L00012639,State-licensed wholesale dealer - Sep 13 push
Jade Auto Wholesale LLC,Wholesale Motor Vehicle Dealer,602-919-5116,Avondale,AZ,L00014615,State-licensed wholesale dealer - Sep 13 push
Jb Auto Brokers,Wholesale Motor Vehicle Dealer,6022069369,Tolleson,AZ,L00015536,State-licensed wholesale dealer - Sep 13 push
Jcj Auto Investments,Wholesale Motor Vehicle Dealer,6024211012,Phoenix,AZ,L00011514,State-licensed wholesale dealer - Sep 13 push
Jcj Motors,Wholesale Motor Vehicle Dealer,4805295092,Phoenix,AZ,L00015237,State-licensed wholesale dealer - Sep 13 push
Jck2 Enterprises LLC,Wholesale Motor Vehicle Dealer,5203070072,Vail,AZ,L00016089,State-licensed wholesale dealer - Sep 13 push
Jessway Express LLC,Wholesale Motor Vehicle Dealer,6028812269,Chandler,AZ,L00015970,State-licensed wholesale dealer - Sep 13 push
Jim Bogard Rv Center Inc,Wholesale Motor Vehicle Dealer,4808947374,Queen Creek,AZ,L00016588,State-licensed wholesale dealer - Sep 13 push
Jim Cerimeli LLC,Wholesale Motor Vehicle Dealer,6023774876,Scottsdale,AZ,L00005492,State-licensed wholesale dealer - Sep 13 push
Jim Spacone Wholesale,Wholesale Motor Vehicle Dealer,5202353966,Vail,AZ,L00006806,State-licensed wholesale dealer - Sep 13 push
Jo Jo Enterprises Llp,Wholesale Motor Vehicle Dealer,6023702138,Glendale,AZ,L00009676,State-licensed wholesale dealer - Sep 13 push
John Rao Collections,Wholesale Motor Vehicle Dealer,6025741906,Tempe,AZ,L00015539,State-licensed wholesale dealer - Sep 13 push
June Auto Wholesalers,Wholesale Motor Vehicle Dealer,9286150398,Gadsden,AZ,L00008525,State-licensed wholesale dealer - Sep 13 push
Junior Giants Auto Sales,Wholesale Motor Vehicle Dealer,4802276595,Tempe,AZ,L00007935,State-licensed wholesale dealer - Sep 13 push
Jw Online Marketing LLC,Wholesale Motor Vehicle Dealer,6022920467,Phoenix,AZ,L00014133,State-licensed wholesale dealer - Sep 13 push
Kadkael LLC,Wholesale Motor Vehicle Dealer,4808989696,Mesa,AZ,L00016280,State-licensed wholesale dealer - Sep 13 push
Karco LLC,Wholesale Motor Vehicle Dealer,6024884469,Phoenix,AZ,L00009994,State-licensed wholesale dealer - Sep 13 push
Keaton Co LLC,Wholesale Motor Vehicle Dealer,6232991215,Buckeye,AZ,L00016546,State-licensed wholesale dealer - Sep 13 push
Ksk International,Wholesale Motor Vehicle Dealer,6023152381,Glendale,AZ,L00012897,State-licensed wholesale dealer - Sep 13 push
Ksm Automotive LLC,Wholesale Motor Vehicle Dealer,4802581223,New River,AZ,L00008082,State-licensed wholesale dealer - Sep 13 push
L & M Autos,Wholesale Motor Vehicle Dealer,6025155642,Phoenix,AZ,L00010940,State-licensed wholesale dealer - Sep 13 push
Lavinia Auto Sales LLC,Wholesale Motor Vehicle Dealer,6022288454,Phoenix,AZ,L00013904,State-licensed wholesale dealer - Sep 13 push
Leegate Wholesale Autos LLC,Wholesale Motor Vehicle Dealer,6232062311,Phoenix,AZ,L00014420,State-licensed wholesale dealer - Sep 13 push
Legendary Auto LLC,Wholesale Motor Vehicle Dealer,6029198181,Glendale,AZ,L00015098,State-licensed wholesale dealer - Sep 13 push
Len's Auto Brokerage,Wholesale Motor Vehicle Dealer,5209076655,Tucson,AZ,L00016582,State-licensed wholesale dealer - Sep 13 push
Lizarraga Auto Wholesale LLC,Wholesale Motor Vehicle Dealer,6025054141,Phoenix,AZ,L00014402,State-licensed wholesale dealer - Sep 13 push
Lo-Lowz Automotive Wholesale Dealer,Wholesale Motor Vehicle Dealer,4805801737,Black Canyon City,AZ,L00012265,State-licensed wholesale dealer - Sep 13 push
Loud Wholesale Auto Sales LLC,Wholesale Motor Vehicle Dealer,4807210063,Tempe,AZ,L00012595,State-licensed wholesale dealer - Sep 13 push
Lsx Motorsports Wholesale,Wholesale Motor Vehicle Dealer,4806789416,Phoenix,AZ,L00014956,State-licensed wholesale dealer - Sep 13 push
Luck Auto Group LLC,Wholesale Motor Vehicle Dealer,6232561876,Glendale,AZ,L00016503,State-licensed wholesale dealer - Sep 13 push
Ludger Remarketing LLC,Wholesale Motor Vehicle Dealer,4802020419,Chandler,AZ,L00010281,State-licensed wholesale dealer - Sep 13 push
Lukas Motors Wholesale,Wholesale Motor Vehicle Dealer,6025707207,Phoenix,AZ,L00007933,State-licensed wholesale dealer - Sep 13 push
Luther Car Company Inc,Wholesale Motor Vehicle Dealer,6026252265,Peoria,AZ,L00007735,State-licensed wholesale dealer - Sep 13 push
M & L Auto Sales,Wholesale Motor Vehicle Dealer,6025006019,Phoenix,AZ,L00016347,State-licensed wholesale dealer - Sep 13 push
M.A.S. Autos,Wholesale Motor Vehicle Dealer,6027504334,Gilbert,AZ,L00008196,State-licensed wholesale dealer - Sep 13 push
Maae Investments LLC,Wholesale Motor Vehicle Dealer,6235707934,Litchfield Park,AZ,L00013619,State-licensed wholesale dealer - Sep 13 push
Maato's Auto Inc,Wholesale Motor Vehicle Dealer,6238889547,Peoria,AZ,L00013995,State-licensed wholesale dealer - Sep 13 push
Macavoy Auto Wholesale,Wholesale Motor Vehicle Dealer,6023391555,Mesa,AZ,L00010009,State-licensed wholesale dealer - Sep 13 push
Matabi Auto Sales LLC,Wholesale Motor Vehicle Dealer,6023583396,GLENDALE,AZ,L00013628,State-licensed wholesale dealer - Sep 13 push
Max Auto And Body Shop,Wholesale Motor Vehicle Dealer,602-518-8079,Peoria,AZ,L00011519,State-licensed wholesale dealer - Sep 13 push
Mendoza Brothers Cars,Wholesale Motor Vehicle Dealer,6506905863,Glendale,AZ,L00013839,State-licensed wholesale dealer - Sep 13 push
Metro Auto Sales,Wholesale Motor Vehicle Dealer,9095609800,Peoria,AZ,L00005460,State-licensed wholesale dealer - Sep 13 push
Metro Motors,Wholesale Motor Vehicle Dealer,6024307417,Paradise Valley,AZ,L00005834,State-licensed wholesale dealer - Sep 13 push
Metro Storage Systems LLC,Wholesale Motor Vehicle Dealer,8168985433,Scottsdale,AZ,L00016442,State-licensed wholesale dealer - Sep 13 push
Mike Eickmeyer Enterprises LLC,Wholesale Motor Vehicle Dealer,5202411148,Glendale,AZ,L00011903,State-licensed wholesale dealer - Sep 13 push
Miracle Motors LLC,Wholesale Motor Vehicle Dealer,6023215210,Chandler,AZ,L00016373,State-licensed wholesale dealer - Sep 13 push
"Mjm Auto Sales, LLC",Wholesale Motor Vehicle Dealer,6024033302,Phoenix,AZ,L00013636,State-licensed wholesale dealer - Sep 13 push
Mlr Enterprise,Wholesale Motor Vehicle Dealer,6027216855,Phoenix,AZ,L00005926,State-licensed wholesale dealer - Sep 13 push
Mo Wholesale,Wholesale Motor Vehicle Dealer,6236662194,Phoenix,AZ,L00013211,State-licensed wholesale dealer - Sep 13 push
Moab Industries,Wholesale Motor Vehicle Dealer,9287136244,Prescott,AZ,L00010680,State-licensed wholesale dealer - Sep 13 push
Moekm Body Shop LLC,Wholesale Motor Vehicle Dealer,4808452748,Glendale,AZ,L00016257,State-licensed wholesale dealer - Sep 13 push
Moji Auto Sales LLC,Wholesale Motor Vehicle Dealer,6023691456,Phoenix,AZ,L00015666,State-licensed wholesale dealer - Sep 13 push
Monze Auto Group,Wholesale Motor Vehicle Dealer,6026170359,Phoenix,AZ,L00013159,State-licensed wholesale dealer - Sep 13 push
Motoradore LLC,Wholesale Motor Vehicle Dealer,6023840820,Sun City,AZ,L00015670,State-licensed wholesale dealer - Sep 13 push
Motorsports Auto Group Az LLC,Wholesale Motor Vehicle Dealer,4802991423,Scottsdale,AZ,L00014188,State-licensed wholesale dealer - Sep 13 push
Moyes Auto And Marine Wholesale,Wholesale Motor Vehicle Dealer,4803101200,Glendale,AZ,L00010995,State-licensed wholesale dealer - Sep 13 push
Mozafari Auto LLC,Wholesale Motor Vehicle Dealer,4802212501,Phoenix,AZ,L00013580,State-licensed wholesale dealer - Sep 13 push
Mr Imports LLC,Wholesale Motor Vehicle Dealer,4802520059,Tempe,AZ,L00016692,State-licensed wholesale dealer - Sep 13 push
Munoz Auto Sales LLC,Wholesale Motor Vehicle Dealer,6026537804,Phoenix,AZ,L00016625,State-licensed wholesale dealer - Sep 13 push
Mvs Auto Sales LLC,Wholesale Motor Vehicle Dealer,6028201692,Phoenix,AZ,L00016081,State-licensed wholesale dealer - Sep 13 push
N Z Transports,Wholesale Motor Vehicle Dealer,4804529993,Mesa,AZ,L00006899,State-licensed wholesale dealer - Sep 13 push
N-Baro Auction Team Wholesale Motor Vehicle Dealer,Wholesale Motor Vehicle Dealer,5209913544,Marana,AZ,L00011416,State-licensed wholesale dealer - Sep 13 push
Nathan LLC,Wholesale Motor Vehicle Dealer,6027679088,Phoenix,AZ,L00015532,State-licensed wholesale dealer - Sep 13 push
Navris Cars,Wholesale Motor Vehicle Dealer,5203314346,Peoria,AZ,L00013634,State-licensed wholesale dealer - Sep 13 push
Never Ever Satisfied Classic Muscle Cars LLC,Wholesale Motor Vehicle Dealer,6026205588,Cave Creek,AZ,L00006008,State-licensed wholesale dealer - Sep 13 push
New Culture Auto Collision,Wholesale Motor Vehicle Dealer,6234195629,Buckeye,AZ,L00016146,State-licensed wholesale dealer - Sep 13 push
"Next Motor Sport, LLC",Wholesale Motor Vehicle Dealer,562-441-7474,AVONDALE,AZ,L00012778,State-licensed wholesale dealer - Sep 13 push
Nmp Auto,Wholesale Motor Vehicle Dealer,6269450836,Yuma,AZ,L00008595,State-licensed wholesale dealer - Sep 13 push
North City Auto Sales LLC,Wholesale Motor Vehicle Dealer,6022834674,Phoenix,AZ,L00016188,State-licensed wholesale dealer - Sep 13 push
North Shore LLC,Wholesale Motor Vehicle Dealer,4802500738,Tempe,AZ,L00010348,State-licensed wholesale dealer - Sep 13 push
Northern Arizona Wholesale LLC,Wholesale Motor Vehicle Dealer,9283802790,Phoenix,AZ,L00015638,State-licensed wholesale dealer - Sep 13 push
Oc Auto Sales Wholesalers LLC,Wholesale Motor Vehicle Dealer,6026538983,Tolleson,AZ,L00014341,State-licensed wholesale dealer - Sep 13 push
OCampo Auto Sales,Wholesale Motor Vehicle Dealer,6237646467,Tolleson,AZ,L00012799,State-licensed wholesale dealer - Sep 13 push
Ocautomotive LLC,Wholesale Motor Vehicle Dealer,4807687557,Scottsdale,AZ,L00010431,State-licensed wholesale dealer - Sep 13 push
"OPENLANE US, Inc.",Wholesale Motor Vehicle Dealer,3172494216,Mesa,AZ,L00011885,State-licensed wholesale dealer - Sep 13 push
Ortiz Auto Wholesale,Wholesale Motor Vehicle Dealer,6232103131,Peoria,AZ,L00006089,State-licensed wholesale dealer - Sep 13 push
Ortiz Sales LLC,Wholesale Motor Vehicle Dealer,602-413-9270,PHOENIX,AZ,L00015920,State-licensed wholesale dealer - Sep 13 push
Pacific Financial Auto LLC,Wholesale Motor Vehicle Dealer,6022969292,Tolleson,AZ,L00014110,State-licensed wholesale dealer - Sep 13 push
Pacific Funding,Wholesale Motor Vehicle Dealer,6023545003,Phoenix,AZ,L00012268,State-licensed wholesale dealer - Sep 13 push
Pan Motors LLC,Wholesale Motor Vehicle Dealer,6029896761,Phoenix,AZ,L00006923,State-licensed wholesale dealer - Sep 13 push
Perez Auto Sale LLC,Wholesale Motor Vehicle Dealer,4807217413,Maricopa,AZ,L00015621,State-licensed wholesale dealer - Sep 13 push
Performance Truck Sales Inc,Wholesale Motor Vehicle Dealer,4802017872,Queen Creek,AZ,L00010485,State-licensed wholesale dealer - Sep 13 push
Popowski Wholesale LLC,Wholesale Motor Vehicle Dealer,6236933358,Surprise,AZ,L00010469,State-licensed wholesale dealer - Sep 13 push
"Power Auto Sales, LLC",Wholesale Motor Vehicle Dealer,6233741896,Phoenix,AZ,L00012671,State-licensed wholesale dealer - Sep 13 push
"Prime West Finance Company, Inc.",Wholesale Motor Vehicle Dealer,4802449400,Mesa,AZ,L00013594,State-licensed wholesale dealer - Sep 13 push
"R & K M Enterprises, LLC",Wholesale Motor Vehicle Dealer,5204812103,Tucson,AZ,L00012718,State-licensed wholesale dealer - Sep 13 push
R & R Dent Removal Inc,Wholesale Motor Vehicle Dealer,6027437485,Chandler,AZ,L00011752,State-licensed wholesale dealer - Sep 13 push
R & R Wholesale Auto Inc,Wholesale Motor Vehicle Dealer,6128496350,Mesa,AZ,L00010160,State-licensed wholesale dealer - Sep 13 push
"Ramo Ent, Inc.",Wholesale Motor Vehicle Dealer,6232010110,Goodyear,AZ,L00015221,State-licensed wholesale dealer - Sep 13 push
Randolph Ezrre Wholesale Auto Sales,Wholesale Motor Vehicle Dealer,6232233951,Rio Rico,AZ,L00010721,State-licensed wholesale dealer - Sep 13 push
Rbm Auto Sales LLC,Wholesale Motor Vehicle Dealer,6027687212,Phoenix,AZ,L00014386,State-licensed wholesale dealer - Sep 13 push
Resto Pro Motors LLC,Wholesale Motor Vehicle Dealer,9283738888,Yuma,AZ,L00015460,State-licensed wholesale dealer - Sep 13 push
Rio Grande Auto Sales LLC,Wholesale Motor Vehicle Dealer,6029197577,Phoenix,AZ,L00015172,State-licensed wholesale dealer - Sep 13 push
Rohde O Auto Sales LLC,Wholesale Motor Vehicle Dealer,4808201562,Tempe,AZ,L00014832,State-licensed wholesale dealer - Sep 13 push
Romes Sales LLC,Wholesale Motor Vehicle Dealer,6362192308,Mesa,AZ,L00016747,State-licensed wholesale dealer - Sep 13 push
Round Tables LLC,Wholesale Motor Vehicle Dealer,6026101072,Phoenix,AZ,L00015113,State-licensed wholesale dealer - Sep 13 push
RPM Investments,Wholesale Motor Vehicle Dealer,6028186707,Mesa,AZ,L00006117,State-licensed wholesale dealer - Sep 13 push
Rt Motor Company Wholesale Motor Vehicle Dealer LLC,Wholesale Motor Vehicle Dealer,6027918651,Laveen,AZ,L00014932,State-licensed wholesale dealer - Sep 13 push
S & S Equity LLC,Wholesale Motor Vehicle Dealer,4806889337,Scottsdale,AZ,L00016780,State-licensed wholesale dealer - Sep 13 push
Saif Auto Sales,Wholesale Motor Vehicle Dealer,6027032388,Phoenix,AZ,L00015667,State-licensed wholesale dealer - Sep 13 push
Sam Auto LLC,Wholesale Motor Vehicle Dealer,6027508218,Glendale,AZ,L00014371,State-licensed wholesale dealer - Sep 13 push
"Sanders Exchange, LLC",Wholesale Motor Vehicle Dealer,4803475927,Phoenix,AZ,L00011383,State-licensed wholesale dealer - Sep 13 push
Scott Motors LLC,Wholesale Motor Vehicle Dealer,9287136006,Prescott,AZ,L00015848,State-licensed wholesale dealer - Sep 13 push
Scottsdale 101 Management LLC,Wholesale Motor Vehicle Dealer,4804214480,TEMPE,AZ,L00012953,State-licensed wholesale dealer - Sep 13 push
Sees Financial LLC,Wholesale Motor Vehicle Dealer,6026537337,Scottsdale,AZ,L00010714,State-licensed wholesale dealer - Sep 13 push
Sgr Autosales,Wholesale Motor Vehicle Dealer,4802277499,Scottsdale,AZ,L00010725,State-licensed wholesale dealer - Sep 13 push
Shaw Butte Auto Sales,Wholesale Motor Vehicle Dealer,6239862573,Glendale,AZ,L00016360,State-licensed wholesale dealer - Sep 13 push
Sheehan & Associates LLC,Wholesale Motor Vehicle Dealer,4802157675,Tempe,AZ,L00009524,State-licensed wholesale dealer - Sep 13 push
Signature Motors,Wholesale Motor Vehicle Dealer,7738954125,Tucson,AZ,L00009876,State-licensed wholesale dealer - Sep 13 push
SORDUM'S AUTO DEALERSHIP LLC,Wholesale Motor Vehicle Dealer,6232626243,Phoenix,AZ,L00013717,State-licensed wholesale dealer - Sep 13 push
Sorena Auto Sales LLC,Wholesale Motor Vehicle Dealer,480-388-7047,GILBERT,AZ,L00016709,State-licensed wholesale dealer - Sep 13 push
Southwest Auto Specialties LLC,Wholesale Motor Vehicle Dealer,6233985564,Phoenix,AZ,L00015284,State-licensed wholesale dealer - Sep 13 push
Southwest Car Rental And Sales LLC,Wholesale Motor Vehicle Dealer,6026258918,Scottsdale,AZ,L00013718,State-licensed wholesale dealer - Sep 13 push
Southwest Car Sales And Leasing LLC,Wholesale Motor Vehicle Dealer,6022841296,Mesa,AZ,L00011150,State-licensed wholesale dealer - Sep 13 push
Southwest Fleet Management LLC,Wholesale Motor Vehicle Dealer,4803430241,Mesa,AZ,L00007246,State-licensed wholesale dealer - Sep 13 push
Southwestern Capital LLC,Wholesale Motor Vehicle Dealer,6023260631,Mesa,AZ,L00009720,State-licensed wholesale dealer - Sep 13 push
Speed Automotive LLC,Wholesale Motor Vehicle Dealer,4803301228,Chandler,AZ,L00014094,State-licensed wholesale dealer - Sep 13 push
Sroufe Enterprises,Wholesale Motor Vehicle Dealer,6022458902,Phoenix,AZ,L00007969,State-licensed wholesale dealer - Sep 13 push
Streamline Collision Center LLC,Wholesale Motor Vehicle Dealer,623-939-3033,PHOENIX,AZ,L00011215,State-licensed wholesale dealer - Sep 13 push
Street Elite Auto,Wholesale Motor Vehicle Dealer,6027029333,Mesa,AZ,L00010889,State-licensed wholesale dealer - Sep 13 push
Suaqui Auto Sales LLC,Wholesale Motor Vehicle Dealer,4808421997,Tolleson,AZ,L00014223,State-licensed wholesale dealer - Sep 13 push
Summit Automotive,Wholesale Motor Vehicle Dealer,6023210604,Peoria,AZ,L00015555,State-licensed wholesale dealer - Sep 13 push
Summit Motor Sports LLC,Wholesale Motor Vehicle Dealer,4805290363,Queen Creek,AZ,L00016039,State-licensed wholesale dealer - Sep 13 push
Sundancer Motors Inc,Wholesale Motor Vehicle Dealer,6023769121,Phoenix,AZ,L00016034,State-licensed wholesale dealer - Sep 13 push
T C Wholesale,Wholesale Motor Vehicle Dealer,4804529482,Gilbert,AZ,L00005476,State-licensed wholesale dealer - Sep 13 push
Tbs Motorsports,Wholesale Motor Vehicle Dealer,6027573660,Cave Creek,AZ,L00012421,State-licensed wholesale dealer - Sep 13 push
Teamcore Fitness Group of Arizona LLC,Wholesale Motor Vehicle Dealer,6022901413,Gilbert,AZ,L00015988,State-licensed wholesale dealer - Sep 13 push
The Corcoran Corporation,Wholesale Motor Vehicle Dealer,9289258228,Prescott,AZ,L00005835,State-licensed wholesale dealer - Sep 13 push
The Jans-Way Corporation,Wholesale Motor Vehicle Dealer,7022745578,Avondale,AZ,L00013289,State-licensed wholesale dealer - Sep 13 push
The Pit Stop,Wholesale Motor Vehicle Dealer,480-250-8050,Mesa,AZ,L00005499,State-licensed wholesale dealer - Sep 13 push
"Tjb Automotive, Inc.",Wholesale Motor Vehicle Dealer,6028184530,Phoenix,AZ,L00006740,State-licensed wholesale dealer - Sep 13 push
Tomegah Auto Sales,Wholesale Motor Vehicle Dealer,4808655244,Phoenix,AZ,L00015154,State-licensed wholesale dealer - Sep 13 push
Top Model Autos,Wholesale Motor Vehicle Dealer,4802485621,Tempe,AZ,L00010831,State-licensed wholesale dealer - Sep 13 push
Trans Pacific Leasing LLC,Wholesale Motor Vehicle Dealer,4802217978,Phoenix,AZ,L00009338,State-licensed wholesale dealer - Sep 13 push
Tremont Investments LLC,Wholesale Motor Vehicle Dealer,6462618868,Phoenix,AZ,L00015839,State-licensed wholesale dealer - Sep 13 push
Tri Star Transporting & Towing Inc,Wholesale Motor Vehicle Dealer,6235612181,Phoenix,AZ,L00009699,State-licensed wholesale dealer - Sep 13 push
Tri State Auto Group Inc,Wholesale Motor Vehicle Dealer,9284120505,Lake Havasu City,AZ,L00015182,State-licensed wholesale dealer - Sep 13 push
Triple B Auto Wholesale LLC,Wholesale Motor Vehicle Dealer,5204430767,Tucson,AZ,L00016554,State-licensed wholesale dealer - Sep 13 push
Twins Auto Sales,Wholesale Motor Vehicle Dealer,6023805406,Phoenix,AZ,L00014776,State-licensed wholesale dealer - Sep 13 push
Ultimate Trade LLC,Wholesale Motor Vehicle Dealer,4803346737,Scottsdale,AZ,L00015052,State-licensed wholesale dealer - Sep 13 push
United Motors LLC,Wholesale Motor Vehicle Dealer,4802316776,Gilbert,AZ,L00008193,State-licensed wholesale dealer - Sep 13 push
Usaaa,Wholesale Motor Vehicle Dealer,480406212,Glendale,AZ,L00016082,State-licensed wholesale dealer - Sep 13 push
Valeo Ventures LLC,Wholesale Motor Vehicle Dealer,4807977935,Scottsdale,AZ,L00005286,State-licensed wholesale dealer - Sep 13 push
Valley Desert Wheels LLC,Wholesale Motor Vehicle Dealer,4808234135,Phoenix,AZ,L00015800,State-licensed wholesale dealer - Sep 13 push
Valleywide Resort Homes LLC,Wholesale Motor Vehicle Dealer,6025402787,Mesa,AZ,L00016765,State-licensed wholesale dealer - Sep 13 push
Van's Auto Sales,Wholesale Motor Vehicle Dealer,6232564760,Waddell,AZ,L00005699,State-licensed wholesale dealer - Sep 13 push
Vankop Enterprises LLC,Wholesale Motor Vehicle Dealer,5209041010,Tucson,AZ,L00014088,State-licensed wholesale dealer - Sep 13 push
"W & H Wholesale Auto, LLC",Wholesale Motor Vehicle Dealer,4803182271,Phoenix,AZ,L00012763,State-licensed wholesale dealer - Sep 13 push
W A Wholesale LLC,Wholesale Motor Vehicle Dealer,6023326803,Phoenix,AZ,L00014365,State-licensed wholesale dealer - Sep 13 push
W-S Auto Expert,Wholesale Motor Vehicle Dealer,7147159469,Golden Valley,AZ,L00014041,State-licensed wholesale dealer - Sep 13 push
W8Ght of The World LLC,Wholesale Motor Vehicle Dealer,6023034875,Phoenix,AZ,L00016234,State-licensed wholesale dealer - Sep 13 push
Walkers Car Corral,Wholesale Motor Vehicle Dealer,6023977249,Tempe,AZ,L00005940,State-licensed wholesale dealer - Sep 13 push
All Cars Sales LLC,Wholesale Motor Vehicle Dealer,6028142397,Phoenix,AZ,L00016115,State-licensed wholesale dealer - Sep 13 push
Waypoint Acceptance LLC,Wholesale Motor Vehicle Dealer,7026821445,Lake Havasu City,AZ,L00014251,State-licensed wholesale dealer - Sep 13 push
West Auto LLC,Wholesale Motor Vehicle Dealer,4804148913,Phoenix,AZ,L00015421,State-licensed wholesale dealer - Sep 13 push
West Fargo Group LLC,Wholesale Motor Vehicle Dealer,6022909933,Phoenix,AZ,L00015452,State-licensed wholesale dealer - Sep 13 push
Wfl Investments,Wholesale Motor Vehicle Dealer,602-245-4498,AVONDALE,AZ,L00015353,State-licensed wholesale dealer - Sep 13 push
Wholesaledealerlive.Com LLC,Wholesale Motor Vehicle Dealer,714-450-2963,CHANDLER,AZ,L00015197,State-licensed wholesale dealer - Sep 13 push
Wise Choice Rv LLC,Wholesale Motor Vehicle Dealer,6025108834,MESA,AZ,L00016693,State-licensed wholesale dealer - Sep 13 push
Woloszyns Used Cars Inc,Wholesale Motor Vehicle Dealer,6024996865,Glendale,AZ,L00011173,State-licensed wholesale dealer - Sep 13 push
Wolves Auto Sales LLC,Wholesale Motor Vehicle Dealer,6024668405,Phoenix,AZ,L00015969,State-licensed wholesale dealer - Sep 13 push
World Wide Car Company LLC,Wholesale Motor Vehicle Dealer,4802394572,Chandler,AZ,L00009592,State-licensed wholesale dealer - Sep 13 push
Wye LLC,Wholesale Motor Vehicle Dealer,6027368502,Tolleson,AZ,L00016568,State-licensed wholesale dealer - Sep 13 push
Wynn Auto Broker,Wholesale Motor Vehicle Dealer,2095950725,Glendale,AZ,L00012622,State-licensed wholesale dealer - Sep 13 push
Zee Auto Sales,Wholesale Motor Vehicle Dealer,6233360705,Glendale,AZ,L00013867,State-licensed wholesale dealer - Sep 13 push
Zion Wholesale Motor Vehicle Dealer,Wholesale Motor Vehicle Dealer,7576091193,Buckeye,AZ,L00011307,State-licensed wholesale dealer - Sep 13 push
Zys Auto Export Inc,Wholesale Motor Vehicle Dealer,2138641598,Mesa,AZ,L00012537,State-licensed wholesale dealer - Sep 13 push
Bionex Autos LLC,Wholesale Motor Vehicle Dealer,5755198343,Tempe,AZ,L00016797,State-licensed wholesale dealer - Sep 13 push
Cv Auto Sales,Wholesale Motor Vehicle Dealer,9282823118,Camp Verde,AZ,L00016672,State-licensed wholesale dealer - Sep 13 push
Et Auto LLC,Wholesale Motor Vehicle Dealer,6028835967,Phoenix,AZ,L00016793,State-licensed wholesale dealer - Sep 13 push
Maximo Auto Sales LLC,Wholesale Motor Vehicle Dealer,623-216-1951,Glendale,AZ,L00016825,State-licensed wholesale dealer - Sep 13 push
Ranch 2 Auto Sales LLC,Wholesale Motor Vehicle Dealer,6023940591,Phoenix,AZ,L00016794,State-licensed wholesale dealer - Sep 13 push
Vtwins Auto Source LLC,Wholesale Motor Vehicle Dealer,602-516-4470,Goodyear,AZ,L00016603,State-licensed wholesale dealer - Sep 13 push
Aloha Motors,Wholesale Motor Vehicle Dealer,6023763623,Scottsdale,AZ,L00005742,State-licensed wholesale dealer - Sep 13 push
Cash Time Title Loans Inc,Wholesale Motor Vehicle Dealer,4809944559,Phoenix,AZ,L00005324,State-licensed wholesale dealer - Sep 13 push
Trade Link International,Wholesale Motor Vehicle Dealer,4802751369,Chandler,AZ,L00010315,State-licensed wholesale dealer - Sep 13 push
"NEW HORIZON CARE, INC.",Wholesale Motor Vehicle Dealer,480-567-6764,PHOENIX,AZ,L10000042,State-licensed wholesale dealer - Sep 13 push
"Runway Motorsports, LLC",Wholesale Motor Vehicle Dealer,8604717210,Tucson,AZ,L10000060,State-licensed wholesale dealer - Sep 13 push
Apple Tree Brokers LLC,Wholesale Motor Vehicle Dealer,6234988111,Peoria,AZ,L10000111,State-licensed wholesale dealer - Sep 13 push
DRL GROUP LLC,Wholesale Motor Vehicle Dealer,480-372-6305,Surprise,AZ,L10000202,State-licensed wholesale dealer - Sep 13 push
M & F AUTO LLC,Wholesale Motor Vehicle Dealer,6023805504,Phoenix,AZ,L10000168,State-licensed wholesale dealer - Sep 13 push
N & S Motors,Wholesale Motor Vehicle Dealer,7736811485,Glendale,AZ,L10000337,State-licensed wholesale dealer - Sep 13 push
HORIZON CREDIT ACCEPTANCE LLC,Wholesale Motor Vehicle Dealer,6027413926,PHOENIX,AZ,L10000233,State-licensed wholesale dealer - Sep 13 push
Calbert Auto Sales LLC,Wholesale Motor Vehicle Dealer,6026907310,Chandler,AZ,L10000275,State-licensed wholesale dealer - Sep 13 push
"Usa Car Rental, Inc",Wholesale Motor Vehicle Dealer,602-432-0397,Phoenix,AZ,L10000298,State-licensed wholesale dealer - Sep 13 push
PRIMETIME PERFORMANCE LLC,Wholesale Motor Vehicle Dealer,4809048881,MESA,AZ,L10000415,State-licensed wholesale dealer - Sep 13 push
Trailers FBSO,Wholesale Motor Vehicle Dealer,404-379-1186,Phoenix,AZ,L10000151,State-licensed wholesale dealer - Sep 13 push
BLUELINE INVESTMENT INC,Wholesale Motor Vehicle Dealer,(858) 208-5403,YUMA,AZ,L10000296,State-licensed wholesale dealer - Sep 13 push
Sterling Services LLC,Wholesale Motor Vehicle Dealer,602-332-0879,Laveen,AZ,L10000479,State-licensed wholesale dealer - Sep 13 push
Nationwide Auto Resale LLC,Wholesale Motor Vehicle Dealer,5204197979,Tucson,AZ,L10000261,State-licensed wholesale dealer - Sep 13 push
Medic Motors,Wholesale Motor Vehicle Dealer,520-481-9330,TUCSON,AZ,L10000257,State-licensed wholesale dealer - Sep 13 push
ANATION AUTO GROUP,Wholesale Motor Vehicle Dealer,6025744054,PHOENIX,AZ,L10000326,State-licensed wholesale dealer - Sep 13 push
IMB MOTORS LLC,Wholesale Motor Vehicle Dealer,602-410-7841,PHOENIX,AZ,L10000209,State-licensed wholesale dealer - Sep 13 push
JM AUTO GROUP LLC,Wholesale Motor Vehicle Dealer,6237604417,TOLLESON,AZ,L10000354,State-licensed wholesale dealer - Sep 13 push
Matteo auto sales LLC,Wholesale Motor Vehicle Dealer,6029199617,Phoenix,AZ,L10000359,State-licensed wholesale dealer - Sep 13 push
"NAD, LLC",Wholesale Motor Vehicle Dealer,602-516-2214,PHOENIX,AZ,L10000212,State-licensed wholesale dealer - Sep 13 push
Peters' Cars Inc.,Wholesale Motor Vehicle Dealer,406-250-4125,Avondale,AZ,L10000319,State-licensed wholesale dealer - Sep 13 push
HA AUTO SALES LLC,Wholesale Motor Vehicle Dealer,6027757067,PHOENIX,AZ,L10000477,State-licensed wholesale dealer - Sep 13 push
Exotic automotive LLC,Wholesale Motor Vehicle Dealer,6026007644,Glendale,AZ,L10000362,State-licensed wholesale dealer - Sep 13 push
