"Name","Category","Phone","City","State","License Number","Why Kept"
"#2 Hauling Truck Sales & Service","Motor Vehicle Dealer (general)","(308) 338-9097","Kearney","NE","DL06965","State-licensed dealer - Sep 13 push"
"1049 Diesel Truck Sales, LLC","Motor Vehicle Dealer (general)","(270) 487-7974","Tompkinsville","KY","336926086","State-licensed dealer - Sep 13 push"
"1081 Auto Mart LLC","Motor Vehicle Dealer (general)","(606) 349-4286","Salyersville","KY","222826077","State-licensed dealer - Sep 13 push"
"10X AUTO","Wholesale Motor Vehicle Dealer","480-886-4059","GLENDALE","AZ","L10001357","State-licensed wholesale dealer - Sep 13 push"
"1231 GROUP LLC","Wholesale Motor Vehicle Dealer","(727)953-2475","LARGO","FL","1150407-1","State-licensed wholesale dealer - Sep 13 push"
"1366 Auto Sales LLC","Motor Vehicle Dealer (general)","(270) 457-3829","Tompkinsville","KY","590326086","State-licensed dealer - Sep 13 push"
"14 M Auto Sales","Motor Vehicle Dealer (general)","(402) 325-8450","Lincoln","NE","DL06996","State-licensed dealer - Sep 13 push"
"150 Auto Sales","Motor Vehicle Dealer (general)","(606) 365-1384","Stanford","KY","37326069","State-licensed dealer - Sep 13 push"
"1590 Auto Sales, LLC","Motor Vehicle Dealer (general)","(606) 387-4210","Albany","KY","60626027","State-licensed dealer - Sep 13 push"
"1st Choice Auto Sales LLC","Motor Vehicle Dealer (general)","(270) 790-2500","Bowling Green","KY","583726114","State-licensed dealer - Sep 13 push"
"1ST CHOICE WHOLESALE AUTO LLC","Wholesale Motor Vehicle Dealer","5207297877","TUCSON","AZ","L10001706","State-licensed wholesale dealer - Sep 13 push"
"1st Class Auto","Motor Vehicle Dealer (general)","(402) 387-2420","Ainsworth","NE","DL06388","State-licensed dealer - Sep 13 push"
"1st Drive","Wholesale Dealer License","(432) 923-9661","Midland","TX","P133347W","State-licensed wholesale dealer - Sep 13 push"
"1st GEAR AUTO SALES LLC","Wholesale Dealer License","(346) 399-2202","SUGAR LAND","TX","P165339W","State-licensed wholesale dealer - Sep 13 push"
"1st Stop Auto Sales","Motor Vehicle Dealer (general)","","Providence","RI","26","State-licensed dealer - Sep 13 push"
"2 Men Auto Sales","Motor Vehicle Dealer (general)","(402) 238-3330","Bennington","NE","DL05291","State-licensed dealer - Sep 13 push"
"22 Automotive","Motor Vehicle Dealer (general)","(402) 314-3094","Milford","NE","DL07224","State-licensed dealer - Sep 13 push"
"23 Camper Sales LLC","Motor Vehicle Dealer (general)","(606) 673-4717","Ulysses","KY","526426064","State-licensed dealer - Sep 13 push"
"231 Auto Mart LLC","Motor Vehicle Dealer (general)","(270) 298-9573","Hartford","KY","28426092","State-licensed dealer - Sep 13 push"
"24 Auto Sales Inc","Motor Vehicle Dealer (general)","(402) 763-1676","Omaha","NE","DL06268","State-licensed dealer - Sep 13 push"
"24/7 Auto Sales & Collision","Motor Vehicle Dealer (general)","","Pawtucket","RI","428","State-licensed dealer - Sep 13 push"
"245 Auto LLC","Motor Vehicle Dealer (general)","(502) 353-1086","Lebanon","KY","522726078","State-licensed dealer - Sep 13 push"
"249 Auto, LLC","Wholesale Motor Vehicle Dealer","7207178942","Chandler","AZ","L10003556","State-licensed wholesale dealer - Sep 13 push"
"28 Automotive LLC","Wholesale Motor Vehicle Dealer","4802040706","Surprise","AZ","L10001859","State-licensed wholesale dealer - Sep 13 push"
"2B Logistics LLC","Wholesale Motor Vehicle Dealer","4807374155","Tonopah","AZ","L10003318","State-licensed wholesale dealer - Sep 13 push"
"3 Brothers Auto Sale","Motor Vehicle Dealer (general)","(502) 749-9070","Louisville","KY","32426056","State-licensed dealer - Sep 13 push"
"3 Dynamics Auto Sales Inc","Motor Vehicle Dealer (general)","(402) 612-1640","Omaha","NE","DL07210","State-licensed dealer - Sep 13 push"
"3 Points Wholesale LLC","Wholesale Dealer License","(512) 663-1842","TEMPLE","TX","P169479W","State-licensed wholesale dealer - Sep 13 push"
"3 Rams LLC","Wholesale Motor Vehicle Dealer","6026326032","Avondale","AZ","L10003343","State-licensed wholesale dealer - Sep 13 push"
"3 Star Auto Sales","Motor Vehicle Dealer (general)","(402) 352-7912","Schuyler","NE","DL05560","State-licensed dealer - Sep 13 push"
"300 Down Auto Sales","Motor Vehicle Dealer (general)","(270) 651-1313","Glasgow","KY","322626005","State-licensed dealer - Sep 13 push"
"302 Autos, LLC.","Wholesale Motor Vehicle Dealer","","Durango","CO","47265","State-licensed wholesale dealer - Sep 13 push"
"303 Motors LLC","Wholesale Motor Vehicle Dealer","","Denver","CO","46770","State-licensed wholesale dealer - Sep 13 push"
"308 Auto Sales","Motor Vehicle Dealer (general)","(308) 675-3016","Grand Island","NE","DL06971","State-licensed dealer - Sep 13 push"
"310 MOTOR GROUP LLC","Wholesale Motor Vehicle Dealer","(786)292-2328","SUNNY ISLES BEACH","FL","1141669-1","State-licensed wholesale dealer - Sep 13 push"
"313 Automotive llc","Wholesale Motor Vehicle Dealer","5092799516","chandler","AZ","L10003330","State-licensed wholesale dealer - Sep 13 push"
"319 Auto Sales","Motor Vehicle Dealer (general)","(606) 353-4423","Hardy","KY","184526098","State-licensed dealer - Sep 13 push"
"365 AUTO EXPRESS LLC","Wholesale Motor Vehicle Dealer","(407)587-6856","ORLANDO","FL","1147206-1","State-licensed wholesale dealer - Sep 13 push"
"392 MOTOR SPORTS LLC","Wholesale Motor Vehicle Dealer","602-420-3944","GLENDALE","AZ","L10002010","State-licensed wholesale dealer - Sep 13 push"
"402 Motors LLC","Motor Vehicle Dealer (general)","(402) 217-0562","Denton","NE","DL07442","State-licensed dealer - Sep 13 push"
"44 Auto Mall Sales, Inc.","Motor Vehicle Dealer (general)","","Smithfield","RI","356","State-licensed dealer - Sep 13 push"
"48O LENDING LLC","Wholesale Motor Vehicle Dealer","623-383-1483","MESA","AZ","L10003107","State-licensed wholesale dealer - Sep 13 push"
"4th Street Auto Sales","Motor Vehicle Dealer (general)","(308) 381-4164","Grand Island","NE","DL05016","State-licensed dealer - Sep 13 push"
"4-T'S WHOLESALE LLC.","Motor Vehicle Dealer (wholesale name match)","","HENDERSON","TN","21998","State-licensed dealer - Sep 13 push"
"5 Rivers Inventory Solutions Inc","Wholesale Motor Vehicle Dealer","","Fort Collins","CO","46629","State-licensed wholesale dealer - Sep 13 push"
"5 Star Automotive LLC","Motor Vehicle Dealer (general)","(402) 367-5105","David City","NE","DL07447","State-licensed dealer - Sep 13 push"
"500 LLC","Wholesale Motor Vehicle Dealer","(305)305-3518","MIRAMAR","FL","1149378-1","State-licensed wholesale dealer - Sep 13 push"
"565-Auto","Wholesale Motor Vehicle Dealer","","Beulah","CO","37122","State-licensed wholesale dealer - Sep 13 push"
"582 Auto Sales, LLC","Motor Vehicle Dealer (general)","","Johnston","RI","582","State-licensed dealer - Sep 13 push"
"7 STARS AUTO WHOLESALE LLC","Wholesale Motor Vehicle Dealer","602-600-8863","PEORIA","AZ","L10003333","State-licensed wholesale dealer - Sep 13 push"
"A & D Auto Sales & Service Center, Inc.","Motor Vehicle Dealer (general)","","Smithfield","RI","521","State-licensed dealer - Sep 13 push"
"A & K AUTO REMARKETING","Wholesale Motor Vehicle Dealer","(405) 359-2211","EDMOND","OK","10666","State-licensed wholesale dealer - Sep 13 push"
"A & L WHOLESALE LLC","Wholesale Motor Vehicle Dealer","602-909-2460","GILBERT","AZ","L10001118","State-licensed wholesale dealer - Sep 13 push"
"A & M AUTO SALES","Wholesale Motor Vehicle Dealer","(405) 863-4820","OKLAHOMA CITY","OK","10583","State-licensed wholesale dealer - Sep 13 push"
"A & M International LLC","Wholesale Motor Vehicle Dealer","6023011240","Phoenix","AZ","L00014170","State-licensed wholesale dealer - Sep 13 push"
"A And A Auto","Wholesale Motor Vehicle Dealer","6025407237","Phoenix","AZ","L00005202","State-licensed wholesale dealer - Sep 13 push"
"A AUTO KARS INC","Wholesale Motor Vehicle Dealer","(786)586-6295","TAMARAC","FL","1152742-1","State-licensed wholesale dealer - Sep 13 push"
"A E Motors","Wholesale Motor Vehicle Dealer","6024107482","Phoenix","AZ","L00006555","State-licensed wholesale dealer - Sep 13 push"
"A T Wholesale LLC","Wholesale Motor Vehicle Dealer","6232230792","Peoria","AZ","L00016101","State-licensed wholesale dealer - Sep 13 push"
"A WHOLESALER LLC","Wholesale Motor Vehicle Dealer","(863)448-5040","BARTOW","FL","1146267-1","State-licensed wholesale dealer - Sep 13 push"
"A&E AUTOMOTIVE GROUP","Wholesale Motor Vehicle Dealer","7604423559","YUMA","AZ","L10002625","State-licensed wholesale dealer - Sep 13 push"
"A&G Auto Sales & Recon., Inc.","Motor Vehicle Dealer (general)","","North Providence","RI","666","State-licensed dealer - Sep 13 push"
"A&P Custom Cars","Wholesale Motor Vehicle Dealer","6029184622","Glendale","AZ","L10003203","State-licensed wholesale dealer - Sep 13 push"
"A&R Auto Sales, Inc.","Motor Vehicle Dealer (general)","","Warwick","RI","589","State-licensed dealer - Sep 13 push"
"A&T Auto Sales, LLC","Motor Vehicle Dealer (general)","","West Warwick","RI","112","State-licensed dealer - Sep 13 push"
"A&Z10 LLC","Wholesale Motor Vehicle Dealer","480-886-7169","GLENDALE","AZ","L10002702","State-licensed wholesale dealer - Sep 13 push"
"A.L.AUTO, LLC","Wholesale Motor Vehicle Dealer","6027992014","LAVEEN","AZ","L10001950","State-licensed wholesale dealer - Sep 13 push"
"A.L.E. HOLDING LLC","Wholesale Motor Vehicle Dealer","725-260-1197","TUCSON","AZ","L10003308","State-licensed wholesale dealer - Sep 13 push"
"A-1 WHOLESALE","Motor Vehicle Dealer (wholesale name match)","","CHATTANOOGA","TN","19063","State-licensed dealer - Sep 13 push"
"A2R Auto LLC","Wholesale Motor Vehicle Dealer","6027930727","Mesa","AZ","L00016506","State-licensed wholesale dealer - Sep 13 push"
"AA Auto LLC","Wholesale Dealer License","(361) 300-4942","ALICE","TX","P171343W","State-licensed wholesale dealer - Sep 13 push"
"AAA & M Auto Sales","Wholesale Motor Vehicle Dealer","6025798083","Phoenix","AZ","L00015569","State-licensed wholesale dealer - Sep 13 push"
"AAA Car Buying Service","Motor Vehicle Dealer (general)","","Providence","RI","734","State-licensed dealer - Sep 13 push"
"AACR Truck & Auto Sales LLC","Wholesale Motor Vehicle Dealer","9287505316","Chandler","AZ","L10003557","State-licensed wholesale dealer - Sep 13 push"
"AAllcar Sales LLC","Wholesale Motor Vehicle Dealer","480-330-9690","Scottsdale","AZ","L10003187","State-licensed wholesale dealer - Sep 13 push"
"AB WHOLESALE LLC","Wholesale Motor Vehicle Dealer","6237346933","TOLLESON","AZ","L10002437","State-licensed wholesale dealer - Sep 13 push"
"ABC Auto Sales, LLC","Motor Vehicle Dealer (general)","","Chepachet","RI","460","State-licensed dealer - Sep 13 push"
"ABC Wholesale","Wholesale Motor Vehicle Dealer","","Cortez","CO","37808","State-licensed wholesale dealer - Sep 13 push"
"ABE DEL SOL LLC","Wholesale Motor Vehicle Dealer","520-869-0405","TUCSON","AZ","L10003269","State-licensed wholesale dealer - Sep 13 push"
"ABEWORKS AUTOS LLC","Wholesale Motor Vehicle Dealer","(954)372-6470","MIAMI","FL","1153993-1","State-licensed wholesale dealer - Sep 13 push"
"ABRAM GROUP INC","Wholesale Motor Vehicle Dealer","(754)465-1557","PALM CITY","FL","1153492-1","State-licensed wholesale dealer - Sep 13 push"
"Absolute Auto Sales, LLC","Wholesale Motor Vehicle Dealer","","Windsor","CO","46972","State-licensed wholesale dealer - Sep 13 push"
"AB-TEK LLC","Wholesale Dealer License","(281) 723-9569","PEARLAND","TX","P171959W","State-licensed wholesale dealer - Sep 13 push"
"Academy Cars, LLC","Motor Vehicle Dealer (general)","","Providence","RI","75","State-licensed dealer - Sep 13 push"
"Acclaim Wholesalers Inc","Wholesale Motor Vehicle Dealer","5209716578","Vail","AZ","L00014401","State-licensed wholesale dealer - Sep 13 push"
"Accurate Automotive Sales and Service","Motor Vehicle Dealer (general)","","Pawtucket","RI","598","State-licensed dealer - Sep 13 push"
"Ace Auto Sales LLC","Wholesale Motor Vehicle Dealer","6023359228","Phoenix","AZ","L10003404","State-licensed wholesale dealer - Sep 13 push"
"ACE Auto Trading llc","Wholesale Motor Vehicle Dealer","4803749922","Mesa","AZ","L10003479","State-licensed wholesale dealer - Sep 13 push"
"Ace Motors llc","Wholesale Motor Vehicle Dealer","6027107535","Maricopa","AZ","L10002938","State-licensed wholesale dealer - Sep 13 push"
"ACM AUTO","Wholesale Motor Vehicle Dealer","(405) 206-0002","EDMOND","OK","10724","State-licensed wholesale dealer - Sep 13 push"
"Acme Super Pawn LLC","Wholesale Motor Vehicle Dealer","","Colorado Springs","CO","39805","State-licensed wholesale dealer - Sep 13 push"
"ACTIVE AUTO","Wholesale Motor Vehicle Dealer","","COLORADO SPRINGS","CO","38130","State-licensed wholesale dealer - Sep 13 push"
"Activity Amt","Wholesale Motor Vehicle Dealer","6022990021","Phoenix","AZ","L00016785","State-licensed wholesale dealer - Sep 13 push"
"ACV Auctions, Inc.","Wholesale Motor Vehicle Dealer","7169460799","PEORIA","AZ","L10002411","State-licensed wholesale dealer - Sep 13 push"
"Adam Cars Wholesale LLC","Wholesale Motor Vehicle Dealer","6024725306","Glendale","AZ","L00016282","State-licensed wholesale dealer - Sep 13 push"
"ADAMS AUTO EXCHANGE LLC","Wholesale Motor Vehicle Dealer","(813)482-2991","NEW PORT RICHEY","FL","1153514-1","State-licensed wholesale dealer - Sep 13 push"
"ADCOCK BROTHERS INC","Wholesale Motor Vehicle Dealer","(717)664-3600","PANAMA CITY","FL","1105656-1","State-licensed wholesale dealer - Sep 13 push"
"ADESA COLORADO SPRINGS","Wholesale Motor Vehicle Dealer","","Fountain","CO","40822","State-licensed wholesale dealer - Sep 13 push"
"Adjusted Crown Transportation LLC","Wholesale Motor Vehicle Dealer","602-4358189","Phoenix","AZ","L10003536","State-licensed wholesale dealer - Sep 13 push"
"ADNAN AUTO SALE LLC","Wholesale Motor Vehicle Dealer","520-270-1024","TUCSON","AZ","L10002800","State-licensed wholesale dealer - Sep 13 push"
"ADR MOTORS","Wholesale Motor Vehicle Dealer","","COLORADO SPRINGS","CO","4282","State-licensed wholesale dealer - Sep 13 push"
"Adrenaline Rush motorsports","Motor Vehicle Dealer (general)","","West Warwick","RI","95","State-licensed dealer - Sep 13 push"
"ADVANCE AUTO WORKS","Wholesale Motor Vehicle Dealer","(405) 947-4245","OKLAHOMA CITY","OK","10682","State-licensed wholesale dealer - Sep 13 push"
"Advanced Auto Sales, Inc.","Motor Vehicle Dealer (general)","","Peacedale","RI","302","State-licensed dealer - Sep 13 push"
"Advanced Remarketing Services, Inc.","Motor Vehicle Dealer (general)","","Middletown","RI","152","State-licensed dealer - Sep 13 push"
"Affordable Auto Sales, Inc.","Motor Vehicle Dealer (general)","","Warwick","RI","275","State-licensed dealer - Sep 13 push"
"Affordable Hybrid Auto","Wholesale Motor Vehicle Dealer","602-904-3062","Phoenix","AZ","L10001187","State-licensed wholesale dealer - Sep 13 push"
"AGA Motorsports","Wholesale Motor Vehicle Dealer","","Johnstown","CO","8624","State-licensed wholesale dealer - Sep 13 push"
"Aghapy LLC","Wholesale Motor Vehicle Dealer","4802427687","Chandler","AZ","L00016447","State-licensed wholesale dealer - Sep 13 push"
"Agility Auto Sales","Motor Vehicle Dealer (general)","","Warwick","RI","482","State-licensed dealer - Sep 13 push"
"AGM AUTO GROUP LLC","Wholesale Motor Vehicle Dealer","480-957-9816","MESA","AZ","L10003375","State-licensed wholesale dealer - Sep 13 push"
"AGMA GROUP INC.","Wholesale Motor Vehicle Dealer","(786)961-8963","MIAMI","FL","1126356-1","State-licensed wholesale dealer - Sep 13 push"
"AHMAUTO LLC","Wholesale Motor Vehicle Dealer","602-668-6685","SURPRISE","AZ","L10000640","State-licensed wholesale dealer - Sep 13 push"
"AI CARS LLC","Wholesale Motor Vehicle Dealer","6232826875","Peoria","AZ","L10003372","State-licensed wholesale dealer - Sep 13 push"
"AIM Consultants Inc","Wholesale Motor Vehicle Dealer","4802462237","Chandler","AZ","L10002123","State-licensed wholesale dealer - Sep 13 push"
"AINSWORTH INTERNATIONAL LLC","Wholesale Motor Vehicle Dealer","","Golden","CO","42370","State-licensed wholesale dealer - Sep 13 push"
"Al Montecalvo?s Auto Clinic, Inc. 650 Hartford Pike","Motor Vehicle Dealer (general)","","North Scituate","RI","367","State-licensed dealer - Sep 13 push"
"ALAMO FINANCIAL GROUP","Wholesale Motor Vehicle Dealer","","AURORA","CO","38697","State-licensed wholesale dealer - Sep 13 push"
"Alamos Motors LLC","Wholesale Motor Vehicle Dealer","5206038248","Tucson","AZ","L10003231","State-licensed wholesale dealer - Sep 13 push"
"ALASKA CAR RENTAL","Motor Vehicle Dealer (general)","","Ketchikan","AK","95","State-licensed dealer - Sep 13 push"
"ALASKA MINING & DIVING SUPPLY INC","Motor Vehicle Dealer (general)","","Anchorage","AK","480","State-licensed dealer - Sep 13 push"
"ALASKA RENT-A-CAR INC","Motor Vehicle Dealer (general)","","Anchorage","AK","159","State-licensed dealer - Sep 13 push"
"ALDRISPE LLC","Wholesale Motor Vehicle Dealer","623-225-3735","PHOENIX","AZ","L10000401","State-licensed wholesale dealer - Sep 13 push"
"Alero Auto Brokers","Wholesale Motor Vehicle Dealer","","Colorado Springs","CO","45968","State-licensed wholesale dealer - Sep 13 push"
"Alexandria LLC","Wholesale Motor Vehicle Dealer","602-736-7273","PHOENIX","AZ","L00015128","State-licensed wholesale dealer - Sep 13 push"
"Ali Auto LLC","Wholesale Motor Vehicle Dealer","","Aurora","CO","46611","State-licensed wholesale dealer - Sep 13 push"
"Alia Auto LLC","Wholesale Motor Vehicle Dealer","7145929004","Goodyear","AZ","L10001464","State-licensed wholesale dealer - Sep 13 push"
"ALL ABOUT CARS &amp; TRUCKS LLC","Wholesale Motor Vehicle Dealer","(239)355-3827","NAPLES","FL","1151301-1","State-licensed wholesale dealer - Sep 13 push"
"ALL AMERICAN TRADES LLC","Wholesale Motor Vehicle Dealer","4805164235","Mesa","AZ","L10002684","State-licensed wholesale dealer - Sep 13 push"
"All Cars Sales LLC","Wholesale Motor Vehicle Dealer","6028142397","Phoenix","AZ","L00016115","State-licensed wholesale dealer - Sep 13 push"
"All in one Detailing LLC","Wholesale Motor Vehicle Dealer","6029319267","Phoenix","AZ","L10002481","State-licensed wholesale dealer - Sep 13 push"
"Allegiance Trucks","Motor Vehicle Dealer (general)","","Warwick","RI","533","State-licensed dealer - Sep 13 push"
"Allegiant Auto Sport","Wholesale Motor Vehicle Dealer","6024328424","Phoenix","AZ","L10002497","State-licensed wholesale dealer - Sep 13 push"
"Alliance Auto Auction of Longview","Wholesale Motor Vehicle Auction License","(903) 212-2955","Longview","TX","P115546A","State-licensed wholesale dealer - Sep 13 push"
"Alliance Auto Wholesale LLC","Wholesale Motor Vehicle Dealer","5204063161","Tucson","AZ","L10003339","State-licensed wholesale dealer - Sep 13 push"
"Allied Auto Network LLC","Wholesale Motor Vehicle Dealer","4802172995","Phoenix","AZ","L00014249","State-licensed wholesale dealer - Sep 13 push"
"ALL-MOTIVE TRANSMISSION &amp; REPAIR, INC","Wholesale Motor Vehicle Dealer","(941)629-2000","PORT CHARLOTTE","FL","1152964-1","State-licensed wholesale dealer - Sep 13 push"
"ALLSER LLC","Wholesale Motor Vehicle Dealer","","PALM HARBOR","FL","1153499-1","State-licensed wholesale dealer - Sep 13 push"
"alnajjjar LLC","Wholesale Motor Vehicle Dealer","6239008675","PEORIA","AZ","L10001311","State-licensed wholesale dealer - Sep 13 push"
"ALOBA AUTOMOTIVE LLC","Wholesale Motor Vehicle Dealer","8324919590","Mesa","AZ","L10003225","State-licensed wholesale dealer - Sep 13 push"
"Aloha Motors","Wholesale Motor Vehicle Dealer","6023763623","Scottsdale","AZ","L00005742","State-licensed wholesale dealer - Sep 13 push"
"ALPHA AUTO WHOLESALE GROUP LLC","Wholesale Motor Vehicle Dealer","301-237-7799","GLENDALE","AZ","L10003265","State-licensed wholesale dealer - Sep 13 push"
"Alpha Group LLC","Wholesale Motor Vehicle Dealer","9077175917","Chandler","AZ","L00015801","State-licensed wholesale dealer - Sep 13 push"
"Alpine Auto Sales","Motor Vehicle Dealer (general)","","Providence","RI","179","State-licensed dealer - Sep 13 push"
"Als Auto Sales, LLC.","Wholesale Motor Vehicle Dealer","6024596835","Phoenix","AZ","L00015058","State-licensed wholesale dealer - Sep 13 push"
"AlSharif AutoHaus LLC","Wholesale Motor Vehicle Dealer","8134621589","Chandler","AZ","L10003113","State-licensed wholesale dealer - Sep 13 push"
"ALTEKRITY LLC","Wholesale Motor Vehicle Dealer","6236324398","PEORIA","AZ","L10001914","State-licensed wholesale dealer - Sep 13 push"
"Alternative Autos Inc","Wholesale Motor Vehicle Dealer","","Elbert","CO","192","State-licensed wholesale dealer - Sep 13 push"
"Always Rv Wholesale LLC","Wholesale Motor Vehicle Dealer","4807975156","Mesa","AZ","L00009918","State-licensed wholesale dealer - Sep 13 push"
"Alyssa C Bailey","Wholesale Motor Vehicle Dealer","415-378-6289","Apache Junction","AZ","L10002131","State-licensed wholesale dealer - Sep 13 push"
"AM Funding LLC","Wholesale Motor Vehicle Dealer","6028143045","Phoenix","AZ","L10003102","State-licensed wholesale dealer - Sep 13 push"
"AMANA AUTO SALES","Wholesale Motor Vehicle Dealer","(405) 742-7201","OKLAHOMA CITY","OK","10737","State-licensed wholesale dealer - Sep 13 push"
"Amana Credit Acceptance","Wholesale Motor Vehicle Dealer","7026824500","Dolan Springs","AZ","L10002731","State-licensed wholesale dealer - Sep 13 push"
"Amana Nation Company - Anc LLC","Wholesale Motor Vehicle Dealer","6022841866","Tempe","AZ","L00012793","State-licensed wholesale dealer - Sep 13 push"
"Amco","Wholesale Motor Vehicle Dealer","9282020095","Clarkdale","AZ","L00016437","State-licensed wholesale dealer - Sep 13 push"
"AMERAFLEET LLC","Wholesale Motor Vehicle Dealer","(813)949-0862","PORT RICHEY","FL","1080538-1","State-licensed wholesale dealer - Sep 13 push"
"AMERICAN AUTO GROUP LLC","Wholesale Motor Vehicle Dealer","602-618-4685","PHOENIX","AZ","L10001122","State-licensed wholesale dealer - Sep 13 push"
"American Auto Sale, LLC.","Wholesale Motor Vehicle Dealer","","Aurora","CO","46844","State-licensed wholesale dealer - Sep 13 push"
"American Auto Sales & Auto Body, Inc.","Motor Vehicle Dealer (general)","","Cranston","RI","43","State-licensed dealer - Sep 13 push"
"American Dreamn Autoi Sales","Motor Vehicle Dealer (general)","","Warwick","RI","406","State-licensed dealer - Sep 13 push"
"American Motor Sales, LLC","Wholesale Motor Vehicle Dealer","5084505564","Gilbert","AZ","L00012267","State-licensed wholesale dealer - Sep 13 push"
"American Performance Auto Sales, Inc.","Motor Vehicle Dealer (general)","","Cranston","RI","569","State-licensed dealer - Sep 13 push"
"America's Auto Auction Austin","Wholesale Dealer License","(512) 268-6600","BUDA","TX","P162784W","State-licensed wholesale dealer - Sep 13 push"
"America's Auto Auction Austin, Inc.","Wholesale Motor Vehicle Auction License","(512) 268-6600","Buda","TX","P109787A","State-licensed wholesale dealer - Sep 13 push"
"America's Auto Auction Corpus Christi, Corpus Christi Auto Auction","Wholesale Motor Vehicle Auction License","(972) 445-1044","Robstown","TX","P170671A","State-licensed wholesale dealer - Sep 13 push"
"America's Auto Auction Phoenix, LLC","Wholesale Motor Vehicle Dealer","6202537766","Phoenix","AZ","L10003454","State-licensed wholesale dealer - Sep 13 push"
"AMERICAS TRUCKS, LLC","Wholesale Motor Vehicle Dealer","(405) 413-2445","SPENCER","OK","10720","State-licensed wholesale dealer - Sep 13 push"
"AMERITRANS EQUIPMENT SOLUTIONS,LLC","Wholesale Motor Vehicle Dealer","(918) 357-2657","BROKEN ARROW","OK","10636","State-licensed wholesale dealer - Sep 13 push"
"AMGSQUARE AUTO SALES LLC","Wholesale Motor Vehicle Dealer","9286001211","PHOENIX","AZ","L10002330","State-licensed wholesale dealer - Sep 13 push"
"AMI AUTO SALES","Wholesale Motor Vehicle Dealer","(405) 605-2155","OKLAHOMA CITY","OK","10613","State-licensed wholesale dealer - Sep 13 push"
"AMIR CARS LLC","Wholesale Motor Vehicle Dealer","(863)338-5444","LAKELAND","FL","1154384-1","State-licensed wholesale dealer - Sep 13 push"
"AMJ AUTO WHOLESALE LLC","Wholesale Motor Vehicle Dealer","480-669-0988","Peoria","AZ","L10001060","State-licensed wholesale dealer - Sep 13 push"
"AMMAR AUTO SALE LLC","Wholesale Motor Vehicle Dealer","6023308209","GLENDALE","AZ","L10001518","State-licensed wholesale dealer - Sep 13 push"
"AMSA CAPITAL HOLDINGS LLC","Wholesale Motor Vehicle Dealer","(904)339-3771","JACKSONVILLE","FL","1153870-1","State-licensed wholesale dealer - Sep 13 push"
"Ana Auto Wholesale LLC","Wholesale Motor Vehicle Dealer","6025024040","Phoenix","AZ","L00014269","State-licensed wholesale dealer - Sep 13 push"
"ANATION AUTO GROUP","Wholesale Motor Vehicle Dealer","6025744054","PHOENIX","AZ","L10000326","State-licensed wholesale dealer - Sep 13 push"
"ANAYA'S AUTO SALES LLC","Wholesale Motor Vehicle Dealer","602-386-9218","PHOENIX","AZ","L10001667","State-licensed wholesale dealer - Sep 13 push"
"ANCHOR DISTRIBUTING INC","Wholesale Motor Vehicle Dealer","","Loveland","CO","8156","State-licensed wholesale dealer - Sep 13 push"
"Anchor Nissan","Motor Vehicle Dealer (general)","","North Smithfield","RI","200","State-licensed dealer - Sep 13 push"
"Anchor Subaru, LLC","Motor Vehicle Dealer (general)","","North Smithfield","RI","45","State-licensed dealer - Sep 13 push"
"ANCHORAGE CHRYSLER CENTER, INC","Motor Vehicle Dealer (general)","","Anchorage","AK","22","State-licensed dealer - Sep 13 push"
"ANCHORAGE MOTORS","Motor Vehicle Dealer (general)","","Anchorage","AK","60","State-licensed dealer - Sep 13 push"
"ANDERSON MOTORS","Wholesale Motor Vehicle Dealer","","Colorado Springs","CO","36517","State-licensed wholesale dealer - Sep 13 push"
"Andrea K Finkelstein Automotive","Wholesale Motor Vehicle Dealer","6023903534","Scottsdale","AZ","L00005994","State-licensed wholesale dealer - Sep 13 push"
"Angelo Padula & Son Auto Sales & Used Auto Parts","Motor Vehicle Dealer (general)","","West Warwick","RI","352","State-licensed dealer - Sep 13 push"
"ANGIES CARS LLC","Wholesale Motor Vehicle Dealer","","DENVER","CO","43374","State-licensed wholesale dealer - Sep 13 push"
"ANTHONY TORTOLANO","Wholesale Motor Vehicle Dealer","(401)487-4677","DAYTONA BEACH","FL","1139797-1","State-licensed wholesale dealer - Sep 13 push"
"ANTUNES AUTO SALES","Motor Vehicle Dealer (general)","","West Warwick","RI","498","State-licensed dealer - Sep 13 push"
"Ao Auto Solutions LLC","Wholesale Motor Vehicle Dealer","6028000707","Phoenix","AZ","L10001656","State-licensed wholesale dealer - Sep 13 push"
"AOM Automotive LLC","Wholesale Motor Vehicle Dealer","6232528488","Glendale","AZ","L10003560","State-licensed wholesale dealer - Sep 13 push"
"APARICIO CARGO &amp; TRAVEL SERVICES, INC.","Wholesale Motor Vehicle Dealer","(305)395-7996","DORAL","FL","1152316-1","State-licensed wholesale dealer - Sep 13 push"
"Apex CG Motor Group LLC","Wholesale Motor Vehicle Dealer","6024484097","Phoenix","AZ","L10003608","State-licensed wholesale dealer - Sep 13 push"
"Apex Motors, LLC","Wholesale Dealer License","(817) 233-3590","LEWISVILLE","TX","P168016W","State-licensed wholesale dealer - Sep 13 push"
"Apex Trade & Logistics LLC","Wholesale Motor Vehicle Dealer","6199192928","Peoria","AZ","L10003485","State-licensed wholesale dealer - Sep 13 push"
"Aphillyated","Wholesale Motor Vehicle Dealer","4804380675","Mesa","AZ","L10001211","State-licensed wholesale dealer - Sep 13 push"
"Apollo Auto Sales, Inc.","Motor Vehicle Dealer (general)","","Cumberland","RI","530","State-licensed dealer - Sep 13 push"
"Apple Tree Brokers LLC","Wholesale Motor Vehicle Dealer","6234988111","Peoria","AZ","L10000111","State-licensed wholesale dealer - Sep 13 push"
"Aquidneck Motors, Inc.","Motor Vehicle Dealer (general)","","Middletown","RI","363","State-licensed dealer - Sep 13 push"
"AR Auto Investments","Wholesale Motor Vehicle Dealer","6027431092","Peoria","AZ","L10003221","State-licensed wholesale dealer - Sep 13 push"
"AR AUTO SALES","Wholesale Motor Vehicle Dealer","","Denver","CO","36991","State-licensed wholesale dealer - Sep 13 push"
"ARAGON MOTORS LLC","Wholesale Motor Vehicle Dealer","6026174781","TUCSON","AZ","L10003237","State-licensed wholesale dealer - Sep 13 push"
"Arch Angels Auto","Wholesale Motor Vehicle Dealer","","Aurora","CO","42968","State-licensed wholesale dealer - Sep 13 push"
"Archway Motors LLC","Wholesale Motor Vehicle Dealer","4805440798","Scottsdale","AZ","L00014964","State-licensed wholesale dealer - Sep 13 push"
"Arizona Capital Fins LLC","Wholesale Motor Vehicle Dealer","4802273615","Gilbert","AZ","L00011668","State-licensed wholesale dealer - Sep 13 push"
"ARIZONA CAR CONNECTIONS LLC","Wholesale Motor Vehicle Dealer","4808453999","Laveen","AZ","L10002703","State-licensed wholesale dealer - Sep 13 push"
"ARIZONA FIRST FINANCIAL LLC","Wholesale Motor Vehicle Dealer","480-490-5139","GLENDALE","AZ","L10001482","State-licensed wholesale dealer - Sep 13 push"
"Arizona Investment Firm LLC","Wholesale Motor Vehicle Dealer","6023583928","Glendale","AZ","L10002022","State-licensed wholesale dealer - Sep 13 push"
"ARIZONA LENDING SOLUTIONS LLC","Wholesale Motor Vehicle Dealer","928-310-5921","PHOENIX","AZ","L10002861","State-licensed wholesale dealer - Sep 13 push"
"ARIZONA ROADS RV","Wholesale Motor Vehicle Dealer","818-406-7600","YUMA","AZ","L10002605","State-licensed wholesale dealer - Sep 13 push"
"Arizona Wholesalers","Wholesale Motor Vehicle Dealer","480-205-0409","Phoenix","AZ","L10000811","State-licensed wholesale dealer - Sep 13 push"
"Arlington RV Supercenter, Inc.","Motor Vehicle Dealer (general)","","East Greenwich","RI","584","State-licensed dealer - Sep 13 push"
"Arlyn's LLC","Wholesale Motor Vehicle Dealer","6028141085","Avondale","AZ","L00015994","State-licensed wholesale dealer - Sep 13 push"
"ARMANDOS AUTO & DETAIL SHOP","Wholesale Motor Vehicle Dealer","","Fort Lupton","CO","39661","State-licensed wholesale dealer - Sep 13 push"
"Arod Holdings","Wholesale Motor Vehicle Dealer","6232308818","Phoenix","AZ","L00015854","State-licensed wholesale dealer - Sep 13 push"
"ARRA MOTOR CLUB LLC","Wholesale Motor Vehicle Dealer","(718)810-5569","GLENDALE","AZ","L10000545","State-licensed wholesale dealer - Sep 13 push"
"Arrowhead Auto Wholesale LLC","Wholesale Motor Vehicle Dealer","4802237413","Glendale","AZ","L00011669","State-licensed wholesale dealer - Sep 13 push"
"Arrowhead Unlimited","Wholesale Motor Vehicle Dealer","6023171829","Peoria","AZ","L00010882","State-licensed wholesale dealer - Sep 13 push"
"Art Enterprice LLC","Wholesale Motor Vehicle Dealer","6023152172","Scottsdale","AZ","L00014189","State-licensed wholesale dealer - Sep 13 push"
"AS Auto Services LLC","Wholesale Motor Vehicle Dealer","","Denver","CO","47641","State-licensed wholesale dealer - Sep 13 push"
"ASA Venture Group","Wholesale Motor Vehicle Dealer","4804350522","Phoenix","AZ","L10002746","State-licensed wholesale dealer - Sep 13 push"
"ASAH LLC","Wholesale Motor Vehicle Dealer","6056512271","Phoenix","AZ","L10001126","State-licensed wholesale dealer - Sep 13 push"
"ASL ENTERPRISES LLC","Wholesale Motor Vehicle Dealer","","Colorado Springs","CO","44250","State-licensed wholesale dealer - Sep 13 push"
"Astoria Motors","Wholesale Motor Vehicle Dealer","4806587378","Phoenix","AZ","L10003183","State-licensed wholesale dealer - Sep 13 push"
"Aswadi Wholesale Motor Vehicles","Wholesale Motor Vehicle Dealer","4804149308","Laveen","AZ","L00016120","State-licensed wholesale dealer - Sep 13 push"
"Atlantic Auto Sales","Wholesale Motor Vehicle Dealer","7149002886","Gilbert","AZ","L10003410","State-licensed wholesale dealer - Sep 13 push"
"Atlantic Autocenter, LLC","Motor Vehicle Dealer (general)","","Cranston","RI","426","State-licensed dealer - Sep 13 push"
"Atlantic Bays Auto Sales and Service","Motor Vehicle Dealer (general)","","Providence","RI","252","State-licensed dealer - Sep 13 push"
"Atlas Auto Sales","Motor Vehicle Dealer (general)","","West Warwick","RI","567","State-licensed dealer - Sep 13 push"
"ATLAS MOTORS LLC","Wholesale Motor Vehicle Dealer","","Centennial","CO","43064","State-licensed wholesale dealer - Sep 13 push"
"ATM Auto, LLC.","Wholesale Motor Vehicle Dealer","","Colorado Springs","CO","46347","State-licensed wholesale dealer - Sep 13 push"
"Aubreys Auto LLC","Wholesale Motor Vehicle Dealer","4807475422","Phoenix","AZ","L00014502","State-licensed wholesale dealer - Sep 13 push"
"AUCTION XPRESS LLC","Wholesale Motor Vehicle Dealer","(561)543-6000","ALTAMONTE SPRINGS","FL","1149412-1","State-licensed wholesale dealer - Sep 13 push"
"Audi Warwick","Motor Vehicle Dealer (general)","","Warwick","RI","278","State-licensed dealer - Sep 13 push"
"Audrian Automobile Museum","Motor Vehicle Dealer (general)","","Newport","RI","579","State-licensed dealer - Sep 13 push"
"AUTO ADVANTAGE OF ARIZONA LLC","Wholesale Motor Vehicle Dealer","605-490-3200","Carefree","AZ","L10003569","State-licensed wholesale dealer - Sep 13 push"
"Auto Advisory Group","Wholesale Motor Vehicle Dealer","","Broomfield","CO","47543","State-licensed wholesale dealer - Sep 13 push"
"AUTO BANK","Wholesale Motor Vehicle Dealer","(918) 272-6552","OWASSO","OK","10577","State-licensed wholesale dealer - Sep 13 push"
"Auto Bargain","Wholesale Motor Vehicle Dealer","6023347576","Phoenix","AZ","L00015209","State-licensed wholesale dealer - Sep 13 push"
"AUTO BROKERS OF COLORADO","Wholesale Motor Vehicle Dealer","","Centennial","CO","1777","State-licensed wholesale dealer - Sep 13 push"
"Auto City, Inc.","Motor Vehicle Dealer (general)","","Providence","RI","542","State-licensed dealer - Sep 13 push"
"Auto Club LLC","Wholesale Motor Vehicle Dealer","6025833280","phoenix","AZ","L10001503","State-licensed wholesale dealer - Sep 13 push"
"Auto Coin Inc","Wholesale Motor Vehicle Dealer","6025290017","Phoenix","AZ","L10001146","State-licensed wholesale dealer - Sep 13 push"
"AUTO DEPOT WHOLESALE INC","Motor Vehicle Dealer (wholesale name match)","","MADISON","TN","22447","State-licensed dealer - Sep 13 push"
"Auto Dreams On LLC","Wholesale Motor Vehicle Dealer","6025757910","Phoenix","AZ","L10002018","State-licensed wholesale dealer - Sep 13 push"
"AUTO DUDE WHOLESALE, LLC","Wholesale Motor Vehicle Dealer","(405) 799-7778","OKLAHOMA CITY","OK","10565","State-licensed wholesale dealer - Sep 13 push"
"Auto Factory, Inc.","Motor Vehicle Dealer (general)","","East Providence","RI","207","State-licensed dealer - Sep 13 push"
"Auto Financial Group, LLC.","Wholesale Motor Vehicle Dealer","","Aurora","CO","47355","State-licensed wholesale dealer - Sep 13 push"
"Auto For You","Wholesale Motor Vehicle Dealer","6237552737","Glendale","AZ","L10001697","State-licensed wholesale dealer - Sep 13 push"
"Auto Gallery, Inc.","Motor Vehicle Dealer (general)","","Tiverton","RI","731","State-licensed dealer - Sep 13 push"
"AUTO GLOBAL LINK","Wholesale Motor Vehicle Dealer","","DENVER","CO","40704","State-licensed wholesale dealer - Sep 13 push"
"AUTO GLOBAL SOLUTIONS INC.","Wholesale Motor Vehicle Dealer","(585)304-2303","DAVIE","FL","1154046-1","State-licensed wholesale dealer - Sep 13 push"
"Auto Haus LLC","Wholesale Motor Vehicle Dealer","4807900723","Scottsdale","AZ","L10003128","State-licensed wholesale dealer - Sep 13 push"
"Auto Haven, Inc.","Motor Vehicle Dealer (general)","","Pawtucket","RI","667","State-licensed dealer - Sep 13 push"
"Auto Hut","Wholesale Motor Vehicle Dealer","4802783656","Glendale","AZ","L00016443","State-licensed wholesale dealer - Sep 13 push"
"AUTO LEGENDS, LLC","Wholesale Motor Vehicle Dealer","7252190000","Scottsdale","AZ","L10002066","State-licensed wholesale dealer - Sep 13 push"
"Auto Management Services, LLC.","Wholesale Motor Vehicle Dealer","","Brighton","CO","46828","State-licensed wholesale dealer - Sep 13 push"
"AUTO MARKET GLOBAL LLC","Wholesale Motor Vehicle Dealer","(786)608-5666","DORAL","FL","1153784-1","State-licensed wholesale dealer - Sep 13 push"
"Auto Mart, Inc.","Motor Vehicle Dealer (general)","","Cranston","RI","487","State-licensed dealer - Sep 13 push"
"Auto Outlet Sales Inc","Wholesale Motor Vehicle Dealer","9514965591","Lake Havasu City","AZ","L00016345","State-licensed wholesale dealer - Sep 13 push"
"AUTO PLANET","Wholesale Motor Vehicle Dealer","(918) 852-5436","BROKEN ARROW","OK","10480","State-licensed wholesale dealer - Sep 13 push"
"Auto Prime Sales LLC","Wholesale Motor Vehicle Dealer","9283153444","San Luis","AZ","L10002834","State-licensed wholesale dealer - Sep 13 push"
"AUTO REMARKETING PARTNERS LLC","Wholesale Motor Vehicle Dealer","(315)726-2868","PLANT CITY","FL","1138171-2","State-licensed wholesale dealer - Sep 13 push"
"Auto Rossa Auto Sales LLC","Motor Vehicle Dealer (general)","","Warren","RI","590","State-licensed dealer - Sep 13 push"
"Auto Service Center And Sales","Motor Vehicle Dealer (general)","","North Kingstown","RI","772","State-licensed dealer - Sep 13 push"
"AUTO SOURCE","Wholesale Dealer License","(254) 913-0303","Belton","TX","P123497W","State-licensed wholesale dealer - Sep 13 push"
"Auto Tojik LLC","Wholesale Motor Vehicle Dealer","","Denver","CO","47426","State-licensed wholesale dealer - Sep 13 push"
"Auto Trading LLC","Wholesale Motor Vehicle Dealer","480-667-3467","Mesa","AZ","L10001489","State-licensed wholesale dealer - Sep 13 push"
"Auto Village Sales & Service","Motor Vehicle Dealer (general)","","Coventry","RI","444","State-licensed dealer - Sep 13 push"
"AUTO WHOLESALER LLC","Wholesale Motor Vehicle Dealer","(305)842-4647","MIAMI","FL","1150236-1","State-licensed wholesale dealer - Sep 13 push"
"Auto Wholesalers","Motor Vehicle Dealer (wholesale name match)","","Bettendorf","IA","D6641","State-licensed dealer - Sep 13 push"
"Auto Wholesalers Inc","Motor Vehicle Dealer (wholesale name match)","","Dubuque","IA","D554","State-licensed dealer - Sep 13 push"
"AUTO WORLD WHOLESALE","Motor Vehicle Dealer (wholesale name match)","","MORRISTOWN","TN","189","State-licensed dealer - Sep 13 push"
"Auto X-Change LLC","Wholesale Motor Vehicle Dealer","602-402-3410","Flagstaff","AZ","L10001138","State-licensed wholesale dealer - Sep 13 push"
"AUTOBUY MOTORS, LLC","Wholesale Motor Vehicle Dealer","(405) 341-2508","EDMOND","OK","10734","State-licensed wholesale dealer - Sep 13 push"
"AUTODOM IMPORT LLC","Wholesale Motor Vehicle Dealer","(561)475-6934","LAKE WORTH","FL","1154345-1","State-licensed wholesale dealer - Sep 13 push"
"AUTODRIVE WHOLESALE INC","Wholesale Motor Vehicle Dealer","(917)515-2122","TAMPA","FL","1138170-1","State-licensed wholesale dealer - Sep 13 push"
"Autojenis's","Wholesale Motor Vehicle Dealer","4806719238","Apache Junction","AZ","L00010969","State-licensed wholesale dealer - Sep 13 push"
"Autokenetic LLC","Wholesale Motor Vehicle Dealer","4802505879","Phoenix","AZ","L00013394","State-licensed wholesale dealer - Sep 13 push"
"Autoland, Inc.","Motor Vehicle Dealer (general)","","Coventry","RI","800","State-licensed dealer - Sep 13 push"
"Autoline Auto Sales LLC","Motor Vehicle Dealer (general)","","Pawtucket","RI","724","State-licensed dealer - Sep 13 push"
"AUTOLINK HUB, LLC","Wholesale Motor Vehicle Dealer","(786)266-4512","HIALEAH","FL","1153273-1","State-licensed wholesale dealer - Sep 13 push"
"AUTOMANN","Wholesale Motor Vehicle Dealer","","Denver","CO","38833","State-licensed wholesale dealer - Sep 13 push"
"AutoMatchRI.com Auto Sales","Motor Vehicle Dealer (general)","","North Kingstown","RI","456","State-licensed dealer - Sep 13 push"
"AUTOMAY CAR SALES, INC.","Wholesale Motor Vehicle Dealer","(405) 410-2227","OKLAHOMA CITY","OK","10603","State-licensed wholesale dealer - Sep 13 push"
"Automed Auto Sales, Inc.","Motor Vehicle Dealer (general)","","West Warwick","RI","623","State-licensed dealer - Sep 13 push"
"Automotive Collection Sales and Management LLC","Motor Vehicle Dealer (general)","","Oakland","RI","743","State-licensed dealer - Sep 13 push"
"AUTOMOTIVE FLEET SERVICES LLC","Wholesale Motor Vehicle Dealer","","Aurora","CO","43144","State-licensed wholesale dealer - Sep 13 push"
"Automotive Legacy LLC","Wholesale Motor Vehicle Dealer","6025416262","Phoenix","AZ","L10003436","State-licensed wholesale dealer - Sep 13 push"
"AUTOMOTIVE RESOURCES WHOLESALE LLC","Wholesale Motor Vehicle Dealer","(410)218-3456","CLERMONT","FL","1144934-1","State-licensed wholesale dealer - Sep 13 push"
"Autonas","Wholesale Motor Vehicle Dealer","4805807752","Phoenix","AZ","L00011046","State-licensed wholesale dealer - Sep 13 push"
"AutoNetwork","Wholesale Motor Vehicle Dealer","","Pueblo","CO","44059","State-licensed wholesale dealer - Sep 13 push"
"AUTONOW LLC","Wholesale Motor Vehicle Dealer","602-332-2651","GLENDALE","AZ","L10002219","State-licensed wholesale dealer - Sep 13 push"
"AUTOPAQ LLC","Wholesale Motor Vehicle Dealer","(305)488-0608","DORAL","FL","1147410-1","State-licensed wholesale dealer - Sep 13 push"
"AUTOPROS AZ LLC","Wholesale Motor Vehicle Dealer","6193860919","Buckeye","AZ","L10002736","State-licensed wholesale dealer - Sep 13 push"
"Autos 4 Sale LLC","Wholesale Motor Vehicle Dealer","(602) 299-4755","Phoenix","AZ","L00016734","State-licensed wholesale dealer - Sep 13 push"
"Autos Arizona LLC","Wholesale Motor Vehicle Dealer","6026533956","Phoenix","AZ","L10003637","State-licensed wholesale dealer - Sep 13 push"
"Autos Usados Sanchez LLC","Wholesale Motor Vehicle Dealer","4805266668","GOODYEAR","AZ","L10002900","State-licensed wholesale dealer - Sep 13 push"
"AUTOSELL LLC","Wholesale Motor Vehicle Dealer","","Fort Collins","CO","39268","State-licensed wholesale dealer - Sep 13 push"
"AUTOSENSE LLC","Wholesale Motor Vehicle Dealer","480-781-1324","SURPRISE","AZ","L10000780","State-licensed wholesale dealer - Sep 13 push"
"Autosport Sales & Collision, Inc.","Motor Vehicle Dealer (general)","","Cranston","RI","13","State-licensed dealer - Sep 13 push"
"Autostar Motorsports LLC","Wholesale Motor Vehicle Dealer","6026174255","Avondale","AZ","L00016362","State-licensed wholesale dealer - Sep 13 push"
"Autostop LLC","Wholesale Dealer License","(512) 905-8580","SAN MARCOS","TX","P167799W","State-licensed wholesale dealer - Sep 13 push"
"AUTOSTREETUSA LLC","Wholesale Motor Vehicle Dealer","(561)685-0133","TEQUESTA","FL","1133342-1","State-licensed wholesale dealer - Sep 13 push"
"Autowizard, Inc.","Motor Vehicle Dealer (general)","","Greenville","RI","618","State-licensed dealer - Sep 13 push"
"AUTOXCEL LLC","Wholesale Motor Vehicle Dealer","480-658-9629","GILBERT","AZ","L10002237","State-licensed wholesale dealer - Sep 13 push"
"AUTOXPRESS 305 LLC","Wholesale Motor Vehicle Dealer","(305)540-0660","DORAL","FL","1152537-1","State-licensed wholesale dealer - Sep 13 push"
"Avenue H Auto","Wholesale Dealer License","(713) 818-6070","Rosenberg","TX","P166815W","State-licensed wholesale dealer - Sep 13 push"
"AVENUES WHOLESALE LLC","Wholesale Motor Vehicle Dealer","(904)258-4243","JACKSONVILLE","FL","1152020-1","State-licensed wholesale dealer - Sep 13 push"
"Avondale Motors LLC","Wholesale Motor Vehicle Dealer","602-703-2158","PEORIA","AZ","L00016314","State-licensed wholesale dealer - Sep 13 push"
"AWESOME AUTO SALES","Wholesale Motor Vehicle Dealer","(918) 851-7050","TULSA","OK","10623","State-licensed wholesale dealer - Sep 13 push"
"Ayache Auto Group LLC","Wholesale Motor Vehicle Dealer","4805777716","Queen Creek","AZ","L10003193","State-licensed wholesale dealer - Sep 13 push"
"AYALA FINANCIAL SERVICES LLC","Wholesale Motor Vehicle Dealer","6027856069","Youngtown","AZ","L10002124","State-licensed wholesale dealer - Sep 13 push"
"Aydin LLC","Wholesale Motor Vehicle Dealer","6023320587","Glendale","AZ","L00013632","State-licensed wholesale dealer - Sep 13 push"
"AYM WHOLESALE LLC","Wholesale Motor Vehicle Dealer","6023277296","GLENDALE","AZ","L10002556","State-licensed wholesale dealer - Sep 13 push"
"AZ 48th LLC","Wholesale Motor Vehicle Dealer","602-770-8007","Florence","AZ","L10003184","State-licensed wholesale dealer - Sep 13 push"
"AZ AUTO GIL LLC","Wholesale Motor Vehicle Dealer","480-332-4147","PHOENIX","AZ","L10002398","State-licensed wholesale dealer - Sep 13 push"
"Az Auto LLC","Wholesale Motor Vehicle Dealer","602-617-6918","Phoenix","AZ","L00014734","State-licensed wholesale dealer - Sep 13 push"
"AZ Auto Trader LLC","Wholesale Motor Vehicle Dealer","623-329-8790","Avondale","AZ","L10003600","State-licensed wholesale dealer - Sep 13 push"
"Az Auto Wholesale LLC","Wholesale Motor Vehicle Dealer","4809938286","MESA","AZ","L00010392","State-licensed wholesale dealer - Sep 13 push"
"AZ Elite Motors LLC","Wholesale Motor Vehicle Dealer","6027386420","San Tan Valley","AZ","L10002532","State-licensed wholesale dealer - Sep 13 push"
"Az Kickz LLC","Wholesale Motor Vehicle Dealer","4802068093","Laveen","AZ","L10002748","State-licensed wholesale dealer - Sep 13 push"
"AZ LUXURY AUTOSALES LLC","Wholesale Motor Vehicle Dealer","602-503-6768","PHOENIX","AZ","L10003025","State-licensed wholesale dealer - Sep 13 push"
"AZ ONE AUTO SALE LLC","Wholesale Motor Vehicle Dealer","4805796993","PHOENIX","AZ","L10003599","State-licensed wholesale dealer - Sep 13 push"
"Az One Stop Auto","Wholesale Motor Vehicle Dealer","4803432251","Laveen","AZ","L00016235","State-licensed wholesale dealer - Sep 13 push"
"Az West Auto LLC","Wholesale Motor Vehicle Dealer","6022004949","Glendale","AZ","L00011138","State-licensed wholesale dealer - Sep 13 push"
"AZER AUTO SALES, LLC","Wholesale Motor Vehicle Dealer","","Denver","CO","44164","State-licensed wholesale dealer - Sep 13 push"
"AZ-GT, LLC","Wholesale Motor Vehicle Dealer","4804361340","Scottsdale","AZ","L10003086","State-licensed wholesale dealer - Sep 13 push"
"AZL Motors LLC","Wholesale Motor Vehicle Dealer","6027107402","Buckeye","AZ","L10002740","State-licensed wholesale dealer - Sep 13 push"
"Azwholesale Express LLC","Wholesale Motor Vehicle Dealer","6026019003","Phoenix","AZ","L00016717","State-licensed wholesale dealer - Sep 13 push"
"B & A WHOLESALE LLC","Wholesale Motor Vehicle Dealer","4807991777","PHOENIX","AZ","L10001481","State-licensed wholesale dealer - Sep 13 push"
"B & B Auto","Wholesale Motor Vehicle Dealer","602-900-6501","Avondale","AZ","L10002982","State-licensed wholesale dealer - Sep 13 push"
"B & B WHOLESALE AUTO","Motor Vehicle Dealer (wholesale name match)","","FAYETTEVILLE","TN","11808","State-licensed dealer - Sep 13 push"
"B & D Auto Sales","Wholesale Motor Vehicle Dealer","602-318-1287","Tonopah","AZ","L10001935","State-licensed wholesale dealer - Sep 13 push"
"B&L Auto Sales","Motor Vehicle Dealer (general)","","Central Falls","RI","703","State-licensed dealer - Sep 13 push"
"B.H. ABC SALES, INC.","Wholesale Motor Vehicle Dealer","(954)939-8742","DANIA BEACH","FL","1152734-1","State-licensed wholesale dealer - Sep 13 push"
"B2 Motors LLC","Wholesale Motor Vehicle Dealer","602-699-5509","Gilbert","AZ","L10003654","State-licensed wholesale dealer - Sep 13 push"
"Babas Auto Sales and Service","Motor Vehicle Dealer (general)","","Providence","RI","693","State-licensed dealer - Sep 13 push"
"Back in Gear Motors, LLC","Wholesale Motor Vehicle Dealer","4102079230","Paradise Valley","AZ","L10003405","State-licensed wholesale dealer - Sep 13 push"
"Bahamut Auto LLC","Wholesale Motor Vehicle Dealer","6232809256","Peoria","AZ","L10002812","State-licensed wholesale dealer - Sep 13 push"
"Baig LLC","Wholesale Motor Vehicle Dealer","6127027432","Gilbert","AZ","L10003142","State-licensed wholesale dealer - Sep 13 push"
"Bailey's Motor Sales, Inc.","Motor Vehicle Dealer (general)","","North Kingstown","RI","182","State-licensed dealer - Sep 13 push"
"Bald Hill Dodge-Chrysler-Jeep","Motor Vehicle Dealer (general)","","Warwick","RI","287","State-licensed dealer - Sep 13 push"
"Bald Hill Kia","Motor Vehicle Dealer (general)","","Warwick","RI","233","State-licensed dealer - Sep 13 push"
"Balise Chevrolet of Warwick","Motor Vehicle Dealer (general)","","Warwick","RI","146","State-licensed dealer - Sep 13 push"
"Balise Honda of West Warwick","Motor Vehicle Dealer (general)","","West Warwick","RI","307","State-licensed dealer - Sep 13 push"
"Balise Nissan","Motor Vehicle Dealer (general)","","Warwick","RI","59","State-licensed dealer - Sep 13 push"
"Balise Subaru","Motor Vehicle Dealer (general)","","West Warwick","RI","6","State-licensed dealer - Sep 13 push"
"Balise Toyota Of Warwick 1400","Motor Vehicle Dealer (general)","","Warwick","RI","102","State-licensed dealer - Sep 13 push"
"Balise Volkswagen","Motor Vehicle Dealer (general)","","West Warwick","RI","491","State-licensed dealer - Sep 13 push"
"Ballard Mack Sales & Service of RI, Inc.","Motor Vehicle Dealer (general)","","Johnston","RI","20","State-licensed dealer - Sep 13 push"
"BAN GLOBAL LLC","Wholesale Motor Vehicle Dealer","(772)559-4380","ORLANDO","FL","1153865-1","State-licensed wholesale dealer - Sep 13 push"
"Banu Wholesale Automotive","Wholesale Motor Vehicle Dealer","6023808016","Glendale","AZ","L00013047","State-licensed wholesale dealer - Sep 13 push"
"BARABE MOTOR COMPANY, LLC","Wholesale Motor Vehicle Dealer","505-463-6844","TEMPE","AZ","L10000377","State-licensed wholesale dealer - Sep 13 push"
"Bardan Investments LLC","Wholesale Motor Vehicle Dealer","6037854600","Rio Verde","AZ","L00013997","State-licensed wholesale dealer - Sep 13 push"
"Barreiros Auto Sales, Inc.","Motor Vehicle Dealer (general)","","Lincoln","RI","595","State-licensed dealer - Sep 13 push"
"BARTELS AUTO SALES & SERVICE LLC","Wholesale Motor Vehicle Dealer","","AURORA","CO","37008","State-licensed wholesale dealer - Sep 13 push"
"BASIN POWER TONGS","Wholesale Motor Vehicle Dealer","","Evergreen","CO","44546","State-licensed wholesale dealer - Sep 13 push"
"Bavarian Bimmer LLC","Wholesale Motor Vehicle Dealer","6027151297","Peoria","AZ","L00016487","State-licensed wholesale dealer - Sep 13 push"
"BB Wholesale Auto LLC","Motor Vehicle Dealer (wholesale name match)","509-899-9120","Nampa","ID","7033-X","State-licensed dealer - Sep 13 push"
"BCC AUTO TRADERS LLC","Wholesale Motor Vehicle Dealer","(863)514-6272","FORT MEADE","FL","1119506-1","State-licensed wholesale dealer - Sep 13 push"
"BDC MOTORSPORTS","Wholesale Motor Vehicle Dealer","7145016961","Surprise","AZ","L10003335","State-licensed wholesale dealer - Sep 13 push"
"BDJ II Holdings LLC","Wholesale Motor Vehicle Dealer","602-513-1305","Glendale","AZ","L10003529","State-licensed wholesale dealer - Sep 13 push"
"BDM","Wholesale Motor Vehicle Dealer","","Denver","CO","44242","State-licensed wholesale dealer - Sep 13 push"
"Beam Truck & Body, Inc.","Motor Vehicle Dealer (general)","","Woonsocket","RI","647","State-licensed dealer - Sep 13 push"
"Beepz MotorsportsLLC","Wholesale Motor Vehicle Dealer","6024875207","Litchfield Park","AZ","L10002129","State-licensed wholesale dealer - Sep 13 push"
"Belle Vista Imports LLC","Wholesale Motor Vehicle Dealer","6027406332","Cave Creek","AZ","L00014060","State-licensed wholesale dealer - Sep 13 push"
"BELLS AUTO SALE LLC","Wholesale Motor Vehicle Dealer","6234991587","PEORIA","AZ","L10001997","State-licensed wholesale dealer - Sep 13 push"
"Bely's Auto Sales LLC","Wholesale Motor Vehicle Dealer","6027486067","Eloy","AZ","L10002464","State-licensed wholesale dealer - Sep 13 push"
"BENZ TRANSPORTATION LLC","Wholesale Motor Vehicle Dealer","602-785-7565","GLENDALE","AZ","L10002150","State-licensed wholesale dealer - Sep 13 push"
"Berlin Motors","Wholesale Motor Vehicle Dealer","6029092967","Phoenix","AZ","L00014034","State-licensed wholesale dealer - Sep 13 push"
"Bernier?s Auto & Trailer Sales, LLC","Motor Vehicle Dealer (general)","","Woonsocket","RI","336","State-licensed dealer - Sep 13 push"
"BESSEMER AUTO & TRUCK CENTER","Wholesale Motor Vehicle Dealer","","Pueblo West","CO","38499","State-licensed wholesale dealer - Sep 13 push"
"Best Auto Tech Inc","Wholesale Motor Vehicle Dealer","6024327978","Laveen","AZ","L00015404","State-licensed wholesale dealer - Sep 13 push"
"BEST BUY AUTO SALE","Wholesale Motor Vehicle Dealer","","Thornton","CO","43554","State-licensed wholesale dealer - Sep 13 push"
"BEST IN TRADE LLC","Wholesale Motor Vehicle Dealer","602-550-2089","GILBERT","AZ","L10002758","State-licensed wholesale dealer - Sep 13 push"
"Best Wheels Imports, LLC","Motor Vehicle Dealer (general)","","Johnston","RI","212","State-licensed dealer - Sep 13 push"
"BEYLA AUTO SALES LLC","Wholesale Motor Vehicle Dealer","602-810-6827","GLENDALE","AZ","L10000983","State-licensed wholesale dealer - Sep 13 push"
"BEYOND LIMITS ENTERPRISES LLC","Wholesale Motor Vehicle Dealer","(561)628-1755","FORT PIERCE","FL","1153179-1","State-licensed wholesale dealer - Sep 13 push"
"BFR Auto Exchange","Wholesale Motor Vehicle Dealer","4805107621","Mesa","AZ","L10003364","State-licensed wholesale dealer - Sep 13 push"
"BG Motor Group LLC","Wholesale Motor Vehicle Dealer","8474013400","Tempe","AZ","L10003613","State-licensed wholesale dealer - Sep 13 push"
"BG MOTORS","Wholesale Motor Vehicle Dealer","(405) 926-2000","PAULS VALLEY","OK","10664","State-licensed wholesale dealer - Sep 13 push"
"BIA Motors","Wholesale Motor Vehicle Dealer","(602) 710-3426","phoenix","AZ","L10000665","State-licensed wholesale dealer - Sep 13 push"
"Big Reds Auto Wholesale","Motor Vehicle Dealer (wholesale name match)","208-906-7207","Nampa","ID","4132-0","State-licensed dealer - Sep 13 push"
"BILL MARKEL, INC.","Wholesale Motor Vehicle Dealer","","CASTLE PINES","CO","7965","State-licensed wholesale dealer - Sep 13 push"
"BILL TEMPEROS HIGH PERFORMANCE CTR","Wholesale Motor Vehicle Dealer","","Fort Collins","CO","1308","State-licensed wholesale dealer - Sep 13 push"
"Binder Motors LLC","Wholesale Motor Vehicle Dealer","6233377521","Surprise","AZ","L10002125","State-licensed wholesale dealer - Sep 13 push"
"Bionex Autos LLC","Wholesale Motor Vehicle Dealer","5755198343","Tempe","AZ","L00016797","State-licensed wholesale dealer - Sep 13 push"
"Bison Mountain Toys and Trucks","Wholesale Motor Vehicle Dealer","","Aurora","CO","45723","State-licensed wholesale dealer - Sep 13 push"
"Bitcar LLC","Wholesale Motor Vehicle Dealer","4806509673","Apache Junction","AZ","L10002627","State-licensed wholesale dealer - Sep 13 push"
"BIZ AZ LLC","Wholesale Motor Vehicle Dealer","5203127012","Tucson","AZ","L10003066","State-licensed wholesale dealer - Sep 13 push"
"BLACK BOX AUTO SALES LLC","Wholesale Motor Vehicle Dealer","(954)558-1918","ORLANDO","FL","1151309-1","State-licensed wholesale dealer - Sep 13 push"
"Black Hills Autobody Inc","Wholesale Motor Vehicle Dealer","9286495799","Cottonwood","AZ","L00008237","State-licensed wholesale dealer - Sep 13 push"
"BLACK STONE AUTO EXPORT INC","Wholesale Motor Vehicle Dealer","(321)225-1115","ORLANDO","FL","1108582-1","State-licensed wholesale dealer - Sep 13 push"
"BLACK'S AUTOS","Wholesale Motor Vehicle Dealer","(918) 422-8830","WATTS","OK","10592","State-licensed wholesale dealer - Sep 13 push"
"Blackstone Auto Sales and Body, Inc.","Motor Vehicle Dealer (general)","","Cumberland","RI","69","State-licensed dealer - Sep 13 push"
"Blank Slate Motors LLC","Wholesale Motor Vehicle Dealer","","Centennial","CO","46990","State-licensed wholesale dealer - Sep 13 push"
"BLOSS MOTORSPORTS","Wholesale Motor Vehicle Dealer","(918) 361-7712","TULSA","OK","10708","State-licensed wholesale dealer - Sep 13 push"
"BLOSSOM CARS & TRUCKS","Wholesale Dealer License","(903) 249-7570","Blossom","TX","P135075W","State-licensed wholesale dealer - Sep 13 push"
"BLUE AUTO LLC","Wholesale Motor Vehicle Dealer","","Pueblo","CO","44693","State-licensed wholesale dealer - Sep 13 push"
"Blue Leaf LLC","Wholesale Motor Vehicle Dealer","602-758-9800","TEMPE","AZ","L10003470","State-licensed wholesale dealer - Sep 13 push"
"Blue Plate Dealers, LLC.","Wholesale Motor Vehicle Dealer","","Denver","CO","47489","State-licensed wholesale dealer - Sep 13 push"
"Blue Roads Trucks, LLC.","Wholesale Motor Vehicle Dealer","","Brighton","CO","45785","State-licensed wholesale dealer - Sep 13 push"
"BLUE SKY AUTO WHOLESALE LLC","Wholesale Motor Vehicle Dealer","602-290-3371","PHOENIX","AZ","L10003304","State-licensed wholesale dealer - Sep 13 push"
"BLUELINE INVESTMENT INC","Wholesale Motor Vehicle Dealer","(858) 208-5403","YUMA","AZ","L10000296","State-licensed wholesale dealer - Sep 13 push"
"Bmay Auto LLC","Wholesale Motor Vehicle Dealer","8472761016","Queen Creek","AZ","L10001365","State-licensed wholesale dealer - Sep 13 push"
"BMW of Newport 1235","Motor Vehicle Dealer (general)","","Middletown","RI","450","State-licensed dealer - Sep 13 push"
"BMW of Warwick","Motor Vehicle Dealer (general)","","Warwick","RI","68","State-licensed dealer - Sep 13 push"
"Boardman RV","Wholesale Motor Vehicle Dealer","","Pueblo","CO","38381","State-licensed wholesale dealer - Sep 13 push"
"Bob?s Motorcycle Sales","Motor Vehicle Dealer (general)","","Ashaway","RI","414","State-licensed dealer - Sep 13 push"
"Bobs Wholesale Cars","Motor Vehicle Dealer (wholesale name match)","","Cedar Rapids","IA","D4957","State-licensed dealer - Sep 13 push"
"Bob's Wholesale Cars","Motor Vehicle Dealer (wholesale name match)","","Cedar Rapids","IA","D3132","State-licensed dealer - Sep 13 push"
"boerne motorwerks","Wholesale Dealer License","(916) 212-6352","BOERNE","TX","P174130W","State-licensed wholesale dealer - Sep 13 push"
"Bonita Auto Sales LLC","Wholesale Motor Vehicle Dealer","6025542113","Phoenix","AZ","L10003655","State-licensed wholesale dealer - Sep 13 push"
"Borderland Trade & Wholesale","Wholesale Dealer License","(915) 801-5488","EL PASO","TX","P164615W","State-licensed wholesale dealer - Sep 13 push"
"Botosh Motors LLC","Wholesale Motor Vehicle Dealer","4806851787","Mesa","AZ","L10002958","State-licensed wholesale dealer - Sep 13 push"
"BOUCHER AUTO SALES, LLC","Wholesale Motor Vehicle Dealer","(405) 603-4195","WARR ACRES","OK","10669","State-licensed wholesale dealer - Sep 13 push"
"BOULDER BUYING SERVICE","Wholesale Motor Vehicle Dealer","","BOULDER","CO","8917","State-licensed wholesale dealer - Sep 13 push"
"BOULDER CLASSICS LLC","Wholesale Motor Vehicle Dealer","","LOUISVILLE","CO","39149","State-licensed wholesale dealer - Sep 13 push"
"BOYZ AUTO SALES LLC","Wholesale Motor Vehicle Dealer","6027696149","LITCHFIELD PARK","AZ","L10002226","State-licensed wholesale dealer - Sep 13 push"
"Bpf Sales LLC","Wholesale Motor Vehicle Dealer","6027038592","Scottsdale","AZ","L00015293","State-licensed wholesale dealer - Sep 13 push"
"BR AUTO SALES &amp; RENTAL LLC","Wholesale Motor Vehicle Dealer","(347)567-1056","ALTAMONTE SPRINGS","FL","1145266-1","State-licensed wholesale dealer - Sep 13 push"
"Bradley S Johnson Inc","Wholesale Motor Vehicle Dealer","7143156964","Phoenix","AZ","L10001749","State-licensed wholesale dealer - Sep 13 push"
"BRANDON MOTORS","Wholesale Motor Vehicle Dealer","","Littleton","CO","43592","State-licensed wholesale dealer - Sep 13 push"
"BRANLEY AUTO","Wholesale Motor Vehicle Dealer","","CASTLE ROCK","CO","39296","State-licensed wholesale dealer - Sep 13 push"
"BRAXTON MOTORS, INC","Wholesale Motor Vehicle Dealer","(405) 205-9790","OKLAHOMA CITY","OK","10703","State-licensed wholesale dealer - Sep 13 push"
"Breeze Motor Sport LLC","Wholesale Motor Vehicle Dealer","6023630548","Avondale","AZ","L10003662","State-licensed wholesale dealer - Sep 13 push"
"BREIDEL HOMES, LLC","Wholesale Motor Vehicle Dealer","","MONTROSE","CO","43427","State-licensed wholesale dealer - Sep 13 push"
"Brele Investments LLC","Wholesale Dealer License","(210) 771-8807","Pipe Creek","TX","P172068W","State-licensed wholesale dealer - Sep 13 push"
"Brentwood Auto Group","Wholesale Motor Vehicle Dealer","4804661182","Chandler","AZ","L10000826","State-licensed wholesale dealer - Sep 13 push"
"BRIAN HAERING INC","Wholesale Motor Vehicle Dealer","6268909248","Chandler","AZ","L10002613","State-licensed wholesale dealer - Sep 13 push"
"Brick Auto Sales, LLC","Wholesale Motor Vehicle Dealer","","Centennial","CO","46097","State-licensed wholesale dealer - Sep 13 push"
"BRICO, LLC","Wholesale Motor Vehicle Dealer","(561)797-2400","MARGATE","FL","1086521-1","State-licensed wholesale dealer - Sep 13 push"
"BRICO, LLC DBA  AUTOBUY","Wholesale Motor Vehicle Dealer","(561)797-2400","MIAMI GARDENS","FL","1147823-1","State-licensed wholesale dealer - Sep 13 push"
"Bright Auto LLC","Wholesale Motor Vehicle Dealer","6023013082","Phoenix","AZ","L00015493","State-licensed wholesale dealer - Sep 13 push"
"BRILIAM LLC","Wholesale Motor Vehicle Dealer","(727)455-1500","NEW PORT RICHEY","FL","1153280-1","State-licensed wholesale dealer - Sep 13 push"
"Britalia LLC","Wholesale Motor Vehicle Dealer","4803288468","Scottsdale","AZ","L00014716","State-licensed wholesale dealer - Sep 13 push"
"Brittany Motors, LTD","Motor Vehicle Dealer (general)","","Johnston","RI","40","State-licensed dealer - Sep 13 push"
"BROKEN ROAD WHOLESALE AUTO","Wholesale Motor Vehicle Dealer","(405) 640-5012","CROMWELL","OK","10707","State-licensed wholesale dealer - Sep 13 push"
"bros auto wholesales LLC","Wholesale Motor Vehicle Dealer","6029184518","Phoenix","AZ","L10003030","State-licensed wholesale dealer - Sep 13 push"
"BROTHERS OF OTHER MOTHERS LLC","Wholesale Motor Vehicle Dealer","602-413-2478","MESA","AZ","L10003053","State-licensed wholesale dealer - Sep 13 push"
"BRYAN AUTO 05 DEALER CORP","Wholesale Motor Vehicle Dealer","(746)706-3845","MIAMI","FL","1152264-1","State-licensed wholesale dealer - Sep 13 push"
"BSK MOTORS OF JACKSONVILLE, INC","Wholesale Motor Vehicle Dealer","(904)962-0767","JACKSONVILLE","FL","1152372-1","State-licensed wholesale dealer - Sep 13 push"
"Bubobry, LLC","Wholesale Motor Vehicle Dealer","4803638252","Phoenix","AZ","L00011213","State-licensed wholesale dealer - Sep 13 push"
"Bucci?s Auto Sales, Inc.","Motor Vehicle Dealer (general)","","Cumberland","RI","661","State-licensed dealer - Sep 13 push"
"BUCK'S AUTO AND TRUCKS SALES LLC","Wholesale Motor Vehicle Dealer","(407)920-3195","LAKELAND","FL","1154094-1","State-licensed wholesale dealer - Sep 13 push"
"Buddy's Motors","Wholesale Motor Vehicle Dealer","951-313-1195","Quartzsite","AZ","L10003303","State-licensed wholesale dealer - Sep 13 push"
"BUDGET AUTO SALES & SERVICES LLC","Wholesale Motor Vehicle Dealer","6028778899","PHOENIX","AZ","L10002608","State-licensed wholesale dealer - Sep 13 push"
"Budget Cars LLC","Wholesale Motor Vehicle Dealer","6027188359","Glendale","AZ","L00015235","State-licensed wholesale dealer - Sep 13 push"
"BUDS AUTO SALES","Wholesale Motor Vehicle Dealer","","GREELEY","CO","6112","State-licensed wholesale dealer - Sep 13 push"
"Bulldog Motors LLC","Wholesale Motor Vehicle Dealer","","Monument","CO","41325","State-licensed wholesale dealer - Sep 13 push"
"Bullett Motors","Wholesale Motor Vehicle Dealer","4802823649","Apache Junction","AZ","L00016168","State-licensed wholesale dealer - Sep 13 push"
"BURKE'S BUGGYS","Wholesale Motor Vehicle Dealer","(405) 417-0175","AFTON","OK","10249","State-licensed wholesale dealer - Sep 13 push"
"Burrillville Motor Sales Inc.","Motor Vehicle Dealer (general)","","Pascoag","RI","4","State-licensed dealer - Sep 13 push"
"Buyers Market and Wholesale Inc","Motor Vehicle Dealer (wholesale name match)","208-529-2277","Idaho Falls","ID","1364-0","State-licensed dealer - Sep 13 push"
"C & J WHOLESALE LLC","Wholesale Motor Vehicle Dealer","623-312-9580","PEORIA","AZ","L10001863","State-licensed wholesale dealer - Sep 13 push"
"C & M Wholesale LLC","Wholesale Motor Vehicle Dealer","6029307858","Phoenix","AZ","L00014852","State-licensed wholesale dealer - Sep 13 push"
"C & S Specialty, Inc","Motor Vehicle Dealer (general)","","North Smithfield","RI","240","State-licensed dealer - Sep 13 push"
"C & T Auto Wholesale LLC","Wholesale Motor Vehicle Dealer","6026955980","Phoenix","AZ","L00010530","State-licensed wholesale dealer - Sep 13 push"
"C- BECK AUTO LLC","Wholesale Motor Vehicle Dealer","","Elizabeth","CO","41798","State-licensed wholesale dealer - Sep 13 push"
"CAB WEST LLC","Wholesale Motor Vehicle Dealer","","COLORADO SPRINGS","CO","37238","State-licensed wholesale dealer - Sep 13 push"
"Calbert Auto Sales LLC","Wholesale Motor Vehicle Dealer","6026907310","Chandler","AZ","L10000275","State-licensed wholesale dealer - Sep 13 push"
"Calco Auto Sales","Motor Vehicle Dealer (general)","","Johnston","RI","556","State-licensed dealer - Sep 13 push"
"Caliber Auto Boat Sales","Wholesale Motor Vehicle Dealer","6022919893","Fountain Hills","AZ","L00005734","State-licensed wholesale dealer - Sep 13 push"
"Caliber Motor Company","Wholesale Motor Vehicle Dealer","602-684-6712","Scottsdale","AZ","L00006128","State-licensed wholesale dealer - Sep 13 push"
"California Trucks & Suvs Outlet LLC","Wholesale Motor Vehicle Dealer","4802701434","Scottsdale","AZ","L00012197","State-licensed wholesale dealer - Sep 13 push"
"Cambio?s Auto Sales","Motor Vehicle Dealer (general)","","Providence","RI","684","State-licensed dealer - Sep 13 push"
"Camelback Car Company","Wholesale Motor Vehicle Dealer","6024181736","Paradise Valley","AZ","L00005178","State-licensed wholesale dealer - Sep 13 push"
"Canyon Car Sales LLC","Wholesale Motor Vehicle Dealer","6232010114","Peoria","AZ","L10002559","State-licensed wholesale dealer - Sep 13 push"
"CANYON STATE FUNDING LLC","Wholesale Motor Vehicle Dealer","516-502-5030","GLENDALE","AZ","L10002863","State-licensed wholesale dealer - Sep 13 push"
"Capital Auto Sales, Inc.","Motor Vehicle Dealer (general)","","Johnston","RI","111","State-licensed dealer - Sep 13 push"
"CAPITAL AUTOS","Wholesale Motor Vehicle Dealer","520-990-0393","TUCSON","AZ","L10002839","State-licensed wholesale dealer - Sep 13 push"
"Capital Car Center, Inc.","Motor Vehicle Dealer (general)","","Providence","RI","458","State-licensed dealer - Sep 13 push"
"Capital City Auto Sales Main","Motor Vehicle Dealer (general)","","Providence","RI","87","State-licensed dealer - Sep 13 push"
"CAPITAL ONE FUNDING LLC","Wholesale Motor Vehicle Dealer","602-910-8287","PHOENIX","AZ","L10001467","State-licensed wholesale dealer - Sep 13 push"
"Capozzi?s Auto Sales & Salvage, Inc.","Motor Vehicle Dealer (general)","","Coventry","RI","439","State-licensed dealer - Sep 13 push"
"Car Connections Auto Sales","Motor Vehicle Dealer (general)","","Newport","RI","644","State-licensed dealer - Sep 13 push"
"Car Lanes LLC","Wholesale Motor Vehicle Dealer","5204095211","Tucson","AZ","L10000734","State-licensed wholesale dealer - Sep 13 push"
"CAR MASTERS, LLC","Wholesale Motor Vehicle Dealer","(918) 712-9571","TULSA","OK","10722","State-licensed wholesale dealer - Sep 13 push"
"Car Now LLC","Wholesale Motor Vehicle Dealer","734-680-9904","Phoenix","AZ","L10001521","State-licensed wholesale dealer - Sep 13 push"
"CAR SOURCE, INC","Wholesale Motor Vehicle Dealer","(405) 642-6420","OKLAHOMA CITY","OK","10373","State-licensed wholesale dealer - Sep 13 push"
"CAR USA REMARKETING","Wholesale Motor Vehicle Dealer","(405)348-5880","EDMOND","OK","10155","State-licensed wholesale dealer - Sep 13 push"
"Caravan Auto","Motor Vehicle Dealer (general)","","Cranston","RI","625","State-licensed dealer - Sep 13 push"
"Carbon Valley Motors","Wholesale Motor Vehicle Dealer","","Frederick","CO","44774","State-licensed wholesale dealer - Sep 13 push"
"CARBRIDGE CORPORATION","Wholesale Motor Vehicle Dealer","(305)323-1800","MIAMI","FL","1140488-1","State-licensed wholesale dealer - Sep 13 push"
"Cardinal Custom Cars, LLC","Wholesale Motor Vehicle Dealer","602-790-3296","Phoenix","AZ","L10003277","State-licensed wholesale dealer - Sep 13 push"
"CARDOSO AUTO","Wholesale Motor Vehicle Dealer","6027140084","Phoenix","AZ","L10001567","State-licensed wholesale dealer - Sep 13 push"
"Carfinity Auto","Wholesale Motor Vehicle Dealer","","Aurora","CO","47545","State-licensed wholesale dealer - Sep 13 push"
"Carfinity LLC","Wholesale Motor Vehicle Dealer","6024103459","avondale","AZ","L10002921","State-licensed wholesale dealer - Sep 13 push"
"CARGROUP HOLDINGS LLC","Wholesale Motor Vehicle Dealer","(727)232-9898","BAYONET","FL","1098717-6","State-licensed wholesale dealer - Sep 13 push"
"Carlos? Auto Sales and Service","Motor Vehicle Dealer (general)","","Pawtucket","RI","316","State-licensed dealer - Sep 13 push"
"Carlux LLC","Wholesale Motor Vehicle Dealer","5205650776","Tucson","AZ","L10003612","State-licensed wholesale dealer - Sep 13 push"
"CarMax","Motor Vehicle Dealer (general)","","Cranston","RI","169","State-licensed dealer - Sep 13 push"
"CarMax Auctions","Wholesale Dealer License","(804) 747-0422","MIDLOTHIAN","TX","P172502W","State-licensed wholesale dealer - Sep 13 push"
"CARMAX AUTO SUPERSTORES, INC.","Wholesale Motor Vehicle Dealer","(786)437-3372","MIAMI","FL","1149453-1","State-licensed wholesale dealer - Sep 13 push"
"Carmo Wholesale Dealer","Wholesale Motor Vehicle Dealer","6023869307","Phoenix","AZ","L00012418","State-licensed wholesale dealer - Sep 13 push"
"CARNECT AZ LLC","Wholesale Motor Vehicle Dealer","915-216-8180","SURPRISE","AZ","L10001657","State-licensed wholesale dealer - Sep 13 push"
"Carr?s Garage, Inc.","Motor Vehicle Dealer (general)","","Cumberland","RI","588","State-licensed dealer - Sep 13 push"
"Cars for Charity, Inc.","Wholesale Motor Vehicle Dealer","","Golden","CO","3429","State-licensed wholesale dealer - Sep 13 push"
"Cars For Rackz","Wholesale Motor Vehicle Dealer","6026160846","Phoenix","AZ","L10003590","State-licensed wholesale dealer - Sep 13 push"
"Cars Helping Charities, Inc.","Wholesale Motor Vehicle Dealer","","Castle Rock","CO","47045","State-licensed wholesale dealer - Sep 13 push"
"Cars Nation LLC","Wholesale Motor Vehicle Dealer","4808091587","Laveen","AZ","L10001985","State-licensed wholesale dealer - Sep 13 push"
"Cars Primo","Motor Vehicle Dealer (general)","","East Providence","RI","578","State-licensed dealer - Sep 13 push"
"Cars Unlimited","Motor Vehicle Dealer (general)","","Cumberland","RI","512","State-licensed dealer - Sep 13 push"
"CARS USA LOGISTIC LLC","Wholesale Motor Vehicle Dealer","(407)668-3916","WINTER PARK","FL","1152870-1","State-licensed wholesale dealer - Sep 13 push"
"CARS WHOLESALE","Motor Vehicle Dealer (wholesale name match)","","JOHNSON CITY","TN","21115","State-licensed dealer - Sep 13 push"
"CARSMART INC.","Wholesale Motor Vehicle Dealer","","Highlands Ranch","CO","39269","State-licensed wholesale dealer - Sep 13 push"
"Cartex Auto Sales, LLC","Motor Vehicle Dealer (general)","","Pawtucket","RI","643","State-licensed dealer - Sep 13 push"
"Casale Auto Sales and Auto Body, Inc.","Motor Vehicle Dealer (general)","","Johnston","RI","90","State-licensed dealer - Sep 13 push"
"Cash Time Title Loans Inc","Wholesale Motor Vehicle Dealer","4809944559","Phoenix","AZ","L00005324","State-licensed wholesale dealer - Sep 13 push"
"Caspi Pro LLC","Wholesale Motor Vehicle Dealer","4805149642","Scottsdale","AZ","L10003090","State-licensed wholesale dealer - Sep 13 push"
"CAVALLINO ROSSO LLC","Wholesale Motor Vehicle Dealer","(561)696-3582","BOCA RATON","FL","1148289-1","State-licensed wholesale dealer - Sep 13 push"
"CB AUTOTECH INC","Wholesale Motor Vehicle Dealer","(904)588-6749","JACKSONVILLE","FL","1140907-1","State-licensed wholesale dealer - Sep 13 push"
"CB Motor Company","Wholesale Motor Vehicle Dealer","4804957691","Queen Creek","AZ","L10001351","State-licensed wholesale dealer - Sep 13 push"
"CEIMF LLC","Wholesale Motor Vehicle Dealer","(347)841-2654","MIAMI GARDENS","FL","1149207-1","State-licensed wholesale dealer - Sep 13 push"
"CENTENNIAL LEASING INC","Wholesale Motor Vehicle Dealer","","Englewood","CO","1100","State-licensed wholesale dealer - Sep 13 push"
"CENTERONE FINANCIAL SERVICES LLC","Wholesale Motor Vehicle Dealer","(954)420-4604","DEERFIELD BEACH","FL","1003361-1","State-licensed wholesale dealer - Sep 13 push"
"CENTEX WHOLESALE AUTOS, LLC","Wholesale Dealer License","(254) 717-8859","WACO","TX","P167921W","State-licensed wholesale dealer - Sep 13 push"
"CENTRAL AUTO DEPOT LLC","Wholesale Motor Vehicle Dealer","602-410-6482","PHOENIX","AZ","L10002273","State-licensed wholesale dealer - Sep 13 push"
"Cerroni?s Auto Sales","Motor Vehicle Dealer (general)","","Smithfield","RI","517","State-licensed dealer - Sep 13 push"
"Certified Auto Sales & Service","Motor Vehicle Dealer (general)","","North Providence","RI","470","State-licensed dealer - Sep 13 push"
"Cesame Motor Sports LLC","Wholesale Motor Vehicle Dealer","4806969255","Laveen","AZ","L10002311","State-licensed wholesale dealer - Sep 13 push"
"CHABOT INDUSTRIES LLC","Wholesale Dealer License","(361) 443-0570","NEW BRAUNFELS","TX","P161031W","State-licensed wholesale dealer - Sep 13 push"
"CHALLENGE MOTORS INC","Wholesale Dealer License","(617) 797-3071","Sugar Land","TX","P152193W","State-licensed wholesale dealer - Sep 13 push"
"CHAMPION AUTO SALES, LLC.","Wholesale Motor Vehicle Dealer","","Littleton","CO","45425","State-licensed wholesale dealer - Sep 13 push"
"Champion Collision & Sales, Inc.","Motor Vehicle Dealer (general)","","Pawtucket","RI","717","State-licensed dealer - Sep 13 push"
"Chandler Auto Wholesalers LLC","Wholesale Motor Vehicle Dealer","4807978093","Chandler","AZ","L10001910","State-licensed wholesale dealer - Sep 13 push"
"CHAVEZ CHASSIS","Wholesale Motor Vehicle Dealer","(405) 241-9693","CHOCTAW","OK","10520","State-licensed wholesale dealer - Sep 13 push"
"Chestnut Hill Truck and Auto Sales, LLC","Motor Vehicle Dealer (general)","","Cranston","RI","86","State-licensed dealer - Sep 13 push"
"Chicago Import Auto Sales","Wholesale Motor Vehicle Dealer","6024020127","Phoenix","AZ","L00010457","State-licensed wholesale dealer - Sep 13 push"
"Chicali Auto Enterprise LLC","Wholesale Motor Vehicle Dealer","9282871910","Tolleson","AZ","L00015657","State-licensed wholesale dealer - Sep 13 push"
"Chiqui Auto Sales & Muffler","Motor Vehicle Dealer (general)","","Central Falls","RI","310","State-licensed dealer - Sep 13 push"
"Christopher Motors, Inc.","Motor Vehicle Dealer (general)","","Warwick","RI","768","State-licensed dealer - Sep 13 push"
"Christy?s Auto Sales Inc.","Motor Vehicle Dealer (general)","","Johnston","RI","250","State-licensed dealer - Sep 13 push"
"City Limit Auto Sales","Motor Vehicle Dealer (general)","","Johnston","RI","617","State-licensed dealer - Sep 13 push"
"CITY MOTORS LLC","Wholesale Motor Vehicle Dealer","","Aurora","CO","45351","State-licensed wholesale dealer - Sep 13 push"
"CK2 Automotive, LLC.","Wholesale Motor Vehicle Dealer","","Brighton","CO","46565","State-licensed wholesale dealer - Sep 13 push"
"CLAES SERVICES","Wholesale Motor Vehicle Dealer","","Colorado Springs","CO","46106","State-licensed wholesale dealer - Sep 13 push"
"CLARK CONSTRUCTION & CONSULTING INC.","Wholesale Motor Vehicle Dealer","","BOULDER","CO","39175","State-licensed wholesale dealer - Sep 13 push"
"Clarke Sons Auto LLC","Wholesale Motor Vehicle Dealer","3237757907","phoenix","AZ","L10001111","State-licensed wholesale dealer - Sep 13 push"
"Class Act Motors, Inc.","Motor Vehicle Dealer (general)","","Providence","RI","279","State-licensed dealer - Sep 13 push"
"CLASSIC REMARKETING, LLC","Wholesale Motor Vehicle Dealer","6159270514","SCOTTSDALE","AZ","L10001589","State-licensed wholesale dealer - Sep 13 push"
"CMA FINANCIAL LLC","Wholesale Motor Vehicle Dealer","623-418-9159","Phoenix","AZ","L10002973","State-licensed wholesale dealer - Sep 13 push"
"CNT LOGISTIC LLC","Wholesale Motor Vehicle Dealer","(407)574-1553","ORLANDO","FL","1152420-1","State-licensed wholesale dealer - Sep 13 push"
"COACH RESOURCE LLC","Wholesale Motor Vehicle Dealer","","Lakewood","CO","44873","State-licensed wholesale dealer - Sep 13 push"
"COAST TO COAST AUTO SALES LLC","Wholesale Motor Vehicle Dealer","602-592-5712","MESA","AZ","L10002205","State-licensed wholesale dealer - Sep 13 push"
"Coastal Auto Sales","Motor Vehicle Dealer (general)","","Pawtucket","RI","243","State-licensed dealer - Sep 13 push"
"Cobra Motor Sports LLC","Wholesale Motor Vehicle Dealer","6025072516","Glendale","AZ","L10003448","State-licensed wholesale dealer - Sep 13 push"
"Colby Family Auto Investments, LLC","Wholesale Motor Vehicle Dealer","6239153520","Scottsdale","AZ","L10002035","State-licensed wholesale dealer - Sep 13 push"
"Coletta's Auto Sales","Motor Vehicle Dealer (general)","","Providence","RI","361","State-licensed dealer - Sep 13 push"
"Collector's Dream LLC","Wholesale Motor Vehicle Dealer","4803750772","Mesa","AZ","L00016727","State-licensed wholesale dealer - Sep 13 push"
"COLLISION CENTER OF NORTH MIAMI, LLC","Wholesale Motor Vehicle Dealer","(305)990-2610","MIAMI","FL","1141052-1","State-licensed wholesale dealer - Sep 13 push"
"Collision Redemption LLC","Wholesale Dealer License","(281) 824-4568","ALVIN","TX","P169005W","State-licensed wholesale dealer - Sep 13 push"
"Colorado Auto Traders LLC","Wholesale Motor Vehicle Dealer","","Colorado Springs","CO","39161","State-licensed wholesale dealer - Sep 13 push"
"Colorado Car Buyer, LLC.","Wholesale Motor Vehicle Dealer","","Fort Collins","CO","44095","State-licensed wholesale dealer - Sep 13 push"
"Colorado Fleet Lease LLC","Wholesale Motor Vehicle Dealer","","Colorado Springs","CO","42792","State-licensed wholesale dealer - Sep 13 push"
"COLORADO MOTORS","Wholesale Motor Vehicle Dealer","","GOLDEN","CO","7772","State-licensed wholesale dealer - Sep 13 push"
"Colorado Springs Auto Wholesale, LLC.","Wholesale Motor Vehicle Dealer","","Colorado Springs","CO","47250","State-licensed wholesale dealer - Sep 13 push"
"Commercial Motors, LLC","Motor Vehicle Dealer (general)","","North Providence","RI","507","State-licensed dealer - Sep 13 push"
"Competition Speedworks LLC","Wholesale Dealer License","(512) 957-0977","DRIPPING SPRINGS","TX","P161718W","State-licensed wholesale dealer - Sep 13 push"
"Competitive Motorsports LLC","Wholesale Motor Vehicle Dealer","602 684 2870","Phoenix","AZ","L00008169","State-licensed wholesale dealer - Sep 13 push"
"CONSUMER DIRECT AUTO LLC","Wholesale Motor Vehicle Dealer","(727)423-1913","CLEARWATER","FL","1138303-1","State-licensed wholesale dealer - Sep 13 push"
"CONSUMER FINANCE","Wholesale Motor Vehicle Dealer","602-334-3727","PHOENIX","AZ","L10000561","State-licensed wholesale dealer - Sep 13 push"
"Continental Funding","Wholesale Motor Vehicle Dealer","9175020059","Phoenix","AZ","L00012338","State-licensed wholesale dealer - Sep 13 push"
"CONTINENTAL MOTOR COMPANY INC","Motor Vehicle Dealer (general)","","Anchorage","AK","33","State-licensed dealer - Sep 13 push"
"Continental Trades, LLC","Wholesale Motor Vehicle Dealer","8016080566","Gilbert","AZ","L00013522","State-licensed wholesale dealer - Sep 13 push"
"Contreras Auto Sales LLC","Wholesale Motor Vehicle Dealer","6022977127","Laveen","AZ","L00016694","State-licensed wholesale dealer - Sep 13 push"
"Convertibles4sale LLC","Wholesale Motor Vehicle Dealer","4806305964","Glendale","AZ","L10003087","State-licensed wholesale dealer - Sep 13 push"
"Copart","Wholesale Motor Vehicle Auction License","(737) 201-0441","NEW BRAUNFELS","TX","P148A","State-licensed wholesale dealer - Sep 13 push"
"Copart AUCTION ONLY","Motor Vehicle Dealer (general)","","Exeter","RI","36","State-licensed dealer - Sep 13 push"
"Copper Canyon Auto LLC","Wholesale Motor Vehicle Dealer","602-748-0302","Glendale","AZ","L10003618","State-licensed wholesale dealer - Sep 13 push"
"Copper State Auto Wholesale LLC","Wholesale Motor Vehicle Dealer","6023494759","Tempe","AZ","L10003104","State-licensed wholesale dealer - Sep 13 push"
"Copperstate Truck Sales LLC","Wholesale Motor Vehicle Dealer","602-476-9670","Phoenix","AZ","L10000515","State-licensed wholesale dealer - Sep 13 push"
"Coqui Az LLC","Wholesale Motor Vehicle Dealer","6025852224","Laveen","AZ","L00016072","State-licensed wholesale dealer - Sep 13 push"
"Corsali Motorsports LLC","Wholesale Motor Vehicle Dealer","602-900-3366","Phoenix","AZ","L10003538","State-licensed wholesale dealer - Sep 13 push"
"CORWIN AUTO EXCHANGE LLC","Wholesale Motor Vehicle Dealer","5204767673","PHOENIX","AZ","L10003056","State-licensed wholesale dealer - Sep 13 push"
"COURTNEY LIMITED AUTO SALES","Wholesale Motor Vehicle Dealer","(405)324-2215","YUKON","OK","10154","State-licensed wholesale dealer - Sep 13 push"
"Cousin?s Auto Sales","Motor Vehicle Dealer (general)","","Woonsocket","RI","596","State-licensed dealer - Sep 13 push"
"CRAIG BROWN INC","Wholesale Motor Vehicle Dealer","(352)435-7145","LEESBURG","FL","1151119-1","State-licensed wholesale dealer - Sep 13 push"
"Craig Ellis Company","Wholesale Motor Vehicle Dealer","6024301023","Gilbert","AZ","L00006037","State-licensed wholesale dealer - Sep 13 push"
"Cramer","Wholesale Motor Vehicle Dealer","6239103485","Sun City West","AZ","L00008657","State-licensed wholesale dealer - Sep 13 push"
"Cranston Auto Sales","Motor Vehicle Dealer (general)","","Cranston","RI","370","State-licensed dealer - Sep 13 push"
"CRAWFORD'S AUTO SALES","Wholesale Motor Vehicle Dealer","(918) 227-9952","SAPULPA","OK","10686","State-licensed wholesale dealer - Sep 13 push"
"Creative Wholesalers, L.L.C.","Wholesale Motor Vehicle Dealer","","Aurora","CO","47524","State-licensed wholesale dealer - Sep 13 push"
"CROSSLINE GROUP INC","Wholesale Motor Vehicle Dealer","","DENVER","CO","39646","State-licensed wholesale dealer - Sep 13 push"
"CRYSTAL MOTORS LLC","Wholesale Motor Vehicle Dealer","6028321941","PEORIA","AZ","L10002473","State-licensed wholesale dealer - Sep 13 push"
"CS&L","Wholesale Dealer License","(903) 209-8481","WHITESBORO","TX","P162015W","State-licensed wholesale dealer - Sep 13 push"
"CU Financial USA","Wholesale Motor Vehicle Dealer","","Centennial","CO","45904","State-licensed wholesale dealer - Sep 13 push"
"Cuda Auto Sales LLC","Wholesale Motor Vehicle Dealer","6023164451","Glendale","AZ","L00007080","State-licensed wholesale dealer - Sep 13 push"
"Cuda Inc","Wholesale Motor Vehicle Dealer","6023771215","Scottsdale","AZ","L00005467","State-licensed wholesale dealer - Sep 13 push"
"Cuellar Cars LLC","Wholesale Motor Vehicle Dealer","","Commerce City","CO","47578","State-licensed wholesale dealer - Sep 13 push"
"Cumberland Hill Auto Sales & Service, Inc.","Motor Vehicle Dealer (general)","","Cumberland","RI","715","State-licensed dealer - Sep 13 push"
"Curtis Auto Sales","Motor Vehicle Dealer (general)","","Providence","RI","637","State-licensed dealer - Sep 13 push"
"Custom Motors","Motor Vehicle Dealer (general)","","East Providence","RI","213","State-licensed dealer - Sep 13 push"
"Cute Cars Wholesale LLC","Wholesale Motor Vehicle Dealer","4806127908","Chandler","AZ","L00011658","State-licensed wholesale dealer - Sep 13 push"
"Cv Auto Sales","Wholesale Motor Vehicle Dealer","9282823118","Camp Verde","AZ","L00016672","State-licensed wholesale dealer - Sep 13 push"
"CW VEHICLES","Wholesale Dealer License","(817) 713-7561","SHERMAN","TX","P168109W","State-licensed wholesale dealer - Sep 13 push"
"Cycle Match LLC","Wholesale Motor Vehicle Dealer","4806942992","Scottsdale","AZ","L00008784","State-licensed wholesale dealer - Sep 13 push"
"Cycle Performance And Sales, LLC","Motor Vehicle Dealer (general)","","Woonsocket","RI","292","State-licensed dealer - Sep 13 push"
"CYNTHIAS AUTO SALES","Wholesale Motor Vehicle Dealer","","AURORA","CO","39918","State-licensed wholesale dealer - Sep 13 push"
"Cytek-Hillsborough Ltd","Wholesale Motor Vehicle Dealer","480-596-1611","Scottsdale","AZ","L00006734","State-licensed wholesale dealer - Sep 13 push"
"D & D Auto Sales, LLC.","Wholesale Motor Vehicle Dealer","","Pueblo","CO","46126","State-licensed wholesale dealer - Sep 13 push"
"D & J Auto Sales, LLC","Motor Vehicle Dealer (general)","","West Warwick","RI","39","State-licensed dealer - Sep 13 push"
"D & S PERFORMANCE AUTOS, INC","Wholesale Motor Vehicle Dealer","(918) 294-1818","BROKEN ARROW","OK","10736","State-licensed wholesale dealer - Sep 13 push"
"D F ENTERPRISES","Wholesale Motor Vehicle Dealer","","Broomfield","CO","6484","State-licensed wholesale dealer - Sep 13 push"
"D W AUTO WHOLESALE LLC","Wholesale Motor Vehicle Dealer","480-599-9888","FOUNTAIN HILLS","AZ","L10001860","State-licensed wholesale dealer - Sep 13 push"
"D&D AUTO WHOLESALE LLC","Wholesale Motor Vehicle Dealer","6025413534","Phoenix","AZ","L10001967","State-licensed wholesale dealer - Sep 13 push"
"D&G Auto Wholesale LLC","Wholesale Motor Vehicle Dealer","4792141028","Buckeye","AZ","L10002217","State-licensed wholesale dealer - Sep 13 push"
"D&J Melendez Auto Sales LLC","Wholesale Motor Vehicle Dealer","3472990523","Phoenix","AZ","L10002413","State-licensed wholesale dealer - Sep 13 push"
"D&M Motor Sales, Inc.","Motor Vehicle Dealer (general)","","Cranston","RI","535","State-licensed dealer - Sep 13 push"
"D&M TRUCK SALES","Wholesale Dealer License","(903) 654-0319","KEMP","TX","P143620W","State-licensed wholesale dealer - Sep 13 push"
"D&Y Autos Wholesale","Wholesale Motor Vehicle Dealer","6029800076","Tolleson","AZ","L00016162","State-licensed wholesale dealer - Sep 13 push"
"D.G. AUTO REPAIR LLC","Wholesale Motor Vehicle Dealer","602-813-6727","PHOENIX","AZ","L10003334","State-licensed wholesale dealer - Sep 13 push"
"D?Agostino Motors LTD","Motor Vehicle Dealer (general)","","Smithfield","RI","383","State-licensed dealer - Sep 13 push"
"D?Agostino's Auto Sales and Salvage, Inc.","Motor Vehicle Dealer (general)","","North Providence","RI","612","State-licensed dealer - Sep 13 push"
"D?Ambra Auto Sales, Inc.","Motor Vehicle Dealer (general)","","Providence","RI","682","State-licensed dealer - Sep 13 push"
"Daat LLC","Wholesale Motor Vehicle Dealer","5203697379","Buckeye","AZ","L10003437","State-licensed wholesale dealer - Sep 13 push"
"DALET ENTERPRISES","Wholesale Motor Vehicle Dealer","","MANITOU SPRINGS","CO","36903","State-licensed wholesale dealer - Sep 13 push"
"Daltons Autos, Inc.","Wholesale Motor Vehicle Dealer","","Timnath","CO","37586","State-licensed wholesale dealer - Sep 13 push"
"Daniel King","Wholesale Motor Vehicle Dealer","6304400071","SCOTTSDALE","AZ","L10003275","State-licensed wholesale dealer - Sep 13 push"
"DANIL LLC","Wholesale Motor Vehicle Dealer","2077763631","PHOENIX","AZ","L10002629","State-licensed wholesale dealer - Sep 13 push"
"Dank Industries","Wholesale Motor Vehicle Dealer","5203559479","tucson","AZ","L10002866","State-licensed wholesale dealer - Sep 13 push"
"Dans Auto Sales","Wholesale Motor Vehicle Dealer","","Mack","CO","38587","State-licensed wholesale dealer - Sep 13 push"
"Darlington Auto Sales and Auto Body","Motor Vehicle Dealer (general)","","Pawtucket","RI","254","State-licensed dealer - Sep 13 push"
"DARYANI MOTORS","Wholesale Motor Vehicle Dealer","6195071060","SCOTTSDALE","AZ","L10002154","State-licensed wholesale dealer - Sep 13 push"
"DAVES BEST CAR BUYS","Wholesale Motor Vehicle Dealer","","PUEBLO WEST","CO","7407","State-licensed wholesale dealer - Sep 13 push"
"David AZ Group LLC","Wholesale Motor Vehicle Dealer","623-377-0615","Glendale","AZ","L10001580","State-licensed wholesale dealer - Sep 13 push"
"David Dubois Enterprises","Wholesale Motor Vehicle Dealer","5202729836","Tucson","AZ","L00007769","State-licensed wholesale dealer - Sep 13 push"
"DAVIES AUTOMOTIVE LLC","Wholesale Motor Vehicle Dealer","(989)254-7446","JACKSONVILLE BEACH","FL","1152433-1","State-licensed wholesale dealer - Sep 13 push"
"DAY 11, LLC","Wholesale Motor Vehicle Dealer","(850)398-2107","JACKSONVILLE","FL","1151566-1","State-licensed wholesale dealer - Sep 13 push"
"Dbs Marketing Group LLC","Wholesale Motor Vehicle Dealer","4802656255","San Tan Valley","AZ","L00015808","State-licensed wholesale dealer - Sep 13 push"
"DC CARS LLC","Wholesale Motor Vehicle Dealer","480-925-7808","Phoenix","AZ","L10001292","State-licensed wholesale dealer - Sep 13 push"
"DC HEAVY EQUIPMENT AND TRUCK PARTS LLC","Wholesale Motor Vehicle Dealer","(727)495-8431","TAMPA","FL","1150599-1","State-licensed wholesale dealer - Sep 13 push"
"DCA Automotive LLC","Wholesale Motor Vehicle Dealer","6232906083","Phoenix","AZ","L10002712","State-licensed wholesale dealer - Sep 13 push"
"DD AUTOMOTIVE LLC","Wholesale Motor Vehicle Dealer","480-851-3126","GLENDALE","AZ","L10001205","State-licensed wholesale dealer - Sep 13 push"
"DDB ELECTRONICS LLC","Wholesale Motor Vehicle Dealer","(786)979-4315","HOLLYWOOD","FL","1153473-1","State-licensed wholesale dealer - Sep 13 push"
"DDR Wholesale LLC","Motor Vehicle Dealer (wholesale name match)","(208) 415-1988","Dalton Gardens","ID","7067-0","State-licensed dealer - Sep 13 push"
"DE LA VEGA MOTORS AZ","Wholesale Motor Vehicle Dealer","4803215723","Phoenix","AZ","L10003616","State-licensed wholesale dealer - Sep 13 push"
"DEALER CLUB REMARKETING LLC","Wholesale Motor Vehicle Dealer","(941)217-6889","SARASOTA","FL","1148905-1","State-licensed wholesale dealer - Sep 13 push"
"DEALER DIRECT WHOLESALE LLC","Wholesale Motor Vehicle Dealer","(407)257-9037","ORLANDO","FL","1125544-1","State-licensed wholesale dealer - Sep 13 push"
"Dealer Network Group Auto Wholesale","Wholesale Motor Vehicle Dealer","6027393325","Phoenix","AZ","L00008616","State-licensed wholesale dealer - Sep 13 push"
"Dealer of America INC","Wholesale Motor Vehicle Dealer","8328831708","Glendale","AZ","L10003673","State-licensed wholesale dealer - Sep 13 push"
"Dealer Wholesale Inc","Wholesale Motor Vehicle Dealer","4807975805","Queen Creek","AZ","L00005772","State-licensed wholesale dealer - Sep 13 push"
"Dealerauctionservicesaz llc","Wholesale Motor Vehicle Dealer","4065990497","Scottsdale","AZ","L10003647","State-licensed wholesale dealer - Sep 13 push"
"Dealers Auction Xchange of Amarillo, LLC","Wholesale Motor Vehicle Auction License","(806) 374-8982","Amarillo","TX","P164901A","State-licensed wholesale dealer - Sep 13 push"
"DEALERTRACK TRADE OPERATIONS, LLC","Wholesale Motor Vehicle Dealer","(405) 285-6924","EDMOND","OK","10714","State-licensed wholesale dealer - Sep 13 push"
"DECENT AUTO MOTORS CORP","Wholesale Motor Vehicle Dealer","(407)978-7445","LONGWOOD","FL","1150920-1","State-licensed wholesale dealer - Sep 13 push"
"Deep Ellum Financial Group LLC","Wholesale Dealer License","(956) 372-8669","BROWNSVILLE","TX","P170021W","State-licensed wholesale dealer - Sep 13 push"
"Denco","Wholesale Motor Vehicle Dealer","","Parker","CO","46184","State-licensed wholesale dealer - Sep 13 push"
"Denver Direct Auto Brokers, LLC","Wholesale Motor Vehicle Dealer","","Wheat Ridge","CO","46866","State-licensed wholesale dealer - Sep 13 push"
"Dependable Auto Financial LLC","Wholesale Motor Vehicle Dealer","5208783281","Tucson","AZ","L10002436","State-licensed wholesale dealer - Sep 13 push"
"Desert Auto Deals","Wholesale Motor Vehicle Dealer","4803322103","Tempe","AZ","L10001835","State-licensed wholesale dealer - Sep 13 push"
"Desert Auto Sales","Wholesale Motor Vehicle Dealer","6233992880","Glendale","AZ","L00010535","State-licensed wholesale dealer - Sep 13 push"
"Desert Automotive LLC","Wholesale Motor Vehicle Dealer","520-940-5137","Sierra Vista","AZ","L00012886","State-licensed wholesale dealer - Sep 13 push"
"Desert Dogs Automotive llc","Wholesale Motor Vehicle Dealer","4802746947","San Tan Valley","AZ","L10003562","State-licensed wholesale dealer - Sep 13 push"
"Desert eagle 1 LLC","Wholesale Motor Vehicle Dealer","6234186504","PEORIA","AZ","L10002603","State-licensed wholesale dealer - Sep 13 push"
"Desert Hills Rv LLC","Wholesale Motor Vehicle Dealer","6026158160","Phoenix","AZ","L00010164","State-licensed wholesale dealer - Sep 13 push"
"Desert Motor Group LLC","Wholesale Motor Vehicle Dealer","5204061316","Rio Rico","AZ","L10003624","State-licensed wholesale dealer - Sep 13 push"
"Desert Motors","Wholesale Motor Vehicle Dealer","5209801819","Rio Rico","AZ","L00014889","State-licensed wholesale dealer - Sep 13 push"
"DESERT MOTORS FINANCIAL LLC","Wholesale Motor Vehicle Dealer","602-517-3046","GLENDALE","AZ","L10002101","State-licensed wholesale dealer - Sep 13 push"
"DESERT RIDGE AUTOMOBILES LLC","Wholesale Motor Vehicle Dealer","480-749-5923","LAVEEN","AZ","L10001063","State-licensed wholesale dealer - Sep 13 push"
"DESERT VALLEY AUTO WHOLESALE LLC","Wholesale Motor Vehicle Dealer","480-955-4667","PEORIA","AZ","L10000376","State-licensed wholesale dealer - Sep 13 push"
"Desert valley automotive","Wholesale Motor Vehicle Dealer","5203081765","Phoenix","AZ","L10001121","State-licensed wholesale dealer - Sep 13 push"
"Desperautos LLC","Wholesale Motor Vehicle Dealer","602-684-3644","Mesa","AZ","L00010560","State-licensed wholesale dealer - Sep 13 push"
"Dessert Drive Motors","Wholesale Motor Vehicle Dealer","602-228-2182","Surprise","AZ","L10002445","State-licensed wholesale dealer - Sep 13 push"
"DESTINATION 4X4 LLC","Wholesale Motor Vehicle Dealer","","Denver","CO","44697","State-licensed wholesale dealer - Sep 13 push"
"Detroit Motor Cars","Motor Vehicle Dealer (general)","","North Providence","RI","707","State-licensed dealer - Sep 13 push"
"Devaney Auto Sales And Service","Motor Vehicle Dealer (general)","","East Providence","RI","489","State-licensed dealer - Sep 13 push"
"Dewayne's Enterprises Inc","Wholesale Motor Vehicle Dealer","6024696040","Surprise","AZ","L10002221","State-licensed wholesale dealer - Sep 13 push"
"DEWEY'S COOK INLET, INC","Motor Vehicle Dealer (general)","","Anchorage","AK","176","State-licensed dealer - Sep 13 push"
"DIAMOND AUTO DEALS LLC","Wholesale Motor Vehicle Dealer","5202737810","TUCSON","AZ","L10002830","State-licensed wholesale dealer - Sep 13 push"
"Diamond Motors llc","Wholesale Motor Vehicle Dealer","4802666140","Phoenix","AZ","L10003471","State-licensed wholesale dealer - Sep 13 push"
"Diamond Rp Auto Sales LLC","Wholesale Motor Vehicle Dealer","4805778292","Phoenix","AZ","L00013118","State-licensed wholesale dealer - Sep 13 push"
"Diamond Wholesale Auto","Motor Vehicle Dealer (wholesale name match)","","West Des Moines","IA","D443","State-licensed dealer - Sep 13 push"
"Diaz Wholesales & Rentals LLC","Wholesale Motor Vehicle Dealer","6232032612","Glendale","AZ","L10003535","State-licensed wholesale dealer - Sep 13 push"
"Dick Shappy Vintage Auto Sales, LLC","Motor Vehicle Dealer (general)","","Providence","RI","116","State-licensed dealer - Sep 13 push"
"DIGITAL MOTOR GROUP, LLC","Wholesale Motor Vehicle Dealer","(646)893-5200","FORT LAUDERDALE","FL","1151177-1","State-licensed wholesale dealer - Sep 13 push"
"Dinola Auto Sales, Inc.","Motor Vehicle Dealer (general)","","Oakland","RI","627","State-licensed dealer - Sep 13 push"
"Direct line auto group llc","Wholesale Motor Vehicle Dealer","6023089466","Phoenix","AZ","L10002811","State-licensed wholesale dealer - Sep 13 push"
"Distinctive Motor Cars Unlimited","Motor Vehicle Dealer (general)","","Johnston","RI","272","State-licensed dealer - Sep 13 push"
"Division Street Auto Sales & Service, Inc.","Motor Vehicle Dealer (general)","","Pawtucket","RI","239","State-licensed dealer - Sep 13 push"
"Dixon Motors LLC","Wholesale Motor Vehicle Dealer","","Grand Junction","CO","40457","State-licensed wholesale dealer - Sep 13 push"
"Dj Auto LLC","Wholesale Motor Vehicle Dealer","5163206925","Surprise","AZ","L00011368","State-licensed wholesale dealer - Sep 13 push"
"DK Motorsports, LLC","Wholesale Motor Vehicle Dealer","","Arvada","CO","45724","State-licensed wholesale dealer - Sep 13 push"
"DM Motors","Wholesale Dealer License","(210) 326-5545","BULVERDE","TX","P158678W","State-licensed wholesale dealer - Sep 13 push"
"DMC","Wholesale Motor Vehicle Dealer","650-520-9699","SCOTTSDALE","AZ","L10000872","State-licensed wholesale dealer - Sep 13 push"
"DMW WHOLESALE LLC","Wholesale Motor Vehicle Dealer","(407)906-6542","ORLANDO","FL","1153975-1","State-licensed wholesale dealer - Sep 13 push"
"DND WHOLESALE GROUP LLC","Wholesale Motor Vehicle Dealer","6237550490","Phoenix","AZ","L10002817","State-licensed wholesale dealer - Sep 13 push"
"DNS AUTO GROUP LLC","Wholesale Motor Vehicle Dealer","9514121484","Phoenix","AZ","L10001538","State-licensed wholesale dealer - Sep 13 push"
"Do The Most LLC","Wholesale Motor Vehicle Dealer","5206679196","Tucson","AZ","L10003579","State-licensed wholesale dealer - Sep 13 push"
"DON MOTOR WHOLESALE LLC","Wholesale Motor Vehicle Dealer","(407)873-3440","OCALA","FL","1152175-1","State-licensed wholesale dealer - Sep 13 push"
"Donald?s Car Corner","Motor Vehicle Dealer (general)","","Providence","RI","119","State-licensed dealer - Sep 13 push"
"Dora's Auto For Import & Export Worldwide LLC","Wholesale Motor Vehicle Dealer","4806505091","Gilbert","AZ","L00011602","State-licensed wholesale dealer - Sep 13 push"
"Dorman?s Auto Center, Inc. ""Annex""","Motor Vehicle Dealer (general)","","Pawtucket","RI","145","State-licensed dealer - Sep 13 push"
"Dorman?s Auto Center, Inc. ""Main""","Motor Vehicle Dealer (general)","","Pawtucket","RI","685","State-licensed dealer - Sep 13 push"
"Double B Auto Wholesalers Unlimited","Motor Vehicle Dealer (wholesale name match)","208-731-4660","Twin Falls","ID","7114-0","State-licensed dealer - Sep 13 push"
"Double Eagle Motors LLC","Wholesale Motor Vehicle Dealer","4806209453","Mesa","AZ","L10001913","State-licensed wholesale dealer - Sep 13 push"
"Double M&J Enterprises LLC","Wholesale Motor Vehicle Dealer","5207882141","Maricopa","AZ","L10003587","State-licensed wholesale dealer - Sep 13 push"
"DOUG'S AUTO DEALS, LLC","Wholesale Motor Vehicle Dealer","(918) 787-6850","GROVE","OK","10452","State-licensed wholesale dealer - Sep 13 push"
"Down The Road Motors","Wholesale Motor Vehicle Dealer","9283442254","Yuma","AZ","L00005685","State-licensed wholesale dealer - Sep 13 push"
"Drc Leasing Inc","Wholesale Motor Vehicle Dealer","8188873200","Chandler","AZ","L00012068","State-licensed wholesale dealer - Sep 13 push"
"DREAM AUTOS LLC","Wholesale Motor Vehicle Dealer","(407)719-4611","LONGWOOD","FL","1134456-1","State-licensed wholesale dealer - Sep 13 push"
"Dream Cars Auto Sales","Wholesale Motor Vehicle Dealer","5208613413","Tucson","AZ","L00005227","State-licensed wholesale dealer - Sep 13 push"
"Drive N Buy Auto Wholesale LLC","Wholesale Motor Vehicle Dealer","4808125202","Phoenix","AZ","L00016197","State-licensed wholesale dealer - Sep 13 push"
"DRIVE SOURCE LLC","Wholesale Motor Vehicle Dealer","8015609980","GLENDALE","AZ","L10001571","State-licensed wholesale dealer - Sep 13 push"
"drivemax llc","Wholesale Motor Vehicle Dealer","623-2625174","phoenix","AZ","L10002934","State-licensed wholesale dealer - Sep 13 push"
"Driven Exotics LLC","Wholesale Motor Vehicle Dealer","6237555318","Phoenix","AZ","L10003623","State-licensed wholesale dealer - Sep 13 push"
"DRIVEN TO DONATE","Wholesale Motor Vehicle Dealer","","DENVER","CO","43154","State-licensed wholesale dealer - Sep 13 push"
"Drivetime Sales And Finance Company LLC","Wholesale Motor Vehicle Dealer","6028526736","Mesa","AZ","L00014159","State-licensed wholesale dealer - Sep 13 push"
"Drivetime Sales And Finance Company, LLC","Wholesale Motor Vehicle Dealer","6028526736","Tempe","AZ","L00012288","State-licensed wholesale dealer - Sep 13 push"
"DRIVEX LLC","Wholesale Motor Vehicle Dealer","(646)431-1249","ALTAMONTE SPRINGS","FL","1151777-1","State-licensed wholesale dealer - Sep 13 push"
"DRL GROUP LLC","Wholesale Motor Vehicle Dealer","480-372-6305","Surprise","AZ","L10000202","State-licensed wholesale dealer - Sep 13 push"
"DRS","Wholesale Motor Vehicle Dealer","","Thornton","CO","43731","State-licensed wholesale dealer - Sep 13 push"
"DRY CREEK AUTO","Wholesale Motor Vehicle Dealer","","Olathe","CO","38117","State-licensed wholesale dealer - Sep 13 push"
"DUA INVESTMENTS LLC","Wholesale Motor Vehicle Dealer","6232826258","Phoenix","AZ","L10001235","State-licensed wholesale dealer - Sep 13 push"
"DUANY  TRUCK CORP","Wholesale Motor Vehicle Dealer","(786)409-2736","MIAMI","FL","1154498-1","State-licensed wholesale dealer - Sep 13 push"
"Dunn's Corners Auto Sales & Repair","Motor Vehicle Dealer (general)","","Westerly","RI","381","State-licensed dealer - Sep 13 push"
"Durand?s Kawasaki Motorsports Sales","Motor Vehicle Dealer (general)","","Tiverton","RI","138","State-licensed dealer - Sep 13 push"
"DY Diesel LLC","Wholesale Motor Vehicle Dealer","702-250-0114","Littlefield","AZ","L10002680","State-licensed wholesale dealer - Sep 13 push"
"Dyer Avenue Motors","Motor Vehicle Dealer (general)","","Cranston","RI","123","State-licensed dealer - Sep 13 push"
"Dynamic Automotive","Wholesale Dealer License","(281) 382-2113","ROSENBERG","TX","P167659W","State-licensed wholesale dealer - Sep 13 push"
"Dynasty Auto Vault","Wholesale Motor Vehicle Dealer","","Pueblo West","CO","47227","State-licensed wholesale dealer - Sep 13 push"
"Dynomax Enterprises","Wholesale Motor Vehicle Dealer","602-628-8584","Mesa","AZ","L10000755","State-licensed wholesale dealer - Sep 13 push"
"E and M Auto Care","Wholesale Motor Vehicle Dealer","6024259900","Peoria","AZ","L10003531","State-licensed wholesale dealer - Sep 13 push"
"E Z Auto Exchange","Wholesale Motor Vehicle Dealer","6026793536","Sun City","AZ","L00005720","State-licensed wholesale dealer - Sep 13 push"
"E4 SERVICES INC","Wholesale Motor Vehicle Dealer","","BOULDER","CO","41999","State-licensed wholesale dealer - Sep 13 push"
"Eac Financial","Wholesale Motor Vehicle Dealer","6233089141","Chandler","AZ","L00013123","State-licensed wholesale dealer - Sep 13 push"
"EAGLE INTERNATIONAL AUTOS, INC","Wholesale Motor Vehicle Dealer","(405) 216-8585","EDMOND","OK","10646","State-licensed wholesale dealer - Sep 13 push"
"EAGLE OPPORTUNITIES LLC","Wholesale Motor Vehicle Dealer","","AURORA","CO","8646","State-licensed wholesale dealer - Sep 13 push"
"EAR CLASSICS, EDGECOMB AUTOMOTIVE RESTORATION","Wholesale Dealer License","(512) 476-7653","Gonzales","TX","P144693W","State-licensed wholesale dealer - Sep 13 push"
"East Coast Motor Sports and Motors Sales,","Motor Vehicle Dealer (general)","","West Warwick","RI","229","State-licensed dealer - Sep 13 push"
"EAST COAST PB ENTERPRISE LLC","Wholesale Motor Vehicle Dealer","(813)766-8770","TAMPA","FL","1122379-1","State-licensed wholesale dealer - Sep 13 push"
"East North Phoenix LLC","Wholesale Motor Vehicle Dealer","6022957056","Phoenix","AZ","L10002380","State-licensed wholesale dealer - Sep 13 push"
"EAST TULSA WHOLESALE FLEET CO.","Wholesale Motor Vehicle Dealer","(918) 269-1995","BROKEN ARROW","OK","10300","State-licensed wholesale dealer - Sep 13 push"
"East Valley Automotive LLC","Wholesale Motor Vehicle Dealer","6026198914","Mesa","AZ","L10003315","State-licensed wholesale dealer - Sep 13 push"
"East West Auto","Wholesale Motor Vehicle Dealer","480-241-4065","Glendale","AZ","L10002890","State-licensed wholesale dealer - Sep 13 push"
"East West Motors, LLC","Wholesale Motor Vehicle Dealer","6023390661","Litchfield Park","AZ","L00013485","State-licensed wholesale dealer - Sep 13 push"
"Easy Rider Moto LLC","Wholesale Motor Vehicle Dealer","7147855232","Gilbert","AZ","L10003074","State-licensed wholesale dealer - Sep 13 push"
"Ebamu Auto LLC","Wholesale Motor Vehicle Dealer","480-578-0256","Laveen","AZ","L10002596","State-licensed wholesale dealer - Sep 13 push"
"EC Auto Group LLC","Wholesale Motor Vehicle Dealer","5202745382","Tucson","AZ","L10003498","State-licensed wholesale dealer - Sep 13 push"
"ECHO AUTO","Wholesale Motor Vehicle Dealer","","LOMA","CO","41154","State-licensed wholesale dealer - Sep 13 push"
"ED AUTO GROUP LLC","Wholesale Motor Vehicle Dealer","(518)428-9327","WINTER PARK","FL","1154281-1","State-licensed wholesale dealer - Sep 13 push"
"Ed?s Auto Sales, Inc","Motor Vehicle Dealer (general)","","East Providence","RI","227","State-licensed dealer - Sep 13 push"
"Eddie & Sons Customs LLC","Wholesale Motor Vehicle Dealer","6023172450","Surprise","AZ","L00016344","State-licensed wholesale dealer - Sep 13 push"
"EDS WHOLESALE","Wholesale Motor Vehicle Dealer","","LONE TREE","CO","39839","State-licensed wholesale dealer - Sep 13 push"
"EFFORTLESS AUTOMOTIVE GROUP LLC","Wholesale Motor Vehicle Dealer","623-698-6718","SURPISE","AZ","L10002757","State-licensed wholesale dealer - Sep 13 push"
"EGIL AUTO SERVICES","Wholesale Motor Vehicle Dealer","","Fountain","CO","44756","State-licensed wholesale dealer - Sep 13 push"
"EHMANN COMPANY LLC","Wholesale Motor Vehicle Dealer","","Kiowa","CO","44825","State-licensed wholesale dealer - Sep 13 push"
"EINING MOTORS","Wholesale Motor Vehicle Dealer","","MILLIKEN","CO","43007","State-licensed wholesale dealer - Sep 13 push"
"ELDEN'S AUTO SALES, INC.","Wholesale Motor Vehicle Dealer","","Canon City","CO","44724","State-licensed wholesale dealer - Sep 13 push"
"Electra Auto Sales & Service","Motor Vehicle Dealer (general)","","Johnston","RI","186","State-licensed dealer - Sep 13 push"
"ELEV8T MOTORSPORTS LLC","Wholesale Motor Vehicle Dealer","6023172640","Phoenix","AZ","L10001048","State-licensed wholesale dealer - Sep 13 push"
"ELISE WHOLESALE N AUTOSALE LLC","Motor Vehicle Dealer (wholesale name match)","","MEMPHIS","TN","19577","State-licensed dealer - Sep 13 push"
"Elite Auto Brokers","Wholesale Motor Vehicle Dealer","","Denver","CO","43545","State-licensed wholesale dealer - Sep 13 push"
"ELITE AUTO CONCEPT LLC","Wholesale Motor Vehicle Dealer","4807490832","Phoenix","AZ","L10002946","State-licensed wholesale dealer - Sep 13 push"
"ELITE AUTO SALE LLC","Wholesale Motor Vehicle Dealer","602 477 9333","Phoenix","AZ","L10000563","State-licensed wholesale dealer - Sep 13 push"
"ELITE MACHINES","Wholesale Motor Vehicle Dealer","","COLORADO SPRINGS","CO","43407","State-licensed wholesale dealer - Sep 13 push"
"Elite Motors AZ","Wholesale Motor Vehicle Dealer","9519070341","Quartzsite","AZ","L10003171","State-licensed wholesale dealer - Sep 13 push"
"Elite Motors Group LLC","Wholesale Motor Vehicle Dealer","9287509637","Yuma","AZ","L10003327","State-licensed wholesale dealer - Sep 13 push"
"Elite Syndicate Motorsports","Wholesale Motor Vehicle Dealer","5203710099","Laveen","AZ","L10002707","State-licensed wholesale dealer - Sep 13 push"
"ELITE VEHICLE EXPORTS, INC.","Wholesale Motor Vehicle Dealer","(917)977-0211","MIAMI","FL","1151385-1","State-licensed wholesale dealer - Sep 13 push"
"ELMO SKY LLC","Wholesale Motor Vehicle Dealer","5208585287","mesa","AZ","L10003266","State-licensed wholesale dealer - Sep 13 push"
"Elmwood Auto Sales","Motor Vehicle Dealer (general)","","Providence","RI","28","State-licensed dealer - Sep 13 push"
"Elmwood Chrysler Dodge Jeep Ram","Motor Vehicle Dealer (general)","","East Providence","RI","17","State-licensed dealer - Sep 13 push"
"Eloquent Automotive Group LLC","Wholesale Motor Vehicle Dealer","602-828-4805","Phoenix","AZ","L10002062","State-licensed wholesale dealer - Sep 13 push"
"Elvis Anderson","Wholesale Motor Vehicle Dealer","4803221344","Wittman","AZ","L10003347","State-licensed wholesale dealer - Sep 13 push"
"EMERALD COAST MOTOR GROUP LLC","Wholesale Motor Vehicle Dealer","(815)861-4561","MARY ESTHER","FL","1145018-1","State-licensed wholesale dealer - Sep 13 push"
"Empire Auto Deals, LLC","Wholesale Motor Vehicle Dealer","7184152988","Phoenix","AZ","L00012687","State-licensed wholesale dealer - Sep 13 push"
"EMPIRE AUTO WHOLESALE LLC","Wholesale Motor Vehicle Dealer","6029307858","PHOENIX","AZ","L10003588","State-licensed wholesale dealer - Sep 13 push"
"Empire Motor LLC","Wholesale Motor Vehicle Dealer","480-262-4619","SURPRISE","AZ","L10002049","State-licensed wholesale dealer - Sep 13 push"
"EMPIRE MOTORSPORT LLC","Wholesale Motor Vehicle Dealer","4803409002","TOLLESON","AZ","L10002586","State-licensed wholesale dealer - Sep 13 push"
"EMU AUTO SALES LLC","Wholesale Motor Vehicle Dealer","602-919-7556","PHOENIX","AZ","L10002842","State-licensed wholesale dealer - Sep 13 push"
"Eni-Ade Services LLC","Wholesale Motor Vehicle Dealer","2022946703","Phoenix","AZ","L10001615","State-licensed wholesale dealer - Sep 13 push"
"ENJ Concepts LLC","Wholesale Motor Vehicle Dealer","6023613599","Cave Creek","AZ","L10003218","State-licensed wholesale dealer - Sep 13 push"
"Enlightened Auto Sales LLC","Wholesale Motor Vehicle Dealer","6232045234","Glendale","AZ","L10001236","State-licensed wholesale dealer - Sep 13 push"
"ENTERPRISE AUTO SALES LLC","Wholesale Motor Vehicle Dealer","(689)356-0338","ORLANDO","FL","1150974-1","State-licensed wholesale dealer - Sep 13 push"
"Enterprise Car Sales","Motor Vehicle Dealer (general)","","Warwick","RI","350","State-licensed dealer - Sep 13 push"
"Enzo Wholesale LLC","Wholesale Motor Vehicle Dealer","6023343031","Phoenix","AZ","L10002569","State-licensed wholesale dealer - Sep 13 push"
"Epautosales","Motor Vehicle Dealer (general)","","East Providence","RI","750","State-licensed dealer - Sep 13 push"
"EQUIPMENT LOCATORS","Wholesale Motor Vehicle Dealer","","Littleton","CO","3434","State-licensed wholesale dealer - Sep 13 push"
"Equity Motors LLC","Wholesale Motor Vehicle Dealer","","Colorado Springs","CO","40439","State-licensed wholesale dealer - Sep 13 push"
"EQUITY WHOLESALE","Wholesale Motor Vehicle Dealer","602-802-7246","MESA","AZ","L10000739","State-licensed wholesale dealer - Sep 13 push"
"ER TRAVEL, LLC","Wholesale Motor Vehicle Dealer","(954)210-4055","TAMPA","FL","1147981-1","State-licensed wholesale dealer - Sep 13 push"
"Erubey's Motors Auto Wholesale","Wholesale Motor Vehicle Dealer","6026743386","Phoenix","AZ","L00014722","State-licensed wholesale dealer - Sep 13 push"
"Et Auto LLC","Wholesale Motor Vehicle Dealer","6028835967","Phoenix","AZ","L00016793","State-licensed wholesale dealer - Sep 13 push"
"Euro Motors Inc.","Wholesale Motor Vehicle Dealer","","Aurora","CO","42522","State-licensed wholesale dealer - Sep 13 push"
"European Cars LLC","Wholesale Motor Vehicle Dealer","602-323-6327","Avondale","AZ","L10003620","State-licensed wholesale dealer - Sep 13 push"
"EVANS AUTO SERVICE & SALES","Wholesale Motor Vehicle Dealer","","Hudson","CO","8926","State-licensed wholesale dealer - Sep 13 push"
"Even Par Automotive","Wholesale Motor Vehicle Dealer","5203603586","Tucson","AZ","L00005211","State-licensed wholesale dealer - Sep 13 push"
"Evenge Carts","Motor Vehicle Dealer (general)","","East Greenwich","RI","441","State-licensed dealer - Sep 13 push"
"Every Step Sales & Services","Wholesale Dealer License","(214) 240-7967","Gun Barrel City","TX","P158950W","State-licensed wholesale dealer - Sep 13 push"
"Evolve Motors","Wholesale Motor Vehicle Dealer","","Highlands Ranch","CO","46604","State-licensed wholesale dealer - Sep 13 push"
"Ew Sales LLC","Wholesale Motor Vehicle Dealer","9283876740","Lake Havasu City","AZ","L00008608","State-licensed wholesale dealer - Sep 13 push"
"Excel Motors","Wholesale Motor Vehicle Dealer","6028202251","Litchfield Park","AZ","L00009102","State-licensed wholesale dealer - Sep 13 push"
"Exclusive Auto Remarketing LLC","Wholesale Motor Vehicle Dealer","4802487062","Scottsdale","AZ","L00015312","State-licensed wholesale dealer - Sep 13 push"
"Exclusive Motors of Arizona LLC","Wholesale Motor Vehicle Dealer","602-357-5503","BULLHEAD CITY","AZ","L10003507","State-licensed wholesale dealer - Sep 13 push"
"Executive Auto Sales 296","Motor Vehicle Dealer (general)","","Smithfield","RI","176","State-licensed dealer - Sep 13 push"
"Exeter Auto Repair & Sales","Motor Vehicle Dealer (general)","","Exeter","RI","388","State-licensed dealer - Sep 13 push"
"Exotic & Special Interest Cars","Motor Vehicle Dealer (general)","","Warwick","RI","133","State-licensed dealer - Sep 13 push"
"Exotic automotive LLC","Wholesale Motor Vehicle Dealer","6026007644","Glendale","AZ","L10000362","State-licensed wholesale dealer - Sep 13 push"
"Experian Auto LLC","Wholesale Motor Vehicle Dealer","","Denver","CO","47335","State-licensed wholesale dealer - Sep 13 push"
"EXPRESS AUTO WORKS, LLC","Wholesale Motor Vehicle Dealer","(929)414-9020","JACKSONVILLE","FL","1145317-1","State-licensed wholesale dealer - Sep 13 push"
"EXPRESS CARGO LLC","Wholesale Motor Vehicle Dealer","","Aurora","CO","45787","State-licensed wholesale dealer - Sep 13 push"
"Expressway Auto Wholesale","Wholesale Motor Vehicle Dealer","4803923667","Carefree","AZ","L00010235","State-licensed wholesale dealer - Sep 13 push"
"Ez Now Auto Exchange, L.L.C.","Wholesale Motor Vehicle Dealer","480-440-1403","Surprise","AZ","L00014097","State-licensed wholesale dealer - Sep 13 push"
"EZCars, LLC.","Wholesale Motor Vehicle Dealer","","Englewood","CO","47463","State-licensed wholesale dealer - Sep 13 push"
"EZROCK CORPORATION","Wholesale Motor Vehicle Dealer","(321)313-0505","ALTAMONTE SPRINGS","FL","1151256-1","State-licensed wholesale dealer - Sep 13 push"
"F & M AUTO WHOLESALE","Wholesale Motor Vehicle Dealer","(918) 493-7242","TULSA","OK","10511","State-licensed wholesale dealer - Sep 13 push"
"FAIR PRICE VEHICLES, LLC","Wholesale Motor Vehicle Dealer","(786)703-7945","MIAMI","FL","1122087-1","State-licensed wholesale dealer - Sep 13 push"
"Family Auto Sales, Inc.","Motor Vehicle Dealer (general)","","Johnston","RI","509","State-licensed dealer - Sep 13 push"
"Family Love Auto LLC","Wholesale Motor Vehicle Dealer","","Aurora","CO","45239","State-licensed wholesale dealer - Sep 13 push"
"Fanus Motors","Wholesale Motor Vehicle Dealer","","Aurora","CO","46386","State-licensed wholesale dealer - Sep 13 push"
"Farmerzz Auto LLC","Wholesale Motor Vehicle Dealer","6023860021","Phoenix","AZ","L00012526","State-licensed wholesale dealer - Sep 13 push"
"FATE INC.","Wholesale Motor Vehicle Dealer","(941)920-9200","BRADENTON","FL","1151407-1","State-licensed wholesale dealer - Sep 13 push"
"Felix Auto LLC","Wholesale Motor Vehicle Dealer","6025446322","Phoenix","AZ","L10003614","State-licensed wholesale dealer - Sep 13 push"
"FENIX AUTO SALES LLC","Wholesale Motor Vehicle Dealer","6234285638","GLENDALE","AZ","L10003316","State-licensed wholesale dealer - Sep 13 push"
"FENNEL AUTO BROKERS LLC","Wholesale Dealer License","(432) 413-0373","MIDLAND","TX","P157303W","State-licensed wholesale dealer - Sep 13 push"
"Fenwood Auto Sales and Service","Motor Vehicle Dealer (general)","","Mapleville","RI","291","State-licensed dealer - Sep 13 push"
"FERRERO AUTOMOTIVE LLC","Wholesale Motor Vehicle Dealer","","Niwot","CO","42352","State-licensed wholesale dealer - Sep 13 push"
"Fesler USA, LLC","Wholesale Motor Vehicle Dealer","480-748-2000","Phoenix","AZ","L10001156","State-licensed wholesale dealer - Sep 13 push"
"Fgf Serv, LLC","Wholesale Motor Vehicle Dealer","6027418389","Coolidge","AZ","L00012539","State-licensed wholesale dealer - Sep 13 push"
"Fili R Motors LLC","Wholesale Motor Vehicle Dealer","6232996456","Phoenix","AZ","L00016221","State-licensed wholesale dealer - Sep 13 push"
"Finance Funding LLC","Wholesale Motor Vehicle Dealer","6232827499","Glendale","AZ","L10002616","State-licensed wholesale dealer - Sep 13 push"
"Fine Line Auto Gallery LLC","Wholesale Motor Vehicle Dealer","4805586843","Queen Creek","AZ","L00015613","State-licensed wholesale dealer - Sep 13 push"
"FinishLine Acceptance LLC","Wholesale Motor Vehicle Dealer","6023735729","Phoenix","AZ","L10001254","State-licensed wholesale dealer - Sep 13 push"
"FINISHLINE AUTO SPORTS, INC","Wholesale Motor Vehicle Dealer","(918) 497-6404","CLAREMORE","OK","10701","State-licensed wholesale dealer - Sep 13 push"
"FIRST ARIZONA AUTO LEASING LLC","Wholesale Motor Vehicle Dealer","602-430-3339","PHOENIX","AZ","L10000925","State-licensed wholesale dealer - Sep 13 push"
"FIRST CHOICE AUTO SALES WHOLESALE INC.","Motor Vehicle Dealer (wholesale name match)","","GALLATIN","TN","10451","State-licensed dealer - Sep 13 push"
"FIRST EAGLE FUNDING CORP","Wholesale Motor Vehicle Dealer","","WESTMINSTER","CO","8966","State-licensed wholesale dealer - Sep 13 push"
"First2Finish LLC","Wholesale Dealer License","(817) 729-8693","ALVARADO","TX","P171450W","State-licensed wholesale dealer - Sep 13 push"
"Five Star Auto Sales","Motor Vehicle Dealer (general)","","Smithfield","RI","425","State-licensed dealer - Sep 13 push"
"FIVE STAR AUTO SALES, LLC","Wholesale Motor Vehicle Dealer","(918) 357-9645","BROKEN ARROW","OK","10564","State-licensed wholesale dealer - Sep 13 push"
"Fjcm Group LLC","Wholesale Motor Vehicle Dealer","6026435723","Phoenix","AZ","L00014392","State-licensed wholesale dealer - Sep 13 push"
"Flamboyant Auto LLC","Wholesale Motor Vehicle Dealer","6024605213","Phoenix","AZ","L10002638","State-licensed wholesale dealer - Sep 13 push"
"FLASH AUTO DEAL CORP","Wholesale Motor Vehicle Dealer","(754)208-6232","HOLLYWOOD","FL","1145491-1","State-licensed wholesale dealer - Sep 13 push"
"Fleck Auto","Wholesale Dealer License","(281) 830-0450","SEGUIN","TX","P162570W","State-licensed wholesale dealer - Sep 13 push"
"Fleet Link Services","Wholesale Motor Vehicle Dealer","4809467500","Scottsdale","AZ","L00009088","State-licensed wholesale dealer - Sep 13 push"
"FLEET MASTERS","Wholesale Motor Vehicle Dealer","","DENVER","CO","40249","State-licensed wholesale dealer - Sep 13 push"
"FLEET REMARKETING SERVICES","Wholesale Motor Vehicle Dealer","","Castle Rock","CO","4733","State-licensed wholesale dealer - Sep 13 push"
"Fleetway Sales & Service, Inc.","Motor Vehicle Dealer (general)","","East Providence","RI","60","State-licensed dealer - Sep 13 push"
"FLIPP MY CAR LLC","Wholesale Motor Vehicle Dealer","(514)250-4788","TAMPA","FL","1148583-1","State-licensed wholesale dealer - Sep 13 push"
"FLL MOTORS INC","Wholesale Motor Vehicle Dealer","(954)546-0019","DAVIE","FL","1151368-1","State-licensed wholesale dealer - Sep 13 push"
"Flood Ford Lincoln Mercury","Motor Vehicle Dealer (general)","","Narragansett","RI","325","State-licensed dealer - Sep 13 push"
"Flood Ford of East Greenwich","Motor Vehicle Dealer (general)","","East Greenwich","RI","338","State-licensed dealer - Sep 13 push"
"Flood Mazda","Motor Vehicle Dealer (general)","","Wakefield","RI","170","State-licensed dealer - Sep 13 push"
"FLOORPLAN XPRESS AUTOS","Wholesale Motor Vehicle Dealer","(405) 605-2135","OKLAHOMA CITY","OK","10498","State-licensed wholesale dealer - Sep 13 push"
"FLORES AUTO SALES LLC","Wholesale Motor Vehicle Dealer","602-635-8520","GLENDALE","AZ","L10002073","State-licensed wholesale dealer - Sep 13 push"
"Flores Dealz LLC","Wholesale Motor Vehicle Dealer","4807917777","Litchfield Park","AZ","L10003286","State-licensed wholesale dealer - Sep 13 push"
"FLORIDA CAR CORPORATION","Wholesale Motor Vehicle Dealer","(407)286-0010","ORLANDO","FL","1144635-1","State-licensed wholesale dealer - Sep 13 push"
"FLORIDA ECO-CARS LLC","Wholesale Motor Vehicle Dealer","(727)223-5080","PALM HARBOR","FL","1150220-1","State-licensed wholesale dealer - Sep 13 push"
"FLORIDA FLEET AUTO EXCHANGE LLC","Wholesale Motor Vehicle Dealer","(727)452-5786","DUNEDIN","FL","1152686-1","State-licensed wholesale dealer - Sep 13 push"
"FLORIDA GULF AUTO EXCHANGE LLC","Wholesale Motor Vehicle Dealer","(585)201-2718","SAINT PETERSBURG","FL","1154153-1","State-licensed wholesale dealer - Sep 13 push"
"FLORIDA KEYS FINANCE INC","Wholesale Motor Vehicle Dealer","(727)547-4400","PINELLAS PARK","FL","1153156-1","State-licensed wholesale dealer - Sep 13 push"
"FORD MOTOR CREDIT COMPANY LLC","Wholesale Motor Vehicle Dealer","","COLORADO SPRINGS","CO","2587","State-licensed wholesale dealer - Sep 13 push"
"Forged AutoMotive LLC","Wholesale Motor Vehicle Dealer","6024818890","Glendale","AZ","L10003395","State-licensed wholesale dealer - Sep 13 push"
"FORMULA BLACK LLC","Wholesale Motor Vehicle Dealer","602-628-7988","GOODYEAR","AZ","L10002134","State-licensed wholesale dealer - Sep 13 push"
"FORTUNATO ACCESS CAPITAL LLC","Wholesale Motor Vehicle Dealer","915-263-9045","PHOENIX","AZ","L10003096","State-licensed wholesale dealer - Sep 13 push"
"Forza Motors LLC","Wholesale Motor Vehicle Dealer","4804374560","Phoenix","AZ","L10003561","State-licensed wholesale dealer - Sep 13 push"
"Foster Motors L.L.C","Wholesale Motor Vehicle Dealer","","Bayfield","CO","46904","State-licensed wholesale dealer - Sep 13 push"
"Fox Autos","Wholesale Motor Vehicle Dealer","5204040271","Tucson","AZ","L00005814","State-licensed wholesale dealer - Sep 13 push"
"Fox Car Sales","Wholesale Motor Vehicle Dealer","","Denver","CO","42709","State-licensed wholesale dealer - Sep 13 push"
"Francis Auto Sales","Motor Vehicle Dealer (general)","","Bristol","RI","774","State-licensed dealer - Sep 13 push"
"Franco's Auto Sales","Wholesale Motor Vehicle Dealer","6028106685","Phoenix","AZ","L00007033","State-licensed wholesale dealer - Sep 13 push"
"Franklin Motors LLC","Wholesale Motor Vehicle Dealer","6028214439","Glendale","AZ","L00012107","State-licensed wholesale dealer - Sep 13 push"
"FREEMAN TRUCK COMPANY","Wholesale Motor Vehicle Dealer","","Greeley","CO","2573","State-licensed wholesale dealer - Sep 13 push"
"Frenchtown Auto Sales 3662 Quaker","Motor Vehicle Dealer (general)","","North Kingstown","RI","499","State-licensed dealer - Sep 13 push"
"Freshlove Logistics LLC","Wholesale Motor Vehicle Dealer","4703315317","Maricopa","AZ","L10003657","State-licensed wholesale dealer - Sep 13 push"
"FRIZZO AUTO SALES","Motor Vehicle Dealer (general)","","PAWTUCKET","RI","23","State-licensed dealer - Sep 13 push"
"FRONT LINE AUTO SALES","Wholesale Motor Vehicle Dealer","","Colorado Springs","CO","2305","State-licensed wholesale dealer - Sep 13 push"
"FRONT LINE READY WHOLESALE, LLC","Wholesale Motor Vehicle Dealer","","Denver","CO","43989","State-licensed wholesale dealer - Sep 13 push"
"FRONTIER AUTO","Wholesale Motor Vehicle Dealer","","Grand Junction","CO","8221","State-licensed wholesale dealer - Sep 13 push"
"Frugal Trades LLC","Wholesale Motor Vehicle Dealer","3057782332","Scottsdale","AZ","L00015757","State-licensed wholesale dealer - Sep 13 push"
"Frye auto Sales","Wholesale Motor Vehicle Dealer","520-245-1016","Tucson","AZ","L10001440","State-licensed wholesale dealer - Sep 13 push"
"FSA Auto Sales And Repair","Motor Vehicle Dealer (general)","","Pawtucket","RI","557","State-licensed dealer - Sep 13 push"
"Full Stop Auto Sales","Motor Vehicle Dealer (general)","","Providence","RI","609","State-licensed dealer - Sep 13 push"
"Furaheim LLC","Wholesale Motor Vehicle Dealer","6025991744","PHOENIX","AZ","L10003387","State-licensed wholesale dealer - Sep 13 push"
"G And B Auto LLC","Wholesale Motor Vehicle Dealer","6023167622","Mesa","AZ","L00009071","State-licensed wholesale dealer - Sep 13 push"
"G AND T WHOLESALES","Wholesale Dealer License","(817) 243-9661","AMARILLO","TX","P168638W","State-licensed wholesale dealer - Sep 13 push"
"G.C.C. Auto Sales","Motor Vehicle Dealer (general)","","Foster","RI","446","State-licensed dealer - Sep 13 push"
"G.I.L.I.S. INVESTMENTS LLC","Wholesale Motor Vehicle Dealer","602-419-5264","BUCKEYE","AZ","L10002272","State-licensed wholesale dealer - Sep 13 push"
"GAB MOTORS, LLC","Wholesale Motor Vehicle Dealer","(918) 645-9066","BIXBY","OK","10585","State-licensed wholesale dealer - Sep 13 push"
"GALAXY WEST COAST L.L.C.","Wholesale Motor Vehicle Dealer","(727)225-4084","TAMPA","FL","1152614-1","State-licensed wholesale dealer - Sep 13 push"
"GALINDA'S AUTOMOTIVE SALES INC Annex","Motor Vehicle Dealer (general)","","Cumberland","RI","396","State-licensed dealer - Sep 13 push"
"GALINDA'S AUTOMOTIVE SALES INC Main","Motor Vehicle Dealer (general)","","Cumberland","RI","392","State-licensed dealer - Sep 13 push"
"Ganesh Enterprises 1 Inc","Wholesale Motor Vehicle Dealer","6027634114","Phoenix","AZ","L00005913","State-licensed wholesale dealer - Sep 13 push"
"Gansett Auto Sales & Parts","Motor Vehicle Dealer (general)","","Pawtucket","RI","435","State-licensed dealer - Sep 13 push"
"GAP Auto LLC","Wholesale Motor Vehicle Dealer","6028591013","Chandler","AZ","L10003202","State-licensed wholesale dealer - Sep 13 push"
"GARAGE BROTHERS LLC","Wholesale Motor Vehicle Dealer","4804537653","BUCKEYE","AZ","L10003169","State-licensed wholesale dealer - Sep 13 push"
"Garcia Auto Sales Inc","Motor Vehicle Dealer (general)","","Providence","RI","484","State-licensed dealer - Sep 13 push"
"Garley Motors LLC","Wholesale Motor Vehicle Dealer","6028389457","Phoenix","AZ","L10003621","State-licensed wholesale dealer - Sep 13 push"
"Gassama Auto Express LLC","Wholesale Motor Vehicle Dealer","646-683-8429","Queen Creek","AZ","L10001224","State-licensed wholesale dealer - Sep 13 push"
"Gateway Access Ent.","Wholesale Motor Vehicle Dealer","623-258-4765","Arizona City","AZ","L10001192","State-licensed wholesale dealer - Sep 13 push"
"Gateway Auto Sales, LLC","Motor Vehicle Dealer (general)","","Providence","RI","518","State-licensed dealer - Sep 13 push"
"GAYLEN WHOLESALE LLC","Wholesale Motor Vehicle Dealer","(407)877-1199","WINTER GARDEN","FL","1077918-1","State-licensed wholesale dealer - Sep 13 push"
"GDL Motorsports LLC","Wholesale Motor Vehicle Dealer","4803923092","Tolleson","AZ","L10003440","State-licensed wholesale dealer - Sep 13 push"
"Gemini Auto Sales","Motor Vehicle Dealer (general)","","Providence","RI","464","State-licensed dealer - Sep 13 push"
"General Auto Sales, Inc.","Motor Vehicle Dealer (general)","","Tiverton","RI","121","State-licensed dealer - Sep 13 push"
"GENERAL MOTORS, LLC","Wholesale Motor Vehicle Dealer","(313) 665-1603","OKLAHOMA CITY","OK","10250","State-licensed wholesale dealer - Sep 13 push"
"GENE'S, INC","Motor Vehicle Dealer (general)","","Fairbanks","AK","91","State-licensed dealer - Sep 13 push"
"GENESIS AUTO BROKERS INC","Wholesale Motor Vehicle Dealer","","GREELEY","CO","39874","State-licensed wholesale dealer - Sep 13 push"
"Genesis Capital Group LLC","Wholesale Motor Vehicle Dealer","4807764000","Phoenix","AZ","L00012314","State-licensed wholesale dealer - Sep 13 push"
"Genesis Motors","Wholesale Motor Vehicle Dealer","6024300489","Phoenix","AZ","L00009183","State-licensed wholesale dealer - Sep 13 push"
"Genesis of West Warwick","Motor Vehicle Dealer (general)","","West Warwick","RI","85","State-licensed dealer - Sep 13 push"
"George?s Auto Sales and Repair, Inc.","Motor Vehicle Dealer (general)","","Mapleville","RI","525","State-licensed dealer - Sep 13 push"
"George's Cars LLC","Wholesale Motor Vehicle Dealer","6022845095","Phoenix","AZ","L00013089","State-licensed wholesale dealer - Sep 13 push"
"GERALD VAUGHN AUTO SALES, INC.","Wholesale Motor Vehicle Dealer","(405)390-2171","EDMOND","OK","10183","State-licensed wholesale dealer - Sep 13 push"
"German Motors, Inc.","Motor Vehicle Dealer (general)","","Providence","RI","96","State-licensed dealer - Sep 13 push"
"Gershkoff Auto Sales","Motor Vehicle Dealer (general)","","Cranston","RI","613","State-licensed dealer - Sep 13 push"
"GIBO","Wholesale Motor Vehicle Dealer","623-205-2987","GLENDALE","AZ","L10002289","State-licensed wholesale dealer - Sep 13 push"
"GIBSON AUTO SALES","Wholesale Motor Vehicle Dealer","6029215330","GLENDALE","AZ","L10003586","State-licensed wholesale dealer - Sep 13 push"
"GIG AUTO SALES LLC","Wholesale Motor Vehicle Dealer","(321)900-5517","ORLANDO","FL","1153596-1","State-licensed wholesale dealer - Sep 13 push"
"Gino?s Auto Sales & Body Works, Inc.","Motor Vehicle Dealer (general)","","North Providence","RI","652","State-licensed dealer - Sep 13 push"
"Gisa Investments LLC","Wholesale Motor Vehicle Dealer","6024996644","Scottsdale","AZ","L00005425","State-licensed wholesale dealer - Sep 13 push"
"GLNZCO INC.","Wholesale Motor Vehicle Dealer","619-990-0979","SCOTTSDALE","AZ","L10002422","State-licensed wholesale dealer - Sep 13 push"
"Global Asset Clearinghouse LLC","Wholesale Motor Vehicle Dealer","6234445555","Goodyear","AZ","L10001606","State-licensed wholesale dealer - Sep 13 push"
"GLOBAL AUTO SALES, LLC","Wholesale Motor Vehicle Dealer","(832) 797-7887","OKLAHOMA CITY","OK","10691","State-licensed wholesale dealer - Sep 13 push"
"GLOBAL AXIS TRADES CORP","Wholesale Motor Vehicle Dealer","(703)344-5448","TALLAHASSEE","FL","1151041-1","State-licensed wholesale dealer - Sep 13 push"
"Global Financial Services LLC","Wholesale Motor Vehicle Dealer","6023882589","Chandler","AZ","L00014444","State-licensed wholesale dealer - Sep 13 push"
"Global Fleet Remarketing LLC","Wholesale Motor Vehicle Dealer","928-256-9943","Goodyear","AZ","L10002127","State-licensed wholesale dealer - Sep 13 push"
"GLOBAL WHEELS TRADE LLC","Wholesale Motor Vehicle Dealer","(206)356-8241","ALTAMONTE SPRINGS","FL","1149438-1","State-licensed wholesale dealer - Sep 13 push"
"Glosserman Automotive","Wholesale Dealer License","(512) 376-2314","LOCKHART","TX","P130319W","State-licensed wholesale dealer - Sep 13 push"
"GLOVER ENTERPRISES llc","Wholesale Dealer License","(979) 574-4843","NORTH ZULCH","TX","P144487W","State-licensed wholesale dealer - Sep 13 push"
"GLS Auto Sales","Motor Vehicle Dealer (general)","","Pascoag","RI","749","State-licensed dealer - Sep 13 push"
"Gm Remarketing, LLC","Wholesale Motor Vehicle Dealer","6025409659","Phoenix","AZ","L00013570","State-licensed wholesale dealer - Sep 13 push"
"GMAC","Wholesale Motor Vehicle Dealer","(405) 947-2886","OKLAHOMA CITY","OK","10235","State-licensed wholesale dealer - Sep 13 push"
"GMB Auto Sale","Wholesale Motor Vehicle Dealer","4805899893","Goodyear","AZ","L10003625","State-licensed wholesale dealer - Sep 13 push"
"GO TITLING, LLC","Wholesale Motor Vehicle Dealer","(267)703-2441","STUART","FL","1147628-1","State-licensed wholesale dealer - Sep 13 push"
"Goebig Auction Services inc","Wholesale Motor Vehicle Dealer","7146551782","Queen Creek","AZ","L10001974","State-licensed wholesale dealer - Sep 13 push"
"GOLD AUTO SALES LLC","Wholesale Motor Vehicle Dealer","205-207-7777","PHOENIX","AZ","L10001381","State-licensed wholesale dealer - Sep 13 push"
"Gold Star Auto Sales, Inc.","Motor Vehicle Dealer (general)","","Johnston","RI","515","State-licensed dealer - Sep 13 push"
"GOLDEN AUTO SALES INC","Wholesale Motor Vehicle Dealer","9514965591","LAKE HAVASU CITY","AZ","L10001312","State-licensed wholesale dealer - Sep 13 push"
"Golden Car Auto LLC","Wholesale Motor Vehicle Dealer","3235318708","Tucson","AZ","L10002545","State-licensed wholesale dealer - Sep 13 push"
"GOLDEN EAGLE AUTO SALES LLC","Wholesale Motor Vehicle Dealer","602-574-0017","PHOENIX","AZ","L10001459","State-licensed wholesale dealer - Sep 13 push"
"Golden Empire Auto Sales LLC","Wholesale Motor Vehicle Dealer","4803704436","Phoenix","AZ","L10002196","State-licensed wholesale dealer - Sep 13 push"
"GOLDEN MOTORS","Wholesale Motor Vehicle Dealer","","Aurora","CO","44408","State-licensed wholesale dealer - Sep 13 push"
"Gollo Auto Sales LLC","Wholesale Motor Vehicle Dealer","8326464364","Mesa","AZ","L10003383","State-licensed wholesale dealer - Sep 13 push"
"Gonzalez Auto Sales LLC","Wholesale Motor Vehicle Dealer","6024837307","Phoenix","AZ","L00014791","State-licensed wholesale dealer - Sep 13 push"
"Good Buy Family LLC","Wholesale Motor Vehicle Dealer","6784674673","Phoenix","AZ","L00015386","State-licensed wholesale dealer - Sep 13 push"
"GOOD BUY TRUCK","Wholesale Motor Vehicle Dealer","(918) 553-2070","OOLOGAH","OK","10501","State-licensed wholesale dealer - Sep 13 push"
"GOOD DEAL WHOLESALES LLC","Wholesale Motor Vehicle Dealer","(689)223-8892","ORLANDO","FL","1152197-1","State-licensed wholesale dealer - Sep 13 push"
"GOODACRE MOTOR CO","Wholesale Motor Vehicle Dealer","","BOULDER","CO","41267","State-licensed wholesale dealer - Sep 13 push"
"GOODMAN NORTH AUTO","Wholesale Dealer License","(832) 335-5498","SPRING","TX","P166111W","State-licensed wholesale dealer - Sep 13 push"
"Gordon Trucks LLC","Wholesale Motor Vehicle Dealer","","Lakewood","CO","38846","State-licensed wholesale dealer - Sep 13 push"
"GOWEN WHOLESALE AUTO","Motor Vehicle Dealer (wholesale name match)","","LAWRENCEBURG","TN","14125","State-licensed dealer - Sep 13 push"
"GPS MOTORS","Wholesale Motor Vehicle Dealer","","Aurora","CO","44821","State-licensed wholesale dealer - Sep 13 push"
"GRAND AUTO FINANCIAL","Wholesale Motor Vehicle Dealer","","Henderson","CO","41579","State-licensed wholesale dealer - Sep 13 push"
"Grand Motors LLC","Wholesale Motor Vehicle Dealer","4807549763","GILBERT","AZ","L10003357","State-licensed wholesale dealer - Sep 13 push"
"Graniteville Auto Sales, Inc.","Motor Vehicle Dealer (general)","","Johnston","RI","108","State-licensed dealer - Sep 13 push"
"Grasso?s Auto Sales, Inc.","Motor Vehicle Dealer (general)","","Providence","RI","501","State-licensed dealer - Sep 13 push"
"Great Road Auto Sales","Motor Vehicle Dealer (general)","","North Smithfield","RI","346","State-licensed dealer - Sep 13 push"
"Great Value Auto","Wholesale Motor Vehicle Dealer","6024860123","phoenix","AZ","L10002826","State-licensed wholesale dealer - Sep 13 push"
"Greater Lufkin Auto Auction LLC","Wholesale Motor Vehicle Auction License","(936) 632-4290","Lufkin","TX","P171734A","State-licensed wholesale dealer - Sep 13 push"
"Green Dot Automotive LLC","Wholesale Motor Vehicle Dealer","703-926-1536","Scottsdale","AZ","L10003084","State-licensed wholesale dealer - Sep 13 push"
"Gregory Staples","Wholesale Motor Vehicle Dealer","602-504-5685","Wittmann","AZ","L10001640","State-licensed wholesale dealer - Sep 13 push"
"Greystone Motors, Inc.","Motor Vehicle Dealer (general)","","North Providence","RI","393","State-licensed dealer - Sep 13 push"
"Grieco Honda","Motor Vehicle Dealer (general)","","Johnston","RI","232","State-licensed dealer - Sep 13 push"
"Grieco Hyundai","Motor Vehicle Dealer (general)","","Johnston","RI","78","State-licensed dealer - Sep 13 push"
"Grieco Toyota","Motor Vehicle Dealer (general)","","East Providence","RI","395","State-licensed dealer - Sep 13 push"
"GRM Auto Group LLC","Wholesale Motor Vehicle Dealer","508-395-3652","Phoenix","AZ","L10003438","State-licensed wholesale dealer - Sep 13 push"
"Group Wholesale Inc","Motor Vehicle Dealer (wholesale name match)","208-457-3480","Post Falls","ID","4259-0","State-licensed dealer - Sep 13 push"
"Grove Automotive Service","Wholesale Dealer License","(214) 535-2203","Frankston","TX","P164061W","State-licensed wholesale dealer - Sep 13 push"
"GRUPO PEREYRA LLC","Wholesale Motor Vehicle Dealer","(786)973-6275","MIRAMAR","FL","1143808-1","State-licensed wholesale dealer - Sep 13 push"
"Gs Auto Sales LLC","Wholesale Motor Vehicle Dealer","6026897569","Glendale","AZ","L00015893","State-licensed wholesale dealer - Sep 13 push"
"GT Investments","Wholesale Dealer License","(210) 367-4197","NEW BRAUNFELS","TX","P163999W","State-licensed wholesale dealer - Sep 13 push"
"GT Motors","Wholesale Motor Vehicle Dealer","","Aurora","CO","45849","State-licensed wholesale dealer - Sep 13 push"
"GTB AUTO INC","Wholesale Motor Vehicle Dealer","(850)250-8122","TAMPA","FL","1149297-1","State-licensed wholesale dealer - Sep 13 push"
"GTMO LLC","Wholesale Motor Vehicle Dealer","4808810727","Phoenix","AZ","L10002032","State-licensed wholesale dealer - Sep 13 push"
"Guaranteed Auto Sales","Motor Vehicle Dealer (general)","","Johnston","RI","585","State-licensed dealer - Sep 13 push"
"GUTHRIE AUTO TRUST","Wholesale Motor Vehicle Dealer","(405) 282-3600","EDMOND","OK","10292","State-licensed wholesale dealer - Sep 13 push"
"Gutierrez Auto Wholesale LLC","Wholesale Motor Vehicle Dealer","6026777169","Phoenix","AZ","L00012345","State-licensed wholesale dealer - Sep 13 push"
"GUYS IN PLAID AUTO","Wholesale Motor Vehicle Dealer","","AURORA","CO","35995","State-licensed wholesale dealer - Sep 13 push"
"GVE, LLC.","Wholesale Motor Vehicle Dealer","","Aurora","CO","47530","State-licensed wholesale dealer - Sep 13 push"
"GZ Auto LLC","Wholesale Motor Vehicle Dealer","4805807446","Mesa","AZ","L10002692","State-licensed wholesale dealer - Sep 13 push"
"H & H LOVELAND AUTO PARTS LLC","Wholesale Motor Vehicle Dealer","","LOVELAND","CO","42764","State-licensed wholesale dealer - Sep 13 push"
"H & H Motorsports","Wholesale Motor Vehicle Dealer","5205095414","Laveen","AZ","L00016117","State-licensed wholesale dealer - Sep 13 push"
"H & H Sales","Wholesale Motor Vehicle Dealer","","Westminster","CO","39450","State-licensed wholesale dealer - Sep 13 push"
"H & M Truck Sales","Wholesale Motor Vehicle Dealer","6024329855","Phoenix","AZ","L00008368","State-licensed wholesale dealer - Sep 13 push"
"H And J Auto Sales LLC","Wholesale Motor Vehicle Dealer","6022909783","Peoria","AZ","L00011714","State-licensed wholesale dealer - Sep 13 push"
"H&amp;A BROTHERS ENTERPRISE LLC","Wholesale Motor Vehicle Dealer","(786)367-9414","ORLANDO","FL","1152805-1","State-licensed wholesale dealer - Sep 13 push"
"H&G IMPORTAUTO LLC","Wholesale Motor Vehicle Dealer","602-575-6177","PHOENIX","AZ","L10001414","State-licensed wholesale dealer - Sep 13 push"
"H&J Auto Wholesale LLC","Wholesale Motor Vehicle Dealer","6235529428","Phoenix","AZ","L00015884","State-licensed wholesale dealer - Sep 13 push"
"HA AUTO SALES LLC","Wholesale Motor Vehicle Dealer","6027757067","PHOENIX","AZ","L10000477","State-licensed wholesale dealer - Sep 13 push"
"Halls Garage, Inc.","Motor Vehicle Dealer (general)","","North Scituate","RI","477","State-licensed dealer - Sep 13 push"
"Hamann Shaheen","Wholesale Dealer License","(832) 363-3749","RICHMOND","TX","P168800W","State-licensed wholesale dealer - Sep 13 push"
"Hamilton Auto Sales, LLC","Motor Vehicle Dealer (general)","","North Kingstown","RI","529","State-licensed dealer - Sep 13 push"
"Happy Camper Auto & Rv Sales","Motor Vehicle Dealer (general)","","West Warwick","RI","173","State-licensed dealer - Sep 13 push"
"Haulaway Storage Containers","Wholesale Motor Vehicle Dealer","4809664769","Phoenix","AZ","L10003429","State-licensed wholesale dealer - Sep 13 push"
"Hawks Brokers LLC","Wholesale Motor Vehicle Dealer","480-343-7715","Queen Creek","AZ","L10003240","State-licensed wholesale dealer - Sep 13 push"
"Hayward Rides LLC","Wholesale Motor Vehicle Dealer","6263454048","Peoria","AZ","L10003358","State-licensed wholesale dealer - Sep 13 push"
"HAZEL LLC","Wholesale Motor Vehicle Dealer","7137324391","YOUNGTOWN","AZ","L10001386","State-licensed wholesale dealer - Sep 13 push"
"Hd Auto Wholesale, LLC","Wholesale Motor Vehicle Dealer","6238244103","Peoria","AZ","L00013322","State-licensed wholesale dealer - Sep 13 push"
"HD CONNECTION LLC","Wholesale Motor Vehicle Dealer","(754)251-6083","HALLANDALE BEACH","FL","1140532-1","State-licensed wholesale dealer - Sep 13 push"
"HENRYQ TOWING &amp; SERVICE LLC","Wholesale Motor Vehicle Dealer","(407)455-0559","ORLANDO","FL","1143863-1","State-licensed wholesale dealer - Sep 13 push"
"Herb Chambers Alfa Romeo Warwick","Motor Vehicle Dealer (general)","","Warwick","RI","","State-licensed dealer - Sep 13 push"
"Herb Chambers Cadillac, Inc.","Motor Vehicle Dealer (general)","","Warwick","RI","","State-licensed dealer - Sep 13 push"
"Herb Chambers Maserati of Warwick","Motor Vehicle Dealer (general)","","Warwick","RI","","State-licensed dealer - Sep 13 push"
"HERCULES AUTO LLC","Wholesale Motor Vehicle Dealer","(954)527-1990","POMPANO BEACH","FL","1088438-1","State-licensed wholesale dealer - Sep 13 push"
"Heritage Auto Sales","Motor Vehicle Dealer (general)","","Warwick","RI","690","State-licensed dealer - Sep 13 push"
"Heritage Wholesale","Wholesale Dealer License","(832) 703-9269","KERRVILLE","TX","P174398W","State-licensed wholesale dealer - Sep 13 push"
"Hernandez Auto Sales, Inc","Motor Vehicle Dealer (general)","","Pawtucket","RI","461","State-licensed dealer - Sep 13 push"
"Hershaw Development LLC","Wholesale Motor Vehicle Dealer","5205102988","Casa Grande","AZ","L00008161","State-licensed wholesale dealer - Sep 13 push"
"Hertz Car Sales","Motor Vehicle Dealer (general)","","Johnston","RI","44","State-licensed dealer - Sep 13 push"
"Higgins Auto, LLC","Motor Vehicle Dealer (general)","","Charlestown","RI","422","State-licensed dealer - Sep 13 push"
"High Country Towing and Recovery INC","Wholesale Motor Vehicle Dealer","928-940-0040","Lakeside","AZ","L10002705","State-licensed wholesale dealer - Sep 13 push"
"HIGH PERFORMANCE, INC.","Wholesale Motor Vehicle Dealer","","ENGLEWOOD","CO","7099","State-licensed wholesale dealer - Sep 13 push"
"Highlane Auto Group","Wholesale Motor Vehicle Dealer","6024101408","Phoenix","AZ","L00011765","State-licensed wholesale dealer - Sep 13 push"
"HIGHLINE WHOLESALE","Motor Vehicle Dealer (wholesale name match)","","DICKSON","TN","22171","State-licensed dealer - Sep 13 push"
"HI-HAT MOTOR SALES, LLC","Wholesale Motor Vehicle Dealer","(918) 639-4007","TULSA","OK","10587","State-licensed wholesale dealer - Sep 13 push"
"Hillside Auto Sales","Motor Vehicle Dealer (general)","","Cranston","RI","721","State-licensed dealer - Sep 13 push"
"HISTORIC AUTOS LLC","Wholesale Motor Vehicle Dealer","(407)951-3959","ORLANDO","FL","1119853-1","State-licensed wholesale dealer - Sep 13 push"
"HI-Tech Auto Sales and Rentals","Motor Vehicle Dealer (general)","","Providence","RI","323","State-licensed dealer - Sep 13 push"
"H-M Auto Sales LLC","Wholesale Motor Vehicle Dealer","5203956791","Tucson","AZ","L00015191","State-licensed wholesale dealer - Sep 13 push"
"Holiday Auto, Inc.","Motor Vehicle Dealer (general)","","Central Falls","RI","560","State-licensed dealer - Sep 13 push"
"Holiday Mobile Marine, Inc","Wholesale Motor Vehicle Dealer","4806493234","Mesa","AZ","L00012221","State-licensed wholesale dealer - Sep 13 push"
"HOLT'S WHOLESALE","Motor Vehicle Dealer (wholesale name match)","","FAYETTEVILLE","TN","20022","State-licensed dealer - Sep 13 push"
"Home At Last Properties LLC","Wholesale Motor Vehicle Dealer","","Centennial","CO","43599","State-licensed wholesale dealer - Sep 13 push"
"Home Towne Auto ""Annex""","Motor Vehicle Dealer (general)","","North Smithfield","RI","349","State-licensed dealer - Sep 13 push"
"Home Towne Auto ""Main""","Motor Vehicle Dealer (general)","","North Smithfield","RI","300","State-licensed dealer - Sep 13 push"
"HONEST AUTO SALES LLC","Wholesale Motor Vehicle Dealer","623-888-9610","SURPRISE","AZ","L10001559","State-licensed wholesale dealer - Sep 13 push"
"HORIZON CREDIT ACCEPTANCE LLC","Wholesale Motor Vehicle Dealer","6027413926","PHOENIX","AZ","L10000233","State-licensed wholesale dealer - Sep 13 push"
"HOSEA WHOLESALE LLC","Motor Vehicle Dealer (wholesale name match)","","SAVANNAH","TN","20428","State-licensed dealer - Sep 13 push"
"HOSSAIN RAJAEE","Wholesale Motor Vehicle Dealer","(321)297-0326","GAINESVILLE","FL","1126940-1","State-licensed wholesale dealer - Sep 13 push"
"Hot Rides LLC","Wholesale Motor Vehicle Dealer","5206128661","Tucson","AZ","L10001166","State-licensed wholesale dealer - Sep 13 push"
"HOUSE OF HARLEY-DAVIDSON","Motor Vehicle Dealer (general)","","Anchorage","AK","505","State-licensed dealer - Sep 13 push"
"Houseright & Sons LLC","Wholesale Motor Vehicle Dealer","6025771716","Florence","AZ","L00014056","State-licensed wholesale dealer - Sep 13 push"
"HRA REMARKETING LLC","Wholesale Motor Vehicle Dealer","4805161713","SCOTTSDALE","AZ","L10002957","State-licensed wholesale dealer - Sep 13 push"
"Hub?s Auto Sales, Inc.","Motor Vehicle Dealer (general)","","Central Falls","RI","46","State-licensed dealer - Sep 13 push"
"Hubco Financial Services Inc","Wholesale Motor Vehicle Dealer","6026222226","Scottsdale","AZ","L00009196","State-licensed wholesale dealer - Sep 13 push"
"HUNTER TRAILERS, LLC","Wholesale Dealer License","(915) 588-6098","SEMINOLE","TX","P162052W","State-licensed wholesale dealer - Sep 13 push"
"Huntsman Wholesale LLC","Motor Vehicle Dealer (wholesale name match)","208-284-8871","Melba","ID","1329-0","State-licensed dealer - Sep 13 push"
"Hurd Auto Mall","Motor Vehicle Dealer (general)","","Johnston","RI","33","State-licensed dealer - Sep 13 push"
"Hutch N Sons Investments","Wholesale Motor Vehicle Dealer","6026201856","Phoenix","AZ","L00005939","State-licensed wholesale dealer - Sep 13 push"
"Hyundai of Newport 1215","Motor Vehicle Dealer (general)","","Middletown","RI","105","State-licensed dealer - Sep 13 push"
"I & N AUTO SALES LLC","Wholesale Motor Vehicle Dealer","602-710-4193","SURPRISE","AZ","L10001041","State-licensed wholesale dealer - Sep 13 push"
"I & S Auto Wholesale","Wholesale Motor Vehicle Dealer","6232106676","Glendale","AZ","L00009923","State-licensed wholesale dealer - Sep 13 push"
"IAE Group LLC","Wholesale Motor Vehicle Dealer","6235626939","LAVEEN","AZ","L10002797","State-licensed wholesale dealer - Sep 13 push"
"Iannotti Bros. Select Cars","Motor Vehicle Dealer (general)","","Coventry","RI","65","State-licensed dealer - Sep 13 push"
"Icon Exotics TX Wholesale LLC","Wholesale Dealer License","(832) 998-0310","SEGUIN","TX","P174437W","State-licensed wholesale dealer - Sep 13 push"
"IDEAL DK AUTO LLC","Wholesale Motor Vehicle Dealer","(239)276-3088","NAPLES","FL","1150918-1","State-licensed wholesale dealer - Sep 13 push"
"IDEAL TOUCH MOTORS","Wholesale Motor Vehicle Dealer","(918) 851-0725","TULSA","OK","10727","State-licensed wholesale dealer - Sep 13 push"
"IFIND EXCHANGE INC","Wholesale Motor Vehicle Dealer","(239)245-4473","LEHIGH ACRES","FL","1151236-1","State-licensed wholesale dealer - Sep 13 push"
"Ifwg LLC","Wholesale Motor Vehicle Dealer","6232168391","Phoenix","AZ","L00016040","State-licensed wholesale dealer - Sep 13 push"
"Ignite Consults LLC","Wholesale Dealer License","(404) 542-6086","MCKINNEY","TX","P164590W","State-licensed wholesale dealer - Sep 13 push"
"Ihope Auto Sell LLC","Wholesale Motor Vehicle Dealer","9197713680","Mesa","AZ","L00016534","State-licensed wholesale dealer - Sep 13 push"
"IJOBA MOTORS LLC","Wholesale Motor Vehicle Dealer","14806699005","Surprise","AZ","L10002868","State-licensed wholesale dealer - Sep 13 push"
"Ikoniq Financial LLC","Wholesale Motor Vehicle Dealer","7022352070","Phoenix","AZ","L10002476","State-licensed wholesale dealer - Sep 13 push"
"IMB MOTORS LLC","Wholesale Motor Vehicle Dealer","602-410-7841","PHOENIX","AZ","L10000209","State-licensed wholesale dealer - Sep 13 push"
"IMPORT EXPORT AUTOMOTIVE LLC","Wholesale Motor Vehicle Dealer","6023804947","GLENDALE","AZ","L10002907","State-licensed wholesale dealer - Sep 13 push"
"Imports Auto Wholesale LLC","Wholesale Motor Vehicle Dealer","6023677634","Phoenix","AZ","L00007225","State-licensed wholesale dealer - Sep 13 push"
"IN & OUT USED CARS","Wholesale Motor Vehicle Dealer","(405) 826-4899","OKLAHOMA CITY","OK","10635","State-licensed wholesale dealer - Sep 13 push"
"In Lane Auto","Wholesale Motor Vehicle Dealer","","Castle Pines","CO","47267","State-licensed wholesale dealer - Sep 13 push"
"In Lane Autos, LLC","Wholesale Motor Vehicle Dealer","6024925030","Chandler","AZ","L10002257","State-licensed wholesale dealer - Sep 13 push"
"IN MOTION AUTO BROKER LLC","Wholesale Motor Vehicle Dealer","","Denver","CO","45014","State-licensed wholesale dealer - Sep 13 push"
"Independent Auto Sales","Motor Vehicle Dealer (general)","","Pawtucket","RI","397","State-licensed dealer - Sep 13 push"
"Independent Finance Company, Inc","Wholesale Motor Vehicle Dealer","","Grand Junction","CO","46944","State-licensed wholesale dealer - Sep 13 push"
"Industrial Motors, Inc.","Motor Vehicle Dealer (general)","","Pawtucket","RI","536","State-licensed dealer - Sep 13 push"
"INFINITE AUTO, INC.","Wholesale Motor Vehicle Dealer","","Centennial","CO","3271","State-licensed wholesale dealer - Sep 13 push"
"INFINITE FUNDING LLC","Wholesale Motor Vehicle Dealer","480-737-9906","PHOENIX","AZ","L10002617","State-licensed wholesale dealer - Sep 13 push"
"Infiniti of Warwick","Motor Vehicle Dealer (general)","","Warwick","RI","639","State-licensed dealer - Sep 13 push"
"Inner-City Auto Sales, Inc.","Motor Vehicle Dealer (general)","","Providence","RI","523","State-licensed dealer - Sep 13 push"
"Innovativ Trading","Wholesale Motor Vehicle Dealer","4803437324","GOODYEAR","AZ","L10001369","State-licensed wholesale dealer - Sep 13 push"
"Insurance Auto Auctions","Motor Vehicle Dealer (general)","","East Providence","RI","341","State-licensed dealer - Sep 13 push"
"INSURANCE AUTO AUCTIONS CORP.","Wholesale Motor Vehicle Auction License","(281) 369-0094","Amarillo","TX","P127086A","State-licensed wholesale dealer - Sep 13 push"
"Insurance Auto Auctions, IAA","Wholesale Motor Vehicle Auction License","(254) 970-0575","FLORENCE","TX","P169063A","State-licensed wholesale dealer - Sep 13 push"
"INTEGRATED SERVICES CORPORAITON","Wholesale Motor Vehicle Dealer","","LAKEWOOD","CO","36552","State-licensed wholesale dealer - Sep 13 push"
"INTERMOUNTAIN FINANCIAL SERVICE INC","Wholesale Motor Vehicle Dealer","","COLORADO SPRINGS","CO","41247","State-licensed wholesale dealer - Sep 13 push"
"International Horsepower Auto Sales","Motor Vehicle Dealer (general)","","North Providence","RI","675","State-licensed dealer - Sep 13 push"
"INTERNATIONAL JACLIN, INC. CORP.","Wholesale Motor Vehicle Dealer","(786)799-6127","MIAMI GARDEN","FL","1144279-1","State-licensed wholesale dealer - Sep 13 push"
"International Motor Group ""Annex""","Motor Vehicle Dealer (general)","","Warwick","RI","459","State-licensed dealer - Sep 13 push"
"International Motor Group ""Main""","Motor Vehicle Dealer (general)","","Warwick","RI","260","State-licensed dealer - Sep 13 push"
"Iron Creek Wholesale LLC","Motor Vehicle Dealer (wholesale name match)","208-505-6644","Nampa","ID","4380-0","State-licensed dealer - Sep 13 push"
"ITEC Solutions LLC","Wholesale Motor Vehicle Dealer","4803526034","mesa","AZ","L10003242","State-licensed wholesale dealer - Sep 13 push"
"IZSHAH AUTO MOTORS CORPORATION","Wholesale Motor Vehicle Dealer","(321)750-9610","LONGWOOD","FL","1149337-1","State-licensed wholesale dealer - Sep 13 push"
"J & S Auto Sales","Wholesale Motor Vehicle Dealer","9512612346","Yuma","AZ","L00015783","State-licensed wholesale dealer - Sep 13 push"
"J C Bemiss Investments LLC","Wholesale Motor Vehicle Dealer","6025659797","Scottsdale","AZ","L00008879","State-licensed wholesale dealer - Sep 13 push"
"J C M MOTORSPORT CONNECTIONS, INC.","Wholesale Motor Vehicle Dealer","","GOLDEN","CO","6557","State-licensed wholesale dealer - Sep 13 push"
"J D 8 LLC","Wholesale Motor Vehicle Dealer","","Greeley","CO","39925","State-licensed wholesale dealer - Sep 13 push"
"J Luxe Auto Brokers LLC","Wholesale Motor Vehicle Dealer","6027430728","PHOENIX","AZ","L10003182","State-licensed wholesale dealer - Sep 13 push"
"J Moose Auto","Wholesale Motor Vehicle Dealer","4802272777","Chandler","AZ","L00012639","State-licensed wholesale dealer - Sep 13 push"
"J&B Auto, LLC.","Wholesale Motor Vehicle Dealer","","Thornton","CO","47327","State-licensed wholesale dealer - Sep 13 push"
"J&D Auto Sales, Inc.","Motor Vehicle Dealer (general)","","West Warwick","RI","603","State-licensed dealer - Sep 13 push"
"J&I Auto Sales, LLC","Wholesale Motor Vehicle Dealer","","Aurora","CO","46105","State-licensed wholesale dealer - Sep 13 push"
"J&S Truck Sales","Wholesale Dealer License","(214) 290-4634","MIDLAND","TX","P165081W","State-licensed wholesale dealer - Sep 13 push"
"J&T Auto Sales","Motor Vehicle Dealer (general)","","Warwick","RI","744","State-licensed dealer - Sep 13 push"
"J. S. WHOLESALE AUTOS","Wholesale Motor Vehicle Dealer","(918) 245-2111","SAND SPRINGS","OK","10149","State-licensed wholesale dealer - Sep 13 push"
"J.C. BROMAC CORPORATION","Wholesale Motor Vehicle Dealer","(310)536-6777","DORAL","FL","1148585-1","State-licensed wholesale dealer - Sep 13 push"
"J.D.J. Auto Sales, LLC","Motor Vehicle Dealer (general)","","Providence","RI","572","State-licensed dealer - Sep 13 push"
"J.E.S. INTERNATIONAL GROUP, INC.","Wholesale Motor Vehicle Dealer","(305)694-2655","MIAMI","FL","1132812-1","State-licensed wholesale dealer - Sep 13 push"
"J.F.C. Auto Sales","Motor Vehicle Dealer (general)","","Providence","RI","205","State-licensed dealer - Sep 13 push"
"JA AUTO EXPORT CORP","Wholesale Motor Vehicle Dealer","(786)979-4114","HIALEAH","FL","1150016-1","State-licensed wholesale dealer - Sep 13 push"
"Jack & Son Auto Sales and Service, Inc.","Motor Vehicle Dealer (general)","","Pawtucket","RI","147","State-licensed dealer - Sep 13 push"
"JACKRABBIT AUTO WHOLESALE LLC","Wholesale Motor Vehicle Dealer","602-919-1239","BUCKEYE","AZ","L10002192","State-licensed wholesale dealer - Sep 13 push"
"Jade Auto Wholesale LLC","Wholesale Motor Vehicle Dealer","602-919-5116","Avondale","AZ","L00014615","State-licensed wholesale dealer - Sep 13 push"
"Jake Kaplan?s LTD","Motor Vehicle Dealer (general)","","Warwick","RI","31","State-licensed dealer - Sep 13 push"
"JAMN-G LLC","Wholesale Motor Vehicle Dealer","6023887007","Glendale","AZ","L10003509","State-licensed wholesale dealer - Sep 13 push"
"JASAD INC.","Wholesale Motor Vehicle Dealer","(561)733-9919","POMPANO BEACH","FL","1141489-1","State-licensed wholesale dealer - Sep 13 push"
"Jason Wright","Wholesale Motor Vehicle Dealer","4805103641","Chandler","AZ","L10001887","State-licensed wholesale dealer - Sep 13 push"
"JAX CITY WHOLESALE, LLC","Wholesale Motor Vehicle Dealer","(904)314-7661","JACKSONVILLE","FL","1153670-1","State-licensed wholesale dealer - Sep 13 push"
"JAY & KEV AUTO SALES LLC","Wholesale Motor Vehicle Dealer","602-620-9296","PHOENIX","AZ","L10001687","State-licensed wholesale dealer - Sep 13 push"
"Jays Auto Sales LLC","Wholesale Motor Vehicle Dealer","4809735111","Phoenix","AZ","L10002835","State-licensed wholesale dealer - Sep 13 push"
"Jb Auto Brokers","Wholesale Motor Vehicle Dealer","6022069369","Tolleson","AZ","L00015536","State-licensed wholesale dealer - Sep 13 push"
"Jbs Wholesale, LLC","Wholesale Motor Vehicle Dealer","4802270604","Chandler","AZ","L10002777","State-licensed wholesale dealer - Sep 13 push"
"Jcautopista","Wholesale Motor Vehicle Dealer","6023017301","Tolleson","AZ","L10002051","State-licensed wholesale dealer - Sep 13 push"
"Jcj Auto Investments","Wholesale Motor Vehicle Dealer","6024211012","Phoenix","AZ","L00011514","State-licensed wholesale dealer - Sep 13 push"
"Jcj Motors","Wholesale Motor Vehicle Dealer","4805295092","Phoenix","AZ","L00015237","State-licensed wholesale dealer - Sep 13 push"
"Jck2 Enterprises LLC","Wholesale Motor Vehicle Dealer","5203070072","Vail","AZ","L00016089","State-licensed wholesale dealer - Sep 13 push"
"JD IMPORTS LLC","Wholesale Motor Vehicle Dealer","(786)330-8545","WINTER PARK","FL","1152773-1","State-licensed wholesale dealer - Sep 13 push"
"JDE AUTOMOTIVE","Wholesale Motor Vehicle Dealer","","Aurora","CO","43595","State-licensed wholesale dealer - Sep 13 push"
"JDM Auto Sales LLC","Wholesale Motor Vehicle Dealer","","Pueblo West","CO","45586","State-licensed wholesale dealer - Sep 13 push"
"JE Auto Sales LLC","Motor Vehicle Dealer (general)","","Pawtucket","RI","405","State-licensed dealer - Sep 13 push"
"Jeff Milllette Auto Center","Motor Vehicle Dealer (general)","","Pawtucket","RI","671","State-licensed dealer - Sep 13 push"
"JEFFERSON MOTORS","Wholesale Motor Vehicle Dealer","","Centennial","CO","43887","State-licensed wholesale dealer - Sep 13 push"
"JEISEN TRANSPORT LLC","Wholesale Motor Vehicle Dealer","209-535-2825","SURPRISE","AZ","L10003292","State-licensed wholesale dealer - Sep 13 push"
"JEISY AUTO IMPORT LLC","Wholesale Motor Vehicle Dealer","(321)662-1429","ORLANDO","FL","1154223-1","State-licensed wholesale dealer - Sep 13 push"
"Jessway Express LLC","Wholesale Motor Vehicle Dealer","6028812269","Chandler","AZ","L00015970","State-licensed wholesale dealer - Sep 13 push"
"JEWER FAMILY HOLDINGS, LLC","Wholesale Motor Vehicle Dealer","(727)325-7044","CLEARWATER","FL","1129228-1","State-licensed wholesale dealer - Sep 13 push"
"JICI WHOLESALE LLC","Wholesale Motor Vehicle Dealer","480-648-5681","PHOENIX","AZ","L10002883","State-licensed wholesale dealer - Sep 13 push"
"Jim Bogard Rv Center Inc","Wholesale Motor Vehicle Dealer","4808947374","Queen Creek","AZ","L00016588","State-licensed wholesale dealer - Sep 13 push"
"Jim Cerimeli LLC","Wholesale Motor Vehicle Dealer","6023774876","Scottsdale","AZ","L00005492","State-licensed wholesale dealer - Sep 13 push"
"Jim Spacone Wholesale","Wholesale Motor Vehicle Dealer","5202353966","Vail","AZ","L00006806","State-licensed wholesale dealer - Sep 13 push"
"Jim?s Auto Sales & Auto Body Works, Inc.","Motor Vehicle Dealer (general)","","Pawtucket","RI","534","State-licensed dealer - Sep 13 push"
"JIMEX USA INC","Wholesale Motor Vehicle Dealer","(407)412-4432","ORLANDO","FL","1097577-1","State-licensed wholesale dealer - Sep 13 push"
"Jimmy?s Auto Sales","Motor Vehicle Dealer (general)","","North Providence","RI","726","State-licensed dealer - Sep 13 push"
"Jim's Auto Center, LLC","Wholesale Dealer License","(432) 894-0273","Colorado City","TX","P115337W","State-licensed wholesale dealer - Sep 13 push"
"JKA Motors LLC","Wholesale Motor Vehicle Dealer","7604970931","Phoenix","AZ","L10003105","State-licensed wholesale dealer - Sep 13 push"
"JM AUTO GROUP LLC","Wholesale Motor Vehicle Dealer","6237604417","TOLLESON","AZ","L10000354","State-licensed wholesale dealer - Sep 13 push"
"JM AUTO SALES","Wholesale Dealer License","(512) 569-3317","Bertram","TX","P134145W","State-licensed wholesale dealer - Sep 13 push"
"JM MOTORS LLC","Wholesale Motor Vehicle Dealer","602-475-1696","LITCHFIELD PARK","AZ","L10003408","State-licensed wholesale dealer - Sep 13 push"
"JMAK AUTO MART LLC","Wholesale Motor Vehicle Dealer","480-886-7148","APACHE JUNCTION","AZ","L10003148","State-licensed wholesale dealer - Sep 13 push"
"JMI Legacy","Wholesale Motor Vehicle Dealer","6024605739","Glendale","AZ","L10003672","State-licensed wholesale dealer - Sep 13 push"
"JMJ WHOLESALE AUTOS","Wholesale Motor Vehicle Dealer","4803644674","CHANDLER","AZ","L10001280","State-licensed wholesale dealer - Sep 13 push"
"JMZ EXOTICS LLC","Wholesale Motor Vehicle Dealer","602-622-6164","PHOENIX","AZ","L10003272","State-licensed wholesale dealer - Sep 13 push"
"Jo Jo Enterprises Llp","Wholesale Motor Vehicle Dealer","6023702138","Glendale","AZ","L00009676","State-licensed wholesale dealer - Sep 13 push"
"Joe's Auto Sales & Service 1022","Motor Vehicle Dealer (general)","","Cumberland","RI","241","State-licensed dealer - Sep 13 push"
"JOHN CULBERTSON TRUCK SALES","Wholesale Motor Vehicle Dealer","(405) 455-2630","OKLAHOMA CITY","OK","10484","State-licensed wholesale dealer - Sep 13 push"
"JOHN Q AUTO","Wholesale Motor Vehicle Dealer","","COLORADO SPRINGS","CO","3256","State-licensed wholesale dealer - Sep 13 push"
"John Rao Collections","Wholesale Motor Vehicle Dealer","6025741906","Tempe","AZ","L00015539","State-licensed wholesale dealer - Sep 13 push"
"Johnston Auto Sales, LLC","Motor Vehicle Dealer (general)","","Johnston","RI","12","State-licensed dealer - Sep 13 push"
"JORDANGOTIT LLC","Wholesale Motor Vehicle Dealer","623-455-1168","LAVEEN","AZ","L10001930","State-licensed wholesale dealer - Sep 13 push"
"Jorge?s Auto Sales ?Annex?","Motor Vehicle Dealer (general)","","Cumberland","RI","692","State-licensed dealer - Sep 13 push"
"Jorge?s Auto Sales ?Main?","Motor Vehicle Dealer (general)","","Cumberland","RI","737","State-licensed dealer - Sep 13 push"
"Jose Angel Rodriguez","Wholesale Motor Vehicle Dealer","6027894719","Avondale","AZ","L10001426","State-licensed wholesale dealer - Sep 13 push"
"Joseph Giulitto, LLC.","Wholesale Motor Vehicle Dealer","","Gardner","CO","47209","State-licensed wholesale dealer - Sep 13 push"
"JP CHASE FINANCIAL","Wholesale Motor Vehicle Dealer","5204401983","Tempe","AZ","L10001635","State-licensed wholesale dealer - Sep 13 push"
"JPW CARS LLC","Wholesale Motor Vehicle Dealer","6023913256","EL MIRAGE","AZ","L10000367","State-licensed wholesale dealer - Sep 13 push"
"JRS CARS LLC","Wholesale Motor Vehicle Dealer","7082965565","Scottsdale","AZ","L10002801","State-licensed wholesale dealer - Sep 13 push"
"JULIAN HALITAJ CONSULTING,  CORP","Wholesale Motor Vehicle Dealer","(239)682-9339","NAPLES","FL","1151178-1","State-licensed wholesale dealer - Sep 13 push"
"June Auto Wholesalers","Wholesale Motor Vehicle Dealer","9286150398","Gadsden","AZ","L00008525","State-licensed wholesale dealer - Sep 13 push"
"Junior Giants Auto Sales","Wholesale Motor Vehicle Dealer","4802276595","Tempe","AZ","L00007935","State-licensed wholesale dealer - Sep 13 push"
"Just DRP Auto Wholesaler LLC","Wholesale Motor Vehicle Dealer","","Aurora","CO","46107","State-licensed wholesale dealer - Sep 13 push"
"Jw Online Marketing LLC","Wholesale Motor Vehicle Dealer","6022920467","Phoenix","AZ","L00014133","State-licensed wholesale dealer - Sep 13 push"
"JXL Motorsports LLC","Wholesale Motor Vehicle Dealer","6025753397","buckeye","AZ","L10003366","State-licensed wholesale dealer - Sep 13 push"
"JZ Auto Wholesale LLC","Wholesale Dealer License","(956) 505-1017","BROWNSVILLE","TX","P169452W","State-licensed wholesale dealer - Sep 13 push"
"K&A Automotive LLC","Wholesale Dealer License","(940) 735-8043","Denton","TX","P167933W","State-licensed wholesale dealer - Sep 13 push"
"K&D AUTO SERVICES INC","Wholesale Motor Vehicle Dealer","520-634-5166","MARICOPA","AZ","L10002631","State-licensed wholesale dealer - Sep 13 push"
"K&U AUTOMOTIVE LLC","Wholesale Motor Vehicle Dealer","6027378704","phoenix","AZ","L10000456","State-licensed wholesale dealer - Sep 13 push"
"Kabul AFG LLC","Wholesale Motor Vehicle Dealer","6232065528","Phoenix","AZ","L10003453","State-licensed wholesale dealer - Sep 13 push"
"Kadkael LLC","Wholesale Motor Vehicle Dealer","4808989696","Mesa","AZ","L00016280","State-licensed wholesale dealer - Sep 13 push"
"KAFZAR LLC","Wholesale Motor Vehicle Dealer","480-934-3578","CHANDLER","AZ","L10003141","State-licensed wholesale dealer - Sep 13 push"
"Kairos Leasing, LLC.","Wholesale Motor Vehicle Dealer","","Crested Butte","CO","46660","State-licensed wholesale dealer - Sep 13 push"
"KALLELLES AUTO SALES LLC","Wholesale Motor Vehicle Dealer","","GOLDEN","CO","42738","State-licensed wholesale dealer - Sep 13 push"
"Karco LLC","Wholesale Motor Vehicle Dealer","6024884469","Phoenix","AZ","L00009994","State-licensed wholesale dealer - Sep 13 push"
"KBB Auto LLC","Wholesale Motor Vehicle Dealer","4807661909","Mesa","AZ","L10003659","State-licensed wholesale dealer - Sep 13 push"
"Keaton Co LLC","Wholesale Motor Vehicle Dealer","6232991215","Buckeye","AZ","L00016546","State-licensed wholesale dealer - Sep 13 push"
"KECK AUTO & COMPANY","Wholesale Motor Vehicle Dealer","","LOVELAND","CO","3093","State-licensed wholesale dealer - Sep 13 push"
"Keepo Auto","Wholesale Motor Vehicle Dealer","9092152534","Bull Head City","AZ","L10001329","State-licensed wholesale dealer - Sep 13 push"
"KEITH PRICE AUTO SALES LLC","Wholesale Motor Vehicle Dealer","","Aurora","CO","39490","State-licensed wholesale dealer - Sep 13 push"
"Kelso Financial LLC","Wholesale Motor Vehicle Dealer","6232366685","PHOENIX","AZ","L10003253","State-licensed wholesale dealer - Sep 13 push"
"KENMINTS Motors LLC","Wholesale Motor Vehicle Dealer","5202510036","Surprise","AZ","L10003631","State-licensed wholesale dealer - Sep 13 push"
"KENWORTH ALASKA","Motor Vehicle Dealer (general)","","Anchorage","AK","120","State-licensed dealer - Sep 13 push"
"Kenworth Northeast","Motor Vehicle Dealer (general)","","Smithfield","RI","454","State-licensed dealer - Sep 13 push"
"Key 7 Enterprises LLC","Wholesale Motor Vehicle Dealer","623-521-2484","Sun City West","AZ","L10001127","State-licensed wholesale dealer - Sep 13 push"
"KEYS MOTORS","Wholesale Motor Vehicle Dealer","","Boulder","CO","7014","State-licensed wholesale dealer - Sep 13 push"
"KF MOTORSPORTS LLC","Wholesale Motor Vehicle Dealer","480-341-8342","SCOTTSDALE","AZ","L10002676","State-licensed wholesale dealer - Sep 13 push"
"KG MOTORSPORTS","Wholesale Motor Vehicle Dealer","602-812-8090","Laveen","AZ","L10001157","State-licensed wholesale dealer - Sep 13 push"
"Khavas Auto Sale LLC","Wholesale Motor Vehicle Dealer","4804388375","Glendale","AZ","L10003449","State-licensed wholesale dealer - Sep 13 push"
"KIKI'S MOTORS CORP","Wholesale Motor Vehicle Dealer","(786)537-3069","PRINCETON","FL","1152431-1","State-licensed wholesale dealer - Sep 13 push"
"KING AUTO MALL INC.","Wholesale Motor Vehicle Dealer","(786)419-0325","HALLANDALE BEACH","FL","1129737-1","State-licensed wholesale dealer - Sep 13 push"
"KING J'S AUTO SERVICE BODY PAINT AND TOWING, L.L.C","Wholesale Motor Vehicle Dealer","480-228-8421","MARICOPA","AZ","L10001454","State-licensed wholesale dealer - Sep 13 push"
"King Philip Motors","Motor Vehicle Dealer (general)","","Bristol","RI","434","State-licensed dealer - Sep 13 push"
"King Richard's Auto Center, Inc.","Motor Vehicle Dealer (general)","","East Providence","RI","50","State-licensed dealer - Sep 13 push"
"KING SOLOMON LLC","Wholesale Motor Vehicle Dealer","6029808387","PHOENIX","AZ","L10000779","State-licensed wholesale dealer - Sep 13 push"
"Kingston Auto Sales, Inc.","Motor Vehicle Dealer (general)","","South Kingstown","RI","747","State-licensed dealer - Sep 13 push"
"Kinship Motors LLC","Wholesale Motor Vehicle Dealer","6234992835","Surprise","AZ","L10002080","State-licensed wholesale dealer - Sep 13 push"
"Klaki Auto","Wholesale Motor Vehicle Dealer","6026576075","Laveen","AZ","L10003402","State-licensed wholesale dealer - Sep 13 push"
"Knox?s Garage","Motor Vehicle Dealer (general)","","North Scituate","RI","263","State-licensed dealer - Sep 13 push"
"KNOXVILLE WHOLESALE LLC","Motor Vehicle Dealer (wholesale name match)","","KNOXVILLE","TN","17500","State-licensed dealer - Sep 13 push"
"Koritas Auto Sales LLC","Wholesale Motor Vehicle Dealer","6028729570","Phoenix","AZ","L10002536","State-licensed wholesale dealer - Sep 13 push"
"KPS Collectibles, LLC.","Wholesale Motor Vehicle Dealer","","Greenwood Village","CO","45292","State-licensed wholesale dealer - Sep 13 push"
"Ksk International","Wholesale Motor Vehicle Dealer","6023152381","Glendale","AZ","L00012897","State-licensed wholesale dealer - Sep 13 push"
"Ksm Automotive LLC","Wholesale Motor Vehicle Dealer","4802581223","New River","AZ","L00008082","State-licensed wholesale dealer - Sep 13 push"
"KURTZ MOTORS","Wholesale Motor Vehicle Dealer","","FT COLLINS","CO","3152","State-licensed wholesale dealer - Sep 13 push"
"Kylcar Construction LLC","Wholesale Dealer License","(903) 276-8767","SIMMS","TX","P165577W","State-licensed wholesale dealer - Sep 13 push"
"L & M Autos","Wholesale Motor Vehicle Dealer","6025155642","Phoenix","AZ","L00010940","State-licensed wholesale dealer - Sep 13 push"
"L T D WHOLESALE LLC","Wholesale Motor Vehicle Dealer","602-791-1567","QUEEN CREEK","AZ","L10001731","State-licensed wholesale dealer - Sep 13 push"
"L.A. AUTO SALES, INC","Wholesale Motor Vehicle Dealer","(405) 826-5021","NEWCASTLE","OK","10715","State-licensed wholesale dealer - Sep 13 push"
"L.PORTILLO MOTORSPORT LLC","Wholesale Motor Vehicle Dealer","602-312-2534","GLENDALE","AZ","L10003502","State-licensed wholesale dealer - Sep 13 push"
"Lagos Auto Sales and Service LLC","Motor Vehicle Dealer (general)","","Providence","RI","532","State-licensed dealer - Sep 13 push"
"LAI Investors LLC","Wholesale Motor Vehicle Dealer","7472634124","Tempe","AZ","L10001149","State-licensed wholesale dealer - Sep 13 push"
"Laires & Son Auto Sales & Repairs","Motor Vehicle Dealer (general)","","East Providence","RI","739","State-licensed dealer - Sep 13 push"
"Lajara Auto Sales","Motor Vehicle Dealer (general)","","Cranston","RI","171","State-licensed dealer - Sep 13 push"
"Lake Auto Sales, Inc.","Motor Vehicle Dealer (general)","","Providence","RI","641","State-licensed dealer - Sep 13 push"
"Lake City Wholesale LLC","Motor Vehicle Dealer (wholesale name match)","208-676-0187","Coeur d'Alene","ID","4050-0","State-licensed dealer - Sep 13 push"
"Lakewood Auto Sales","Motor Vehicle Dealer (general)","","Warwick","RI","353","State-licensed dealer - Sep 13 push"
"LAKEWOOD HAPPY MOTORS","Wholesale Motor Vehicle Dealer","","Lone Tree","CO","41811","State-licensed wholesale dealer - Sep 13 push"
"Lamassu International General Trading LLC","Wholesale Motor Vehicle Dealer","7738657545","Surprise","AZ","L10001758","State-licensed wholesale dealer - Sep 13 push"
"LAMUKA AUTO BODY REPAIR LLC","Wholesale Motor Vehicle Dealer","4145874194","PHOENIX","AZ","L10001678","State-licensed wholesale dealer - Sep 13 push"
"Land One Auto Sales LLC","Wholesale Motor Vehicle Dealer","6025497223","Mesa","AZ","L10003213","State-licensed wholesale dealer - Sep 13 push"
"Land Rover Warwick","Motor Vehicle Dealer (general)","","Warwick","RI","3","State-licensed dealer - Sep 13 push"
"Lander auto sales LLC","Wholesale Motor Vehicle Dealer","7739511876","Peoria","AZ","L10003337","State-licensed wholesale dealer - Sep 13 push"
"Landmark Remarketing","Wholesale Motor Vehicle Dealer","","Denver","CO","46295","State-licensed wholesale dealer - Sep 13 push"
"LANDRETH AUTO SALES","Wholesale Motor Vehicle Dealer","(405) 642-5335","SHAWNEE","OK","10735","State-licensed wholesale dealer - Sep 13 push"
"Langway Nissan of Newport","Motor Vehicle Dealer (general)","","Middletown","RI","284","State-licensed dealer - Sep 13 push"
"Langway Toyota of Newport","Motor Vehicle Dealer (general)","","Middletown","RI","167","State-licensed dealer - Sep 13 push"
"Lara Car Auto Sales llc","Wholesale Motor Vehicle Dealer","7178261853","Glendale","AZ","L10003111","State-licensed wholesale dealer - Sep 13 push"
"Larkin & Hidalgo Auto Sales","Wholesale Motor Vehicle Dealer","6618745623","Phoenix","AZ","L10002450","State-licensed wholesale dealer - Sep 13 push"
"Las America Auto Sales","Motor Vehicle Dealer (general)","","Providence","RI","168","State-licensed dealer - Sep 13 push"
"Lavinia Auto Sales LLC","Wholesale Motor Vehicle Dealer","6022288454","Phoenix","AZ","L00013904","State-licensed wholesale dealer - Sep 13 push"
"Leegate Wholesale Autos LLC","Wholesale Motor Vehicle Dealer","6232062311","Phoenix","AZ","L00014420","State-licensed wholesale dealer - Sep 13 push"
"Leers Auto Sales","Motor Vehicle Dealer (general)","","Pawtucket","RI","503","State-licensed dealer - Sep 13 push"
"Legacy Auto Auctions","Wholesale Motor Vehicle Auction License","(254) 613-4875","Belton","TX","P167300A","State-licensed wholesale dealer - Sep 13 push"
"Legacy Auto Sales & Repair","Motor Vehicle Dealer (general)","","North Providence","RI","614","State-licensed dealer - Sep 13 push"
"Legacy Auto Wholesale LLC","Wholesale Motor Vehicle Dealer","602-515-5021","Phoenix","AZ","L10003591","State-licensed wholesale dealer - Sep 13 push"
"Legacy Lane Motors, LLC.","Wholesale Motor Vehicle Dealer","","Milliken","CO","47519","State-licensed wholesale dealer - Sep 13 push"
"Legal Motors, LTD","Motor Vehicle Dealer (general)","","Warwick","RI","98","State-licensed dealer - Sep 13 push"
"Legendary Auto LLC","Wholesale Motor Vehicle Dealer","6029198181","Glendale","AZ","L00015098","State-licensed wholesale dealer - Sep 13 push"
"Lemus Auto Sales & Service, Inc.","Motor Vehicle Dealer (general)","","Providence","RI","479","State-licensed dealer - Sep 13 push"
"Len's Auto Brokerage","Wholesale Motor Vehicle Dealer","5209076655","Tucson","AZ","L00016582","State-licensed wholesale dealer - Sep 13 push"
"Leo Auto Sales and Tire","Motor Vehicle Dealer (general)","","Warwick","RI","305","State-licensed dealer - Sep 13 push"
"Leslany Auto Sales LLC","Wholesale Motor Vehicle Dealer","6026424918","Glendale","AZ","L10001684","State-licensed wholesale dealer - Sep 13 push"
"LET'S ROLL AUTO SALES, LLC","Wholesale Motor Vehicle Dealer","(405) 249-3770","OKLAHOMA CITY","OK","10423","State-licensed wholesale dealer - Sep 13 push"
"Level Auto Sales LLC","Wholesale Motor Vehicle Dealer","","Denver","CO","47484","State-licensed wholesale dealer - Sep 13 push"
"Lexus of Warwick","Motor Vehicle Dealer (general)","","Warwick","RI","93","State-licensed dealer - Sep 13 push"
"LF WHOLESALE AUTO SALES LLC","Wholesale Motor Vehicle Dealer","","Wheat Ridge","CO","44430","State-licensed wholesale dealer - Sep 13 push"
"Liberty Auto Sales & Repair","Motor Vehicle Dealer (general)","","Pawtucket","RI","742","State-licensed dealer - Sep 13 push"
"LIGHTNING AUTO LLC","Wholesale Motor Vehicle Dealer","","Fort Lupton","CO","44539","State-licensed wholesale dealer - Sep 13 push"
"Lima?s Auto Sales, Inc.","Motor Vehicle Dealer (general)","","West Warwick","RI","606","State-licensed dealer - Sep 13 push"
"Lindbergh Auto Sales","Motor Vehicle Dealer (general)","","Pawtucket","RI","15","State-licensed dealer - Sep 13 push"
"LIRIANTI AUTOS CORP","Wholesale Motor Vehicle Dealer","(305)744-6041","MIRAMAR","FL","1144903-1","State-licensed wholesale dealer - Sep 13 push"
"Lizarraga Auto Wholesale LLC","Wholesale Motor Vehicle Dealer","6025054141","Phoenix","AZ","L00014402","State-licensed wholesale dealer - Sep 13 push"
"LK MGT LLC","Wholesale Motor Vehicle Dealer","480-797-1560","SCOTTSDALE","AZ","L10002961","State-licensed wholesale dealer - Sep 13 push"
"LK Motorsports LLC","Wholesale Motor Vehicle Dealer","4807386665","Phoenix","AZ","L10003192","State-licensed wholesale dealer - Sep 13 push"
"LMCO AUTOMART","Wholesale Motor Vehicle Dealer","4802713166","Phoenix","AZ","L10003384","State-licensed wholesale dealer - Sep 13 push"
"LNL SOLUTIONS LLC","Wholesale Dealer License","(202) 931-8049","MCALLEN","TX","P166936W","State-licensed wholesale dealer - Sep 13 push"
"Lo-Lowz Automotive Wholesale Dealer","Wholesale Motor Vehicle Dealer","4805801737","Black Canyon City","AZ","L00012265","State-licensed wholesale dealer - Sep 13 push"
"LONDEX LLC","Wholesale Motor Vehicle Dealer","(305)219-8517","MEDLEY","FL","1153550-1","State-licensed wholesale dealer - Sep 13 push"
"LONGMONT AUTO WHOLESALE","Wholesale Motor Vehicle Dealer","","MEAD","CO","41057","State-licensed wholesale dealer - Sep 13 push"
"Lonsdale Auto Sales","Motor Vehicle Dealer (general)","","Lincoln","RI","71","State-licensed dealer - Sep 13 push"
"LOPEZ CAR MOTORS LLC","Wholesale Motor Vehicle Dealer","6026481019","EL MIRAGE","AZ","L10003282","State-licensed wholesale dealer - Sep 13 push"
"Los Estrada Auto Care LLC","Wholesale Motor Vehicle Dealer","6025269170","Phoenix","AZ","L10002882","State-licensed wholesale dealer - Sep 13 push"
"Loud Wholesale Auto Sales LLC","Wholesale Motor Vehicle Dealer","4807210063","Tempe","AZ","L00012595","State-licensed wholesale dealer - Sep 13 push"
"LOVELAND AUCTION SERVICES","Wholesale Motor Vehicle Dealer","","JOHNSTOWN","CO","7626","State-licensed wholesale dealer - Sep 13 push"
"Low Cost Auto Wholesale LLC","Wholesale Motor Vehicle Dealer","6029212097","Phoenix","AZ","L10002104","State-licensed wholesale dealer - Sep 13 push"
"Lsx Motorsports Wholesale","Wholesale Motor Vehicle Dealer","4806789416","Phoenix","AZ","L00014956","State-licensed wholesale dealer - Sep 13 push"
"LT AUTOMOTIVE","Wholesale Motor Vehicle Dealer","","Montrose","CO","43475","State-licensed wholesale dealer - Sep 13 push"
"LUBA MOTORS INC","Wholesale Motor Vehicle Dealer","(305)597-9044","MIAMI","FL","1006161-1","State-licensed wholesale dealer - Sep 13 push"
"Lucio?s Auto Sales and Service, Inc.","Motor Vehicle Dealer (general)","","Providence","RI","610","State-licensed dealer - Sep 13 push"
"Luck Auto Group LLC","Wholesale Motor Vehicle Dealer","6232561876","Glendale","AZ","L00016503","State-licensed wholesale dealer - Sep 13 push"
"LucraMax LLC","Wholesale Dealer License","(281) 985-5805","SAN MARCOS","TX","P169679W","State-licensed wholesale dealer - Sep 13 push"
"Ludger Remarketing LLC","Wholesale Motor Vehicle Dealer","4802020419","Chandler","AZ","L00010281","State-licensed wholesale dealer - Sep 13 push"
"Lukas Motors Wholesale","Wholesale Motor Vehicle Dealer","6025707207","Phoenix","AZ","L00007933","State-licensed wholesale dealer - Sep 13 push"
"LUKE AUTOS LLC","Wholesale Motor Vehicle Dealer","6028225082","Phoenix","AZ","L10003032","State-licensed wholesale dealer - Sep 13 push"
"Luna's Auto Sales LLC","Wholesale Motor Vehicle Dealer","6023919823","Phoenix","AZ","L10000704","State-licensed wholesale dealer - Sep 13 push"
"LUQUE SOLUTIONS CORP","Wholesale Motor Vehicle Dealer","(786)781-8365","MIAMI","FL","1150279-1","State-licensed wholesale dealer - Sep 13 push"
"Luther Car Company Inc","Wholesale Motor Vehicle Dealer","6026252265","Peoria","AZ","L00007735","State-licensed wholesale dealer - Sep 13 push"
"Luxury 1 LLC","Wholesale Motor Vehicle Dealer","6024220922","Phoenix","AZ","L10003537","State-licensed wholesale dealer - Sep 13 push"
"LUXUS CAPITAL, LLC","Wholesale Motor Vehicle Dealer","(813)997-6996","SARASOTA","FL","1137052-1","State-licensed wholesale dealer - Sep 13 push"
"LY AUTO GROUP LLC","Wholesale Motor Vehicle Dealer","(813)591-8687","TAMPA","FL","1153437-1","State-licensed wholesale dealer - Sep 13 push"
"LZ Trading, LLC.","Wholesale Motor Vehicle Dealer","","Erie","CO","45999","State-licensed wholesale dealer - Sep 13 push"
"M & F AUTO LLC","Wholesale Motor Vehicle Dealer","6023805504","Phoenix","AZ","L10000168","State-licensed wholesale dealer - Sep 13 push"
"M & L Auto Sales","Wholesale Motor Vehicle Dealer","6025006019","Phoenix","AZ","L00016347","State-licensed wholesale dealer - Sep 13 push"
"M & N MOTORS LLC","Wholesale Motor Vehicle Dealer","8325086158","Phoenix","AZ","L10003293","State-licensed wholesale dealer - Sep 13 push"
"M & S TRANS LLC","Wholesale Motor Vehicle Dealer","623-414-7042","GLENDALE","AZ","L10003324","State-licensed wholesale dealer - Sep 13 push"
"M &amp; C WHOLESALES LLC","Wholesale Motor Vehicle Dealer","(239)286-4593","FORT MYERS","FL","1154479-1","State-licensed wholesale dealer - Sep 13 push"
"M C EQUIPMENT","Wholesale Motor Vehicle Dealer","","COLORADO SPRINGS","CO","35947","State-licensed wholesale dealer - Sep 13 push"
"M V AUTO WHOLESALE LLC","Wholesale Motor Vehicle Dealer","602-301-5727","PHOENIX","AZ","L10000486","State-licensed wholesale dealer - Sep 13 push"
"M&J Auto Sales & Body","Motor Vehicle Dealer (general)","","Central Falls","RI","544","State-licensed dealer - Sep 13 push"
"M&S Motors, Inc.","Motor Vehicle Dealer (general)","","Providence","RI","759","State-licensed dealer - Sep 13 push"
"M. J. HLINKA VENTURES LLC","Wholesale Motor Vehicle Dealer","(908)300-0820","WEST PALM BEACH","FL","1153399-1","State-licensed wholesale dealer - Sep 13 push"
"M.A.S. Autos","Wholesale Motor Vehicle Dealer","6027504334","Gilbert","AZ","L00008196","State-licensed wholesale dealer - Sep 13 push"
"M.S.B. HOLDINGS, LLC","Wholesale Motor Vehicle Dealer","602-619-3217","PHOENIX","AZ","L10000999","State-licensed wholesale dealer - Sep 13 push"
"M1 AUTO INC","Wholesale Motor Vehicle Dealer","520-340-0440","PHOENIX","AZ","L10002635","State-licensed wholesale dealer - Sep 13 push"
"M4 AUTO","Wholesale Dealer License","(214) 728-6970","WAXAHACHIE","TX","P152881W","State-licensed wholesale dealer - Sep 13 push"
"Maae Investments LLC","Wholesale Motor Vehicle Dealer","6235707934","Litchfield Park","AZ","L00013619","State-licensed wholesale dealer - Sep 13 push"
"Maato's Auto Inc","Wholesale Motor Vehicle Dealer","6238889547","Peoria","AZ","L00013995","State-licensed wholesale dealer - Sep 13 push"
"MAC Enterprises, Inc.","Motor Vehicle Dealer (general)","","West Warwick","RI","664","State-licensed dealer - Sep 13 push"
"Macavoy Auto Wholesale","Wholesale Motor Vehicle Dealer","6023391555","Mesa","AZ","L00010009","State-licensed wholesale dealer - Sep 13 push"
"Madison Property Investments, LLC","Wholesale Motor Vehicle Dealer","6232669706","Glendale","AZ","L10003166","State-licensed wholesale dealer - Sep 13 push"
"Main Street Motors","Motor Vehicle Dealer (general)","","Fiskeville","RI","144","State-licensed dealer - Sep 13 push"
"Malefors Holdings, LLC","Wholesale Motor Vehicle Dealer","6023807332","Glendale","AZ","L10001594","State-licensed wholesale dealer - Sep 13 push"
"Manheim Weatherford","Wholesale Motor Vehicle Auction License","(806) 745-1905","Hudson Oaks","TX","P127592A","State-licensed wholesale dealer - Sep 13 push"
"MARANGI CONSULTING LLC","Wholesale Motor Vehicle Dealer","(239)766-0642","BONITA SPRINGS","FL","1151221-1","State-licensed wholesale dealer - Sep 13 push"
"Mark Motor Sports","Wholesale Motor Vehicle Dealer","6027377917","Goodyear","AZ","L10003012","State-licensed wholesale dealer - Sep 13 push"
"Markos Auto Sales","Motor Vehicle Dealer (general)","","Providence","RI","433","State-licensed dealer - Sep 13 push"
"Martinez Productions, LLC.","Wholesale Motor Vehicle Dealer","9282639709","Kingman","AZ","L10001055","State-licensed wholesale dealer - Sep 13 push"
"MARV AUTO LLC","Wholesale Motor Vehicle Dealer","","GREELEY","CO","42093","State-licensed wholesale dealer - Sep 13 push"
"Maryam Holdings LLC","Wholesale Motor Vehicle Dealer","6023307903","Phoenix","AZ","L10002466","State-licensed wholesale dealer - Sep 13 push"
"Master A LLC","Wholesale Motor Vehicle Dealer","602-886-8322","Glendale","AZ","L10003615","State-licensed wholesale dealer - Sep 13 push"
"Master Auto Sales","Wholesale Motor Vehicle Dealer","","Bennett","CO","46266","State-licensed wholesale dealer - Sep 13 push"
"Masters Truck and Equipment","Wholesale Motor Vehicle Dealer","","Pueblo","CO","47056","State-licensed wholesale dealer - Sep 13 push"
"Matabi Auto Sales LLC","Wholesale Motor Vehicle Dealer","6023583396","GLENDALE","AZ","L00013628","State-licensed wholesale dealer - Sep 13 push"
"Matteo auto sales LLC","Wholesale Motor Vehicle Dealer","6029199617","Phoenix","AZ","L10000359","State-licensed wholesale dealer - Sep 13 push"
"Max Auto And Body Shop","Wholesale Motor Vehicle Dealer","602-518-8079","Peoria","AZ","L00011519","State-licensed wholesale dealer - Sep 13 push"
"Maximo Auto Sales LLC","Wholesale Motor Vehicle Dealer","623-216-1951","Glendale","AZ","L00016825","State-licensed wholesale dealer - Sep 13 push"
"MAXVEL L.L.C","Wholesale Motor Vehicle Dealer","6027683367","Glendale","AZ","L10003256","State-licensed wholesale dealer - Sep 13 push"
"MAYDIN LLC","Wholesale Motor Vehicle Dealer","(813)599-7111","SAN ANTONIO","FL","1153894-1","State-licensed wholesale dealer - Sep 13 push"
"MB FLEET AND MOVEMENT SOLUTIONS LLC","Wholesale Motor Vehicle Dealer","(813)652-6070","TAMPA","FL","1154445-1","State-licensed wholesale dealer - Sep 13 push"
"MB Group LLC","Wholesale Motor Vehicle Dealer","520-808-3132","Tempe","AZ","L10003598","State-licensed wholesale dealer - Sep 13 push"
"MCD & ABN Auto Service, LLC","Wholesale Motor Vehicle Dealer","4802170795","Phoenix","AZ","L10001344","State-licensed wholesale dealer - Sep 13 push"
"MCD Liquidation LLC","Wholesale Motor Vehicle Dealer","4803134157","MESA","AZ","L10002774","State-licensed wholesale dealer - Sep 13 push"
"McGrath Motorsports, LLC.","Wholesale Motor Vehicle Dealer","","Englewood","CO","43250","State-licensed wholesale dealer - Sep 13 push"
"MDM WHOLESALE AUTOS","Wholesale Motor Vehicle Dealer","(580) 658-9001","MARLOW","OK","10660","State-licensed wholesale dealer - Sep 13 push"
"MDTK Prestige Exotics LLC","Wholesale Motor Vehicle Dealer","7602180475","PHOENIX","AZ","L10003336","State-licensed wholesale dealer - Sep 13 push"
"Medic Motors","Wholesale Motor Vehicle Dealer","520-481-9330","TUCSON","AZ","L10000257","State-licensed wholesale dealer - Sep 13 push"
"MEKRI Motors LLC","Wholesale Motor Vehicle Dealer","5209990638","Tucson","AZ","L10003219","State-licensed wholesale dealer - Sep 13 push"
"Mel?s Motors Used Cars Sales, Inc.","Motor Vehicle Dealer (general)","","Providence","RI","106","State-licensed dealer - Sep 13 push"
"MEL'S AUTO, LLC.","Wholesale Motor Vehicle Dealer","","Denver","CO","44763","State-licensed wholesale dealer - Sep 13 push"
"Mendoza Brothers Cars","Wholesale Motor Vehicle Dealer","6506905863","Glendale","AZ","L00013839","State-licensed wholesale dealer - Sep 13 push"
"Mercedes Benz of Warwick","Motor Vehicle Dealer (general)","","Warwick","RI","162","State-licensed dealer - Sep 13 push"
"MERCURY AUTO REMARKETING","Wholesale Motor Vehicle Dealer","(405) 844-0770","EDMOND","OK","10614","State-licensed wholesale dealer - Sep 13 push"
"MESA AUTOMOTIVE SPORTS LLC","Wholesale Motor Vehicle Dealer","602-373-2693","MESA","AZ","L10001298","State-licensed wholesale dealer - Sep 13 push"
"Metacom Auto Sales, Inc.","Motor Vehicle Dealer (general)","","Warren","RI","355","State-licensed dealer - Sep 13 push"
"Metro Auto Sales","Wholesale Motor Vehicle Dealer","9095609800","Peoria","AZ","L00005460","State-licensed wholesale dealer - Sep 13 push"
"Metro Motors","Wholesale Motor Vehicle Dealer","6024307417","Paradise Valley","AZ","L00005834","State-licensed wholesale dealer - Sep 13 push"
"Metro Storage Systems LLC","Wholesale Motor Vehicle Dealer","8168985433","Scottsdale","AZ","L00016442","State-licensed wholesale dealer - Sep 13 push"
"MEYER WHOLESALING","Wholesale Motor Vehicle Dealer","","Johnstown","CO","7734","State-licensed wholesale dealer - Sep 13 push"
"MFS AUTO FINANCE LLC","Wholesale Motor Vehicle Dealer","(561)612-8383","HOLLYWOOD","FL","1148393-1","State-licensed wholesale dealer - Sep 13 push"
"MGV AUTO SALES LLC","Wholesale Motor Vehicle Dealer","6025547031","Avondale","AZ","L10001130","State-licensed wholesale dealer - Sep 13 push"
"Mi Gente Auto Sales LLC","Wholesale Motor Vehicle Dealer","623-229-1265","Phoenix","AZ","L10001870","State-licensed wholesale dealer - Sep 13 push"
"MIAMAR CONSULTANT INC","Wholesale Motor Vehicle Dealer","(239)877-3741","NAPLES","FL","1150945-1","State-licensed wholesale dealer - Sep 13 push"
"MICHAEL EUGENE FLANDERS","Wholesale Motor Vehicle Dealer","(813)917-5513","ALTHA","FL","1121808-1","State-licensed wholesale dealer - Sep 13 push"
"Michaels Auto Sales LLC","Motor Vehicle Dealer (general)","","North Providence","RI","711","State-licensed dealer - Sep 13 push"
"Michaels JS Auto Sales and Service","Motor Vehicle Dealer (general)","","North Providence","RI","190","State-licensed dealer - Sep 13 push"
"Midessa Auto Company, LLC","Wholesale Dealer License","(432) 290-2563","MIDLAND","TX","P149810W","State-licensed wholesale dealer - Sep 13 push"
"MIDTOWN AUTO WHOLESALE LLC","Wholesale Motor Vehicle Dealer","(727)327-4891","ST PETERSBURG","FL","1066216-1","State-licensed wholesale dealer - Sep 13 push"
"Midwest Fleet & Lease Corp.","Wholesale Motor Vehicle Dealer","","Castle Rock","CO","4393","State-licensed wholesale dealer - Sep 13 push"
"Mike Eickmeyer Enterprises LLC","Wholesale Motor Vehicle Dealer","5202411148","Glendale","AZ","L00011903","State-licensed wholesale dealer - Sep 13 push"
"MIKE'S PLACE","Wholesale Motor Vehicle Dealer","","Littleton","CO","8071","State-licensed wholesale dealer - Sep 13 push"
"Mile High Auto","Wholesale Motor Vehicle Dealer","","Bennett","CO","46706","State-licensed wholesale dealer - Sep 13 push"
"MILE HIGH AUTOMOBILES LLC","Wholesale Motor Vehicle Dealer","","Broomfield","CO","41483","State-licensed wholesale dealer - Sep 13 push"
"Millers Truck Sales & Repair","Motor Vehicle Dealer (general)","","Lincoln","RI","76","State-licensed dealer - Sep 13 push"
"Milo's Auto Sales LLC","Wholesale Motor Vehicle Dealer","310-612-2918","Goodyear","AZ","L10001101","State-licensed wholesale dealer - Sep 13 push"
"MILOS VENTURES LLC","Wholesale Motor Vehicle Dealer","(206)356-8308","NAPLES","FL","1152852-1","State-licensed wholesale dealer - Sep 13 push"
"MINA MOTORS LLC","Wholesale Motor Vehicle Dealer","","Parker","CO","39691","State-licensed wholesale dealer - Sep 13 push"
"Mini of Warwick","Motor Vehicle Dealer (general)","","Warwick","RI","222","State-licensed dealer - Sep 13 push"
"Minor Investments","Wholesale Motor Vehicle Dealer","","Littleton","CO","46502","State-licensed wholesale dealer - Sep 13 push"
"MINT WHOLESALE LLC","Wholesale Motor Vehicle Dealer","4806163028","PHOENIX","AZ","L10002869","State-licensed wholesale dealer - Sep 13 push"
"Miracle Auto Sales, Inc.","Motor Vehicle Dealer (general)","","Cranston","RI","89","State-licensed dealer - Sep 13 push"
"Miracle Motors LLC","Wholesale Motor Vehicle Dealer","6023215210","Chandler","AZ","L00016373","State-licensed wholesale dealer - Sep 13 push"
"MIRIAJ AUTO GROUP LLC","Wholesale Motor Vehicle Dealer","(321)961-0949","KISSIMMEE","FL","1154029-1","State-licensed wholesale dealer - Sep 13 push"
"Mister Money USA #35","Wholesale Motor Vehicle Dealer","","Greeley","CO","42823","State-licensed wholesale dealer - Sep 13 push"
"Mjm Auto Sales, LLC","Wholesale Motor Vehicle Dealer","6024033302","Phoenix","AZ","L00013636","State-licensed wholesale dealer - Sep 13 push"
"Mlr Enterprise","Wholesale Motor Vehicle Dealer","6027216855","Phoenix","AZ","L00005926","State-licensed wholesale dealer - Sep 13 push"
"MO AUTOLUX LLC","Wholesale Motor Vehicle Dealer","9094418512","LITCHFIELD PARK","AZ","L10002977","State-licensed wholesale dealer - Sep 13 push"
"Mo Wholesale","Wholesale Motor Vehicle Dealer","6236662194","Phoenix","AZ","L00013211","State-licensed wholesale dealer - Sep 13 push"
"Moab Industries","Wholesale Motor Vehicle Dealer","9287136244","Prescott","AZ","L00010680","State-licensed wholesale dealer - Sep 13 push"
"MODENA MOTORSPORTS LLC","Wholesale Motor Vehicle Dealer","(813)530-6646","SARASOTA","FL","1153781-1","State-licensed wholesale dealer - Sep 13 push"
"Modern Ambitions Group LLC","Wholesale Motor Vehicle Dealer","602-802-3842","PHOENIX","AZ","L10001696","State-licensed wholesale dealer - Sep 13 push"
"Moe?s Auto Sales & Service, Inc.","Motor Vehicle Dealer (general)","","Pawtucket","RI","686","State-licensed dealer - Sep 13 push"
"Moekm Body Shop LLC","Wholesale Motor Vehicle Dealer","4808452748","Glendale","AZ","L00016257","State-licensed wholesale dealer - Sep 13 push"
"Moesauto LLC","Wholesale Motor Vehicle Dealer","6238506961","PHOENIX","AZ","L10002485","State-licensed wholesale dealer - Sep 13 push"
"Mojave Auto Brokers, LLC","Wholesale Motor Vehicle Dealer","7196615946","Lake Havasu","AZ","L10000885","State-licensed wholesale dealer - Sep 13 push"
"Moji Auto Sales LLC","Wholesale Motor Vehicle Dealer","6023691456","Phoenix","AZ","L00015666","State-licensed wholesale dealer - Sep 13 push"
"Momentum Motor Group LLC","Wholesale Motor Vehicle Dealer","404-790-5579","Phoenix","AZ","L10002994","State-licensed wholesale dealer - Sep 13 push"
"MONEY TALKS AUTO SALES","Wholesale Motor Vehicle Dealer","(405) 496-9972","OKLAHOMA CITY","OK","10726","State-licensed wholesale dealer - Sep 13 push"
"Mongeon Auto and Truck Corp.","Motor Vehicle Dealer (general)","","No Smithfield","RI","399","State-licensed dealer - Sep 13 push"
"Monte Carlo Auto Sales, Inc.","Motor Vehicle Dealer (general)","","Johnston","RI","646","State-licensed dealer - Sep 13 push"
"Monza Motor Group","Wholesale Motor Vehicle Dealer","4803992067","Mesa","AZ","L10003577","State-licensed wholesale dealer - Sep 13 push"
"Monze Auto Group","Wholesale Motor Vehicle Dealer","6026170359","Phoenix","AZ","L00013159","State-licensed wholesale dealer - Sep 13 push"
"Moonlight Auto Sales LLC","Wholesale Motor Vehicle Dealer","4805724483","Glendale","AZ","L10003565","State-licensed wholesale dealer - Sep 13 push"
"MOORE AUTO SALES","Wholesale Motor Vehicle Dealer","","Greeley","CO","42009","State-licensed wholesale dealer - Sep 13 push"
"Moretti?s Auto Sales","Motor Vehicle Dealer (general)","","Cranston","RI","502","State-licensed dealer - Sep 13 push"
"MOROYOQUI MOTOR SPORTS LLC","Wholesale Motor Vehicle Dealer","505-489-4242","PHOENIX","AZ","L10001360","State-licensed wholesale dealer - Sep 13 push"
"Motivus Auto Wholesale LLC","Wholesale Motor Vehicle Dealer","6027912407","Phoenix","AZ","L10003622","State-licensed wholesale dealer - Sep 13 push"
"MOTOCAR","Wholesale Motor Vehicle Dealer","","LONGMONT","CO","8848","State-licensed wholesale dealer - Sep 13 push"
"MOTODEALS CAPITAL LLC","Wholesale Motor Vehicle Dealer","(813)669-8616","SEMINOLE","FL","1152865-1","State-licensed wholesale dealer - Sep 13 push"
"Motoradore LLC","Wholesale Motor Vehicle Dealer","6023840820","Sun City","AZ","L00015670","State-licensed wholesale dealer - Sep 13 push"
"Motors East,Inc.","Motor Vehicle Dealer (general)","","Cumberland","RI","218","State-licensed dealer - Sep 13 push"
"Motorsports Auto Group Az LLC","Wholesale Motor Vehicle Dealer","4802991423","Scottsdale","AZ","L00014188","State-licensed wholesale dealer - Sep 13 push"
"MOTORSPORTS OF AZ LLC","Wholesale Motor Vehicle Dealer","602-334-3096","SURPRISE","AZ","L10003222","State-licensed wholesale dealer - Sep 13 push"
"Motorworld Powersports & Golf Cars","Motor Vehicle Dealer (general)","","North Kingstown","RI","","State-licensed dealer - Sep 13 push"
"MOTORZONE LLC","Wholesale Motor Vehicle Dealer","623-628-9681","TEMPE","AZ","L10002310","State-licensed wholesale dealer - Sep 13 push"
"MOUNTAIN PEAK MOTORS","Wholesale Motor Vehicle Dealer","","Windsor","CO","46791","State-licensed wholesale dealer - Sep 13 push"
"MOUNTAIN STAR MOTORS","Wholesale Motor Vehicle Dealer","","AURORA","CO","39962","State-licensed wholesale dealer - Sep 13 push"
"Moyes Auto And Marine Wholesale","Wholesale Motor Vehicle Dealer","4803101200","Glendale","AZ","L00010995","State-licensed wholesale dealer - Sep 13 push"
"Mozafari Auto LLC","Wholesale Motor Vehicle Dealer","4802212501","Phoenix","AZ","L00013580","State-licensed wholesale dealer - Sep 13 push"
"MR AUTO MOTORS CORPORATION","Wholesale Motor Vehicle Dealer","(321)381-0740","LONGWOOD","FL","1147104-1","State-licensed wholesale dealer - Sep 13 push"
"Mr Imports LLC","Wholesale Motor Vehicle Dealer","4802520059","Tempe","AZ","L00016692","State-licensed wholesale dealer - Sep 13 push"
"Mt. Everest Holdings, LLC","Wholesale Motor Vehicle Dealer","480-292-6024","Peoria","AZ","L10001277","State-licensed wholesale dealer - Sep 13 push"
"MTR Racing, Inc.","Motor Vehicle Dealer (general)","","Woonsocket","RI","64","State-licensed dealer - Sep 13 push"
"Mucho Motors","Wholesale Motor Vehicle Dealer","6024340819","MESA","AZ","L10003076","State-licensed wholesale dealer - Sep 13 push"
"Municipal Auto Sales, Inc.","Motor Vehicle Dealer (general)","","Warwick","RI","195","State-licensed dealer - Sep 13 push"
"Munoz Auto Sales LLC","Wholesale Motor Vehicle Dealer","6026537804","Phoenix","AZ","L00016625","State-licensed wholesale dealer - Sep 13 push"
"Mutter Motors, Inc.","Motor Vehicle Dealer (general)","","Cumberland","RI","248","State-licensed dealer - Sep 13 push"
"Mvs Auto Sales LLC","Wholesale Motor Vehicle Dealer","6028201692","Phoenix","AZ","L00016081","State-licensed wholesale dealer - Sep 13 push"
"MWC SPORTS & IMPORTS, INC","Wholesale Motor Vehicle Dealer","(405) 590-1001","EDMOND","OK","10418","State-licensed wholesale dealer - Sep 13 push"
"MZ PRODUCTS LLC","Wholesale Motor Vehicle Dealer","(786)258-1069","MEDLEY","FL","1151883-1","State-licensed wholesale dealer - Sep 13 push"
"N & N AUTO SALES","Wholesale Motor Vehicle Dealer","","GREELEY","CO","42268","State-licensed wholesale dealer - Sep 13 push"
"N & S AUTO SALES LLC","Wholesale Motor Vehicle Dealer","623-418-9654","PEORIA","AZ","L10001971","State-licensed wholesale dealer - Sep 13 push"
"N & S Motors","Wholesale Motor Vehicle Dealer","7736811485","Glendale","AZ","L10000337","State-licensed wholesale dealer - Sep 13 push"
"N Z Transports","Wholesale Motor Vehicle Dealer","4804529993","Mesa","AZ","L00006899","State-licensed wholesale dealer - Sep 13 push"
"NAD, LLC","Wholesale Motor Vehicle Dealer","602-516-2214","PHOENIX","AZ","L10000212","State-licensed wholesale dealer - Sep 13 push"
"Najjar Auto Sale LLC","Wholesale Motor Vehicle Dealer","6027155973","Phoenix","AZ","L10001775","State-licensed wholesale dealer - Sep 13 push"
"Nathan LLC","Wholesale Motor Vehicle Dealer","6027679088","Phoenix","AZ","L00015532","State-licensed wholesale dealer - Sep 13 push"
"NATIONAL FLEET EXCHANGE LLC","Wholesale Motor Vehicle Dealer","(850)443-8787","TALLAHASSEE","FL","1152525-1","State-licensed wholesale dealer - Sep 13 push"
"NATIONAL POWERSPORT AUCTIONS","Wholesale Motor Vehicle Dealer","","Denver","CO","44117","State-licensed wholesale dealer - Sep 13 push"
"Nationwide Auto Resale LLC","Wholesale Motor Vehicle Dealer","5204197979","Tucson","AZ","L10000261","State-licensed wholesale dealer - Sep 13 push"
"NATIONWIDE PREMIUM AUTO WHLS, LLC","Wholesale Motor Vehicle Dealer","(405) 395-0115","SHAWNEE","OK","10723","State-licensed wholesale dealer - Sep 13 push"
"Navris Cars","Wholesale Motor Vehicle Dealer","5203314346","Peoria","AZ","L00013634","State-licensed wholesale dealer - Sep 13 push"
"N-Baro Auction Team Wholesale Motor Vehicle Dealer","Wholesale Motor Vehicle Dealer","5209913544","Marana","AZ","L00011416","State-licensed wholesale dealer - Sep 13 push"
"NE Wholesale","Motor Vehicle Dealer (wholesale name match)","207-855-3847","Oakland","ME","","State-licensed dealer - Sep 13 push"
"NETHAN NEW STYLE LLC","Wholesale Motor Vehicle Dealer","(689)241-3796","ORLANDO","FL","1152135-1","State-licensed wholesale dealer - Sep 13 push"
"Never Ever Satisfied Classic Muscle Cars LLC","Wholesale Motor Vehicle Dealer","6026205588","Cave Creek","AZ","L00006008","State-licensed wholesale dealer - Sep 13 push"
"NEVTREV AUTO","Wholesale Motor Vehicle Dealer","","Monte Vista","CO","41061","State-licensed wholesale dealer - Sep 13 push"
"NEW CENTURY AUTO CREDIT LLC","Wholesale Motor Vehicle Dealer","602-319-8313","PHOENIX","AZ","L10001533","State-licensed wholesale dealer - Sep 13 push"
"New Century Auto Sales, Inc.","Motor Vehicle Dealer (general)","","Johnston","RI","561","State-licensed dealer - Sep 13 push"
"New Culture Auto Collision","Wholesale Motor Vehicle Dealer","6234195629","Buckeye","AZ","L00016146","State-licensed wholesale dealer - Sep 13 push"
"New England Auto Sales","Motor Vehicle Dealer (general)","","Warwick","RI","326","State-licensed dealer - Sep 13 push"
"NEW HORIZON CARE, INC.","Wholesale Motor Vehicle Dealer","480-567-6764","PHOENIX","AZ","L10000042","State-licensed wholesale dealer - Sep 13 push"
"NEW KRUTOWN AUTO SALES","Wholesale Motor Vehicle Dealer","(918) 582-1029","TULSA","OK","10590","State-licensed wholesale dealer - Sep 13 push"
"New Life Enterprises","Wholesale Motor Vehicle Dealer","","Arvada","CO","38262","State-licensed wholesale dealer - Sep 13 push"
"New Rides Auto Sales & Service, LLC","Motor Vehicle Dealer (general)","","Johnston","RI","234","State-licensed dealer - Sep 13 push"
"New Vision Motor Sports LLC","Wholesale Motor Vehicle Dealer","4804402925","Buckeye","AZ","L10003067","State-licensed wholesale dealer - Sep 13 push"
"Newport Chrysler Dodge Jeep and Ram","Motor Vehicle Dealer (general)","","Middletown","RI","453","State-licensed dealer - Sep 13 push"
"Next Level Motor Group LLC","Wholesale Motor Vehicle Dealer","623-826-6907","Mesa","AZ","L10003068","State-licensed wholesale dealer - Sep 13 push"
"Next Motor Sport, LLC","Wholesale Motor Vehicle Dealer","562-441-7474","AVONDALE","AZ","L00012778","State-licensed wholesale dealer - Sep 13 push"
"NEXTCAR LLC","Wholesale Motor Vehicle Dealer","(407)223-3757","ORLANDO","FL","1143958-1","State-licensed wholesale dealer - Sep 13 push"
"NEXTGEAR TRADERS LLC","Wholesale Motor Vehicle Dealer","(239)397-1410","FORT MYERS","FL","1151223-1","State-licensed wholesale dealer - Sep 13 push"
"NEXTGEN INVESTMENT GROUP LLC","Wholesale Motor Vehicle Dealer","9178545276","PHOENIX","AZ","L10002787","State-licensed wholesale dealer - Sep 13 push"
"NextGen Motors LLC","Wholesale Motor Vehicle Dealer","","Colorado Springs","CO","47029","State-licensed wholesale dealer - Sep 13 push"
"nextwheel llc","Wholesale Motor Vehicle Dealer","4807877930","Avondale","AZ","L10003306","State-licensed wholesale dealer - Sep 13 push"
"Nia automotive llc","Wholesale Motor Vehicle Dealer","4802492867","Phoenix","AZ","L10002405","State-licensed wholesale dealer - Sep 13 push"
"NICE CONSULTING LLC","Wholesale Motor Vehicle Dealer","702-408-7672","SCOTTSDALE","AZ","L10002594","State-licensed wholesale dealer - Sep 13 push"
"Nick?s Auto Sales","Motor Vehicle Dealer (general)","","Providence","RI","293","State-licensed dealer - Sep 13 push"
"Ninos Auto Sales LLC","Wholesale Motor Vehicle Dealer","6024103826","Peoria","AZ","L10003546","State-licensed wholesale dealer - Sep 13 push"
"NISSAN MOTOR ACCEPTANCE COMPANY LLC","Wholesale Motor Vehicle Dealer","","Englewood","CO","45029","State-licensed wholesale dealer - Sep 13 push"
"NISSAN-INFINITI LT","Wholesale Motor Vehicle Dealer","","ENGLEWOOD","CO","3322","State-licensed wholesale dealer - Sep 13 push"
"Nmp Auto","Wholesale Motor Vehicle Dealer","6269450836","Yuma","AZ","L00008595","State-licensed wholesale dealer - Sep 13 push"
"NNP Motors","Wholesale Motor Vehicle Dealer","480-729-1773","Phoenix","AZ","L10003650","State-licensed wholesale dealer - Sep 13 push"
"No Co Motorsports","Wholesale Motor Vehicle Dealer","","Windsor","CO","39615","State-licensed wholesale dealer - Sep 13 push"
"No Code Motors LLC","Wholesale Motor Vehicle Dealer","4808654083","Phoenix","AZ","L10003264","State-licensed wholesale dealer - Sep 13 push"
"NODA Auto Sales","Wholesale Motor Vehicle Dealer","","Aurora","CO","46735","State-licensed wholesale dealer - Sep 13 push"
"NOE BROTHERS AUTO SALES, LLC","Wholesale Motor Vehicle Dealer","(918) 794-8441","TULSA","OK","10694","State-licensed wholesale dealer - Sep 13 push"
"NOGALES AUTO SALES INCORPORATED","Wholesale Motor Vehicle Dealer","5203772744","NOGALES","AZ","L10003526","State-licensed wholesale dealer - Sep 13 push"
"NOON MOTORS","Wholesale Motor Vehicle Dealer","(405) 810-5027","EDMOND","OK","10654","State-licensed wholesale dealer - Sep 13 push"
"Noor Trading & Shipping Corporation","Wholesale Motor Vehicle Dealer","4804001055","Phoenix","AZ","L10002188","State-licensed wholesale dealer - Sep 13 push"
"North American Auto Sales ""Annex""","Motor Vehicle Dealer (general)","","North Providence","RI","25","State-licensed dealer - Sep 13 push"
"North American Auto Sales""MAIN""","Motor Vehicle Dealer (general)","","Providence","RI","72","State-licensed dealer - Sep 13 push"
"North City Auto Sales LLC","Wholesale Motor Vehicle Dealer","6022834674","Phoenix","AZ","L00016188","State-licensed wholesale dealer - Sep 13 push"
"North County Auto Brokers, LLC","Wholesale Dealer License","(714) 931-1082","Roanoke","TX","P165634W","State-licensed wholesale dealer - Sep 13 push"
"North Shore LLC","Wholesale Motor Vehicle Dealer","4802500738","Tempe","AZ","L00010348","State-licensed wholesale dealer - Sep 13 push"
"North Smithfield Auto Sales, Inc.","Motor Vehicle Dealer (general)","","North Smithfield","RI","417","State-licensed dealer - Sep 13 push"
"Northern Arizona Wholesale LLC","Wholesale Motor Vehicle Dealer","9283802790","Phoenix","AZ","L00015638","State-licensed wholesale dealer - Sep 13 push"
"NORTHPHOENIXAUTO","Wholesale Motor Vehicle Dealer","623-282-7883","PHOENIX","AZ","L10001193","State-licensed wholesale dealer - Sep 13 push"
"Northwest Wholesale LLC","Motor Vehicle Dealer (wholesale name match)","(208) 223-5506","Pocatello","ID","7056-0","State-licensed dealer - Sep 13 push"
"Norwest Auto Sales Inc","Wholesale Motor Vehicle Dealer","","Colorado Springs","CO","7667","State-licensed wholesale dealer - Sep 13 push"
"Not By Might Auto Consulting LLC","Wholesale Motor Vehicle Dealer","6233411557","Peoria","AZ","L10003120","State-licensed wholesale dealer - Sep 13 push"
"Not Wife Approved, LLC","Wholesale Motor Vehicle Dealer","626-625-0967","Bullhead","AZ","L10002729","State-licensed wholesale dealer - Sep 13 push"
"Nova Auto Group, LLC","Wholesale Dealer License","(713) 283-4985","SUGAR LAND","TX","P169072W","State-licensed wholesale dealer - Sep 13 push"
"NTX AUTO SALES LLC","Wholesale Dealer License","(817) 233-6875","WEATHERFORD","TX","P164202W","State-licensed wholesale dealer - Sep 13 push"
"Nucar Tarbox Toyota","Motor Vehicle Dealer (general)","","North Kingstown","RI","187","State-licensed dealer - Sep 13 push"
"NucarTarbox Hyundai","Motor Vehicle Dealer (general)","","North Kingstown","RI","180","State-licensed dealer - Sep 13 push"
"NUGGETS MOTORS LLC","Wholesale Motor Vehicle Dealer","","LAKEWOOD","CO","40911","State-licensed wholesale dealer - Sep 13 push"
"Nuni's Auto Sales & Service","Motor Vehicle Dealer (general)","","Providence","RI","660","State-licensed dealer - Sep 13 push"
"NVISION ENTERPRISE LLC","Wholesale Motor Vehicle Dealer","(407)978-3069","TAVARES","FL","1152641-1","State-licensed wholesale dealer - Sep 13 push"
"NWMA LLC","Wholesale Motor Vehicle Dealer","(941)786-0317","PUNTA GORDA","FL","1152635-1","State-licensed wholesale dealer - Sep 13 push"
"NWN MOTORS","Wholesale Motor Vehicle Dealer","(918) 894-6955","TULSA","OK","10699","State-licensed wholesale dealer - Sep 13 push"
"Nyemke Enterprise LLC","Wholesale Motor Vehicle Dealer","6144463074","Queen Creek","AZ","L10001387","State-licensed wholesale dealer - Sep 13 push"
"NYLUND ENTERPRISES LLC","Wholesale Motor Vehicle Dealer","","Castle Rock","CO","47132","State-licensed wholesale dealer - Sep 13 push"
"OAK HILL SOURCING, LLC","Wholesale Motor Vehicle Dealer","(630)530-3955","TALLAHASSEE","FL","1135057-1","State-licensed wholesale dealer - Sep 13 push"
"Oc Auto Sales Wholesalers LLC","Wholesale Motor Vehicle Dealer","6026538983","Tolleson","AZ","L00014341","State-licensed wholesale dealer - Sep 13 push"
"OCampo Auto Sales","Wholesale Motor Vehicle Dealer","6237646467","Tolleson","AZ","L00012799","State-licensed wholesale dealer - Sep 13 push"
"Ocautomotive LLC","Wholesale Motor Vehicle Dealer","4807687557","Scottsdale","AZ","L00010431","State-licensed wholesale dealer - Sep 13 push"
"Ocean State Auto Sales","Motor Vehicle Dealer (general)","","Johnston","RI","634","State-licensed dealer - Sep 13 push"
"ODK LLC","Wholesale Motor Vehicle Dealer","6614954770","Phoenix","AZ","L10001721","State-licensed wholesale dealer - Sep 13 push"
"OGYA, LLC","Wholesale Motor Vehicle Dealer","14802325020","Mesa","AZ","L10002021","State-licensed wholesale dealer - Sep 13 push"
"OKC VEHICLE WHOLESALE","Wholesale Motor Vehicle Dealer","(405) 605-3775","OKLAHOMA CITY","OK","10695","State-licensed wholesale dealer - Sep 13 push"
"OLD WESTERN FINANCE LLC","Wholesale Motor Vehicle Dealer","(813)475-1094","TAMPA","FL","1152818-1","State-licensed wholesale dealer - Sep 13 push"
"OLIE AUTO HUB","Wholesale Motor Vehicle Dealer","","Aurora","CO","44407","State-licensed wholesale dealer - Sep 13 push"
"OMAUDO AUTOS LLC","Wholesale Motor Vehicle Dealer","(332)252-2623","FORT PIERCE","FL","1153458-1","State-licensed wholesale dealer - Sep 13 push"
"OMEGA AUTO SALES LLC","Wholesale Motor Vehicle Dealer","480-347-5090","PHOENIX","AZ","L10002733","State-licensed wholesale dealer - Sep 13 push"
"On Pointe Wholesale LLC","Motor Vehicle Dealer (wholesale name match)","208-699-7727","Coeur d'Alene","ID","4078-0","State-licensed dealer - Sep 13 push"
"ONE MAIN AUTO LLC","Wholesale Motor Vehicle Dealer","602-402-3019","PHOENIX","AZ","L10002174","State-licensed wholesale dealer - Sep 13 push"
"Onsite Truck Repair & Auto Sales","Motor Vehicle Dealer (general)","","Pawtucket","RI","407","State-licensed dealer - Sep 13 push"
"OP ENTERPRISES FLORIDA CORP","Wholesale Motor Vehicle Dealer","(787)457-7679","KISSIMMEE","FL","1151548-1","State-licensed wholesale dealer - Sep 13 push"
"OPENLANE US, Inc.","Wholesale Motor Vehicle Dealer","3172494216","Mesa","AZ","L00011885","State-licensed wholesale dealer - Sep 13 push"
"Opulence Motor Sports LLC","Wholesale Motor Vehicle Dealer","4802441180","Peoria","AZ","L10002808","State-licensed wholesale dealer - Sep 13 push"
"Opulent Autohaus LLC","Wholesale Motor Vehicle Dealer","4807477720","Scottsdale","AZ","L10003317","State-licensed wholesale dealer - Sep 13 push"
"ORB ENTERPRISE","Wholesale Motor Vehicle Dealer","","Aurora","CO","44579","State-licensed wholesale dealer - Sep 13 push"
"ORG CARS SALES LLC","Wholesale Motor Vehicle Dealer","623-204-7143","PHOENIX","AZ","L10002229","State-licensed wholesale dealer - Sep 13 push"
"ORLANDO AUTO BROKER LLC","Wholesale Motor Vehicle Dealer","(407)388-5858","ALTAMONTE SPRINGS","FL","1150347-1","State-licensed wholesale dealer - Sep 13 push"
"orosco wholesale llc","Wholesale Motor Vehicle Dealer","6024909994","phoenix","AZ","L10003131","State-licensed wholesale dealer - Sep 13 push"
"Ortiz Auto Wholesale","Wholesale Motor Vehicle Dealer","6232103131","Peoria","AZ","L00006089","State-licensed wholesale dealer - Sep 13 push"
"Ortiz Sales LLC","Wholesale Motor Vehicle Dealer","602-413-9270","PHOENIX","AZ","L00015920","State-licensed wholesale dealer - Sep 13 push"
"OSAMA JANABI","Wholesale Motor Vehicle Dealer","(850)304-3772","PENSACOLA","FL","1129889-1","State-licensed wholesale dealer - Sep 13 push"
"Otis Wholesale LLC","Wholesale Motor Vehicle Dealer","4803749552","Cave Creek","AZ","L10001916","State-licensed wholesale dealer - Sep 13 push"
"OTR WHOLESALE LLC","Wholesale Motor Vehicle Dealer","(913)749-2629","ALTAMONTE SPRINGS","FL","1152082-1","State-licensed wholesale dealer - Sep 13 push"
"Outkast Truck Sales","Motor Vehicle Dealer (general)","","Warwick","RI","351","State-licensed dealer - Sep 13 push"
"OZ Motorsport LLC","Wholesale Motor Vehicle Dealer","6025256074","Laveen","AZ","L10000602","State-licensed wholesale dealer - Sep 13 push"
"OZCARS&TRUCKS LLC","Wholesale Motor Vehicle Dealer","623-387-2962","PHOENIX","AZ","L10002770","State-licensed wholesale dealer - Sep 13 push"
"P Motors","Wholesale Dealer License","(713) 679-0340","Harlingen","TX","P165766W","State-licensed wholesale dealer - Sep 13 push"
"P&J Auto Sales, Inc.","Motor Vehicle Dealer (general)","","Providence","RI","130","State-licensed dealer - Sep 13 push"
"PACE AUTO","Wholesale Motor Vehicle Dealer","","PUEBLO","CO","19942","State-licensed wholesale dealer - Sep 13 push"
"Pacific Financial Auto LLC","Wholesale Motor Vehicle Dealer","6022969292","Tolleson","AZ","L00014110","State-licensed wholesale dealer - Sep 13 push"
"Pacific Funding","Wholesale Motor Vehicle Dealer","6023545003","Phoenix","AZ","L00012268","State-licensed wholesale dealer - Sep 13 push"
"Pacific Funding Wholesale Auto Sale LLC","Wholesale Motor Vehicle Dealer","6024817848","Tolleson","AZ","L10000438","State-licensed wholesale dealer - Sep 13 push"
"PALM BCH ENTERPRISES LLC","Wholesale Motor Vehicle Dealer","(302)505-1058","DELRAY BEACH","FL","1153489-1","State-licensed wholesale dealer - Sep 13 push"
"Pan Motors LLC","Wholesale Motor Vehicle Dealer","6029896761","Phoenix","AZ","L00006923","State-licensed wholesale dealer - Sep 13 push"
"Pancho Motors, LLC.","Wholesale Motor Vehicle Dealer","","Pueblo","CO","46601","State-licensed wholesale dealer - Sep 13 push"
"PARIS AUTO SALES","Wholesale Motor Vehicle Dealer","(405) 408-9000","OKLAHOMA CITY","OK","10550","State-licensed wholesale dealer - Sep 13 push"
"Park Avenue Auto Sales","Motor Vehicle Dealer (general)","","Cranston","RI","385","State-licensed dealer - Sep 13 push"
"Partners Auto Auction RI","Motor Vehicle Dealer (general)","","Foster","RI","801","State-licensed dealer - Sep 13 push"
"Passport Automotive Group","Motor Vehicle Dealer (general)","","Cranston","RI","485","State-licensed dealer - Sep 13 push"
"PAT OLIVER AUTOS, INC.","Wholesale Motor Vehicle Dealer","(405) 755-4222","OKLAHOMA CITY","OK","10711","State-licensed wholesale dealer - Sep 13 push"
"Pat?s Auto Sales Auto Body, Inc.","Motor Vehicle Dealer (general)","","Johnston","RI","630","State-licensed dealer - Sep 13 push"
"Patriot Autocenter, LLC","Motor Vehicle Dealer (general)","","Johnston","RI","600","State-licensed dealer - Sep 13 push"
"Paul Masse Buick-GMC South, Inc.","Motor Vehicle Dealer (general)","","South Kingstown","RI","280","State-licensed dealer - Sep 13 push"
"Paul Masse Chevrolet South, Inc.","Motor Vehicle Dealer (general)","","Wakefield","RI","117","State-licensed dealer - Sep 13 push"
"Paul Masse Chevrolet, Inc.","Motor Vehicle Dealer (general)","","East Providence","RI","188","State-licensed dealer - Sep 13 push"
"Pavilion Auto Sales, Inc.","Motor Vehicle Dealer (general)","","Cranston","RI","741","State-licensed dealer - Sep 13 push"
"PCM Services, Inc","Wholesale Motor Vehicle Dealer","7147437000","Quartzsite","AZ","L10000455","State-licensed wholesale dealer - Sep 13 push"
"Peddle, LLC.","Wholesale Motor Vehicle Dealer","","Lakewood","CO","45711","State-licensed wholesale dealer - Sep 13 push"
"PELICAN AUTOMOTIVE LLC","Wholesale Motor Vehicle Dealer","8327909518","PHOENIX","AZ","L10003162","State-licensed wholesale dealer - Sep 13 push"
"Pellucid Motors LLC","Wholesale Motor Vehicle Dealer","2404237764","Phoenix","AZ","L10002160","State-licensed wholesale dealer - Sep 13 push"
"PENA MOTORS LLC","Wholesale Motor Vehicle Dealer","(786)836-2594","OPA LOCKA","FL","1150651-1","State-licensed wholesale dealer - Sep 13 push"
"Perez Auto Sale LLC","Wholesale Motor Vehicle Dealer","4807217413","Maricopa","AZ","L00015621","State-licensed wholesale dealer - Sep 13 push"
"Performance Truck Sales Inc","Wholesale Motor Vehicle Dealer","4802017872","Queen Creek","AZ","L00010485","State-licensed wholesale dealer - Sep 13 push"
"Perlow?s Auto Sales ""Annex""","Motor Vehicle Dealer (general)","","Pawtucket","RI","663","State-licensed dealer - Sep 13 push"
"Perlow?s Auto Sales ?Main?","Motor Vehicle Dealer (general)","","Pawtucket","RI","481","State-licensed dealer - Sep 13 push"
"Persian Motors LLC","Wholesale Motor Vehicle Dealer","5037500800","Phoenix","AZ","L10003270","State-licensed wholesale dealer - Sep 13 push"
"Peters' Cars Inc.","Wholesale Motor Vehicle Dealer","406-250-4125","Avondale","AZ","L10000319","State-licensed wholesale dealer - Sep 13 push"
"Petra Auto Sales, LLC.","Wholesale Motor Vehicle Dealer","","Colorado Springs","CO","46092","State-licensed wholesale dealer - Sep 13 push"
"Phase 3 Equipment, LLC.","Wholesale Motor Vehicle Dealer","","Penrose","CO","47540","State-licensed wholesale dealer - Sep 13 push"
"Phoenician Motors LLC","Wholesale Motor Vehicle Dealer","4807086406","Phoenix","AZ","L10002698","State-licensed wholesale dealer - Sep 13 push"
"Phoenix Auto Plex LLC","Wholesale Motor Vehicle Dealer","9452512701","Phoenix","AZ","L10003109","State-licensed wholesale dealer - Sep 13 push"
"Phoenix fine cars llc","Wholesale Motor Vehicle Dealer","9548825757","Mesa","AZ","L10002860","State-licensed wholesale dealer - Sep 13 push"
"Phoenix Premium Motors LLC","Wholesale Motor Vehicle Dealer","4805799733","tolleson","AZ","L10001526","State-licensed wholesale dealer - Sep 13 push"
"Phoenix Quality Auto LLC","Wholesale Motor Vehicle Dealer","6027689035","Phoenix","AZ","L10003002","State-licensed wholesale dealer - Sep 13 push"
"PILLAR FINANCIAL","Wholesale Motor Vehicle Dealer","","Aurora","CO","45861","State-licensed wholesale dealer - Sep 13 push"
"PINNACLE ACQUISITIONS CO","Wholesale Motor Vehicle Dealer","","Denver","CO","45538","State-licensed wholesale dealer - Sep 13 push"
"PINNACLE AUTO GROUP LLC","Wholesale Motor Vehicle Dealer","4802082250","MESA","AZ","L10003034","State-licensed wholesale dealer - Sep 13 push"
"Pistacchio Auto Service Center & Sales","Motor Vehicle Dealer (general)","","Johnston","RI","324","State-licensed dealer - Sep 13 push"
"PISTON AUTO RECYCLER LLC","Wholesale Motor Vehicle Dealer","928-9411706","YUMA","AZ","L10001372","State-licensed wholesale dealer - Sep 13 push"
"PJ DISTRIBUTOR &amp; TRANSPORT INC","Wholesale Motor Vehicle Dealer","(401)288-9808","PLANT CITY","FL","1150887-1","State-licensed wholesale dealer - Sep 13 push"
"Plainfield Auto Sales, Inc.","Motor Vehicle Dealer (general)","","Providence","RI","679","State-licensed dealer - Sep 13 push"
"Plan B Auto Sales LLC","Wholesale Motor Vehicle Dealer","6027140047","San Tan Valley","AZ","L10000592","State-licensed wholesale dealer - Sep 13 push"
"PLANO AUTO GROUP","Wholesale Dealer License","(214) 998-5477","SHERMAN","TX","P146679W","State-licensed wholesale dealer - Sep 13 push"
"Plante?s Auto Sales","Motor Vehicle Dealer (general)","","Woonsocket","RI","695","State-licensed dealer - Sep 13 push"
"PLATINUM AUTO SALE LLC","Wholesale Motor Vehicle Dealer","6024590798","Glendale","AZ","L10002953","State-licensed wholesale dealer - Sep 13 push"
"Platinum Ride Motors LLC","Wholesale Motor Vehicle Dealer","623-301-2569","GLENDALE","AZ","L10003584","State-licensed wholesale dealer - Sep 13 push"
"PM Auto LLC","Wholesale Motor Vehicle Dealer","","Thornton","CO","46803","State-licensed wholesale dealer - Sep 13 push"
"PM AUTO SALES","Motor Vehicle Dealer (general)","","Pawtucket","RI","511","State-licensed dealer - Sep 13 push"
"PMC AUTO SALES","Wholesale Motor Vehicle Dealer","","COMMERCE CITY","CO","40361","State-licensed wholesale dealer - Sep 13 push"
"PMG Auto Sales","Motor Vehicle Dealer (general)","","North Providence","RI","631","State-licensed dealer - Sep 13 push"
"Popowski Wholesale LLC","Wholesale Motor Vehicle Dealer","6236933358","Surprise","AZ","L00010469","State-licensed wholesale dealer - Sep 13 push"
"Porcelli's Auto Sales","Motor Vehicle Dealer (general)","","West Warwick","RI","519","State-licensed dealer - Sep 13 push"
"PORSCHE HUNTER WHOLESALE AUTO","Wholesale Motor Vehicle Dealer","","COLORADO SPRINGS","CO","40711","State-licensed wholesale dealer - Sep 13 push"
"Porsche Warwick","Motor Vehicle Dealer (general)","","Warwick","RI","10","State-licensed dealer - Sep 13 push"
"Portsmouth Auto Sales & Repair","Motor Vehicle Dealer (general)","","Portsmouth","RI","586","State-licensed dealer - Sep 13 push"
"POUDRE MOTORSPORTS LLC","Wholesale Motor Vehicle Dealer","","Windsor","CO","4820","State-licensed wholesale dealer - Sep 13 push"
"Powell Motors","Motor Vehicle Dealer (general)","","North Smithfield","RI","546","State-licensed dealer - Sep 13 push"
"Power Auto Sales, LLC","Wholesale Motor Vehicle Dealer","6233741896","Phoenix","AZ","L00012671","State-licensed wholesale dealer - Sep 13 push"
"POWER REMARKETING","Wholesale Motor Vehicle Dealer","","Aurora","CO","44096","State-licensed wholesale dealer - Sep 13 push"
"Precision Auto Sales & Body Works, Inc.","Motor Vehicle Dealer (general)","","Johnston","RI","624","State-licensed dealer - Sep 13 push"
"PRECISION EXPORT LLC","Wholesale Motor Vehicle Dealer","(305)299-3635","DAVIE","FL","1148377-1","State-licensed wholesale dealer - Sep 13 push"
"Precision Harley Davidson, Inc.","Motor Vehicle Dealer (general)","","Pawtucket","RI","390","State-licensed dealer - Sep 13 push"
"premier auto wholesale LLC","Wholesale Motor Vehicle Dealer","602-413-3270","phoenix","AZ","L10001981","State-licensed wholesale dealer - Sep 13 push"
"Premier Automotive Sales ""Annex""","Motor Vehicle Dealer (general)","","Warwick","RI","211","State-licensed dealer - Sep 13 push"
"Premier Automotive Sales ""Main""","Motor Vehicle Dealer (general)","","Warwick","RI","183","State-licensed dealer - Sep 13 push"
"PREMIER IMPORTS LLC","Wholesale Motor Vehicle Dealer","(561)609-9947","ORANGE CITY","FL","1151456-1","State-licensed wholesale dealer - Sep 13 push"
"Premier Southwest Car co. L.L.C.","Wholesale Motor Vehicle Dealer","5204996269","Tucson","AZ","L10002253","State-licensed wholesale dealer - Sep 13 push"
"Premiers Motors LLC","Wholesale Motor Vehicle Dealer","5203606322","Tucson","AZ","L10002805","State-licensed wholesale dealer - Sep 13 push"
"Premium Auto LLC","Wholesale Motor Vehicle Dealer","602-649-8056","Phoenix","AZ","L10003346","State-licensed wholesale dealer - Sep 13 push"
"Premium Auto Sales, LLC","Motor Vehicle Dealer (general)","","Tiverton","RI","391","State-licensed dealer - Sep 13 push"
"PREMIUM WHEELS USA LLC","Wholesale Motor Vehicle Dealer","(416)616-0234","CORAL SPRINGS","FL","1137529-1","State-licensed wholesale dealer - Sep 13 push"
"PRESTIGE ACCEPTANCE GROUP  LLC","Wholesale Motor Vehicle Dealer","","Westminster","CO","44398","State-licensed wholesale dealer - Sep 13 push"
"PRESTIGE AUTO COLLISION ONE LLC","Wholesale Motor Vehicle Dealer","(646)599-4249","KISSIMMEE","FL","1153683-1","State-licensed wholesale dealer - Sep 13 push"
"Prestige Auto Group","Wholesale Dealer License","(903) 235-8520","Longview","TX","P117820W","State-licensed wholesale dealer - Sep 13 push"
"Prestige Imports LLC","Wholesale Motor Vehicle Dealer","630-301-1825","Mesa","AZ","L10002965","State-licensed wholesale dealer - Sep 13 push"
"Prestige Mitsubishi","Motor Vehicle Dealer (general)","","East Providence","RI","672","State-licensed dealer - Sep 13 push"
"Prestigious Automotive LLC","Wholesale Motor Vehicle Dealer","6232063007","Laveen","AZ","L10003641","State-licensed wholesale dealer - Sep 13 push"
"PRETTY WHEELZ LLC","Wholesale Motor Vehicle Dealer","4807961967","AVONDALE","AZ","L10003391","State-licensed wholesale dealer - Sep 13 push"
"PRIME AUTO PLACE ARIZONA LLC","Wholesale Motor Vehicle Dealer","5209550607","Phoenix","AZ","L10003254","State-licensed wholesale dealer - Sep 13 push"
"Prime Cars USA Auto Sales LLC","Motor Vehicle Dealer (general)","","Warwick","RI","658","State-licensed dealer - Sep 13 push"
"PRIME LANE MOTORS LLC","Wholesale Motor Vehicle Dealer","623-632-9572","AVONDALE","AZ","L10003397","State-licensed wholesale dealer - Sep 13 push"
"Prime Marc Motors, LLC","Wholesale Motor Vehicle Dealer","617-901-7390","Phoenix","AZ","L10002575","State-licensed wholesale dealer - Sep 13 push"
"PRIME MOTORS","Wholesale Motor Vehicle Dealer","","Centennial","CO","39086","State-licensed wholesale dealer - Sep 13 push"
"Prime West Finance Company, Inc.","Wholesale Motor Vehicle Dealer","4802449400","Mesa","AZ","L00013594","State-licensed wholesale dealer - Sep 13 push"
"PRIMEMOTORSGROUP LLC","Wholesale Motor Vehicle Dealer","602-412-7030","PHOENIX","AZ","L10003179","State-licensed wholesale dealer - Sep 13 push"
"PRIMETIME PERFORMANCE LLC","Wholesale Motor Vehicle Dealer","4809048881","MESA","AZ","L10000415","State-licensed wholesale dealer - Sep 13 push"
"PRINCESS AUTO SALES LLC","Wholesale Motor Vehicle Dealer","4803763032","GLENDALE","AZ","L10003280","State-licensed wholesale dealer - Sep 13 push"
"Privilege LLC","Wholesale Motor Vehicle Dealer","6149625223","Mesa","AZ","L10002667","State-licensed wholesale dealer - Sep 13 push"
"PRO IMPORTS LLC","Wholesale Motor Vehicle Dealer","6022843961","Phoenix","AZ","L10002008","State-licensed wholesale dealer - Sep 13 push"
"PRO TR LLC","Wholesale Motor Vehicle Dealer","(312)721-9648","FORT MYERS","FL","1147099-1","State-licensed wholesale dealer - Sep 13 push"
"Prowell's Wholesale Automotive LLC","Motor Vehicle Dealer (wholesale name match)","","Des Moines","IA","D3560","State-licensed dealer - Sep 13 push"
"PRZ ARIZONA WHOLESALE","Wholesale Motor Vehicle Dealer","9282465361","SAN LUIS","AZ","L10003289","State-licensed wholesale dealer - Sep 13 push"
"PT 97 LLC","Wholesale Motor Vehicle Dealer","4804557309","Chandler","AZ","L10002211","State-licensed wholesale dealer - Sep 13 push"
"Pueblo Suzuki Inc.","Wholesale Motor Vehicle Dealer","","Pueblo","CO","4504","State-licensed wholesale dealer - Sep 13 push"
"PURDY AUTO DIRECT CORP.","Wholesale Motor Vehicle Dealer","(954)451-2155","BOYNTON BEACH","FL","1148228-1","State-licensed wholesale dealer - Sep 13 push"
"PVBE AUTO WHOLESALE, LLC","Wholesale Motor Vehicle Dealer","(786)400-8327","HIALEAH","FL","1153429-1","State-licensed wholesale dealer - Sep 13 push"
"QUALITY MOTORS","Wholesale Motor Vehicle Dealer","","Sterling","CO","36404","State-licensed wholesale dealer - Sep 13 push"
"Quest Auto Group LLC","Wholesale Dealer License","(817) 459-2022","CORSICANA","TX","P171891W","State-licensed wholesale dealer - Sep 13 push"
"QUICK AUTO SERVICES AND SALES, CORP","Wholesale Motor Vehicle Dealer","(305)458-3522","OPA LOCKA","FL","1150929-1","State-licensed wholesale dealer - Sep 13 push"
"QUICK SHIFT CAPITAL LLC","Wholesale Motor Vehicle Dealer","(954)232-7747","BOCA RATON","FL","1140352-1","State-licensed wholesale dealer - Sep 13 push"
"R & A Auto Sales","Motor Vehicle Dealer (general)","","Cranston","RI","650","State-licensed dealer - Sep 13 push"
"R & J AUTO WHOLESALE","Wholesale Motor Vehicle Dealer","928-285-4722","YUMA","AZ","L10001754","State-licensed wholesale dealer - Sep 13 push"
"R & K M Enterprises, LLC","Wholesale Motor Vehicle Dealer","5204812103","Tucson","AZ","L00012718","State-licensed wholesale dealer - Sep 13 push"
"R & R Dent Removal Inc","Wholesale Motor Vehicle Dealer","6027437485","Chandler","AZ","L00011752","State-licensed wholesale dealer - Sep 13 push"
"R & R Wholesale Auto Inc","Wholesale Motor Vehicle Dealer","6128496350","Mesa","AZ","L00010160","State-licensed wholesale dealer - Sep 13 push"
"R &amp; K BROTHERS INVESTMENT CORPORATION","Wholesale Motor Vehicle Dealer","(704)345-3386","ALTAMONTE SPRINGS","FL","1150814-1","State-licensed wholesale dealer - Sep 13 push"
"R S ENTERPRISES, LLC","Wholesale Motor Vehicle Dealer","(786)768-9433","HOLLYWOOD","FL","1152552-1","State-licensed wholesale dealer - Sep 13 push"
"R Y A INTERNATIONAL, LLC","Wholesale Motor Vehicle Dealer","(786)953-2990","MIAMI","FL","1152266-1","State-licensed wholesale dealer - Sep 13 push"
"RABIT AUTO SALES","Wholesale Motor Vehicle Dealer","","Denver","CO","4295","State-licensed wholesale dealer - Sep 13 push"
"RACKD LLC","Wholesale Motor Vehicle Dealer","4803523434","Litchfield Park","AZ","L10002789","State-licensed wholesale dealer - Sep 13 push"
"RAFAY CORPORATION","Wholesale Motor Vehicle Dealer","(832)287-6749","ALTAMONTE SPRINGS","FL","1130855-1","State-licensed wholesale dealer - Sep 13 push"
"Rahmah LLC","Wholesale Motor Vehicle Dealer","6024769679","Glendale","AZ","L10002371","State-licensed wholesale dealer - Sep 13 push"
"Ralph & Sons Auto Sales","Motor Vehicle Dealer (general)","","Providence","RI","201","State-licensed dealer - Sep 13 push"
"Ramo Ent, Inc.","Wholesale Motor Vehicle Dealer","6232010110","Goodyear","AZ","L00015221","State-licensed wholesale dealer - Sep 13 push"
"Ramoncito Auto Solution and Sales","Motor Vehicle Dealer (general)","","Smithfield","RI","409","State-licensed dealer - Sep 13 push"
"Ramos Motor Sport LLC","Wholesale Motor Vehicle Dealer","602-860-2044","Phoenix","AZ","L10003478","State-licensed wholesale dealer - Sep 13 push"
"RAMSEY AUTO GROUP, LLC","Wholesale Dealer License","(214) 693-0371","WHITEWRIGHT","TX","P173975W","State-licensed wholesale dealer - Sep 13 push"
"Ranaldi Motors","Motor Vehicle Dealer (general)","","Cranston","RI","773","State-licensed dealer - Sep 13 push"
"Ranch 2 Auto Sales LLC","Wholesale Motor Vehicle Dealer","6023940591","Phoenix","AZ","L00016794","State-licensed wholesale dealer - Sep 13 push"
"Randolph Ezrre Wholesale Auto Sales","Wholesale Motor Vehicle Dealer","6232233951","Rio Rico","AZ","L00010721","State-licensed wholesale dealer - Sep 13 push"
"RAPID AUTO SALES, LLC","Wholesale Motor Vehicle Dealer","(918) 872-9737","BROKEN ARROW","OK","10731","State-licensed wholesale dealer - Sep 13 push"
"Rapoza?s Quality Automobiles","Motor Vehicle Dealer (general)","","Tiverton","RI","604","State-licensed dealer - Sep 13 push"
"RAS AUTO SALES LLC","Wholesale Motor Vehicle Dealer","","Colorado Springs","CO","41372","State-licensed wholesale dealer - Sep 13 push"
"Ravic Enterprises LLC","Wholesale Motor Vehicle Dealer","7743121007","Phoenix","AZ","L10003382","State-licensed wholesale dealer - Sep 13 push"
"Razee Motorcycle Center, Inc.","Motor Vehicle Dealer (general)","","North Kingstown","RI","416","State-licensed dealer - Sep 13 push"
"Rbm Auto Sales LLC","Wholesale Motor Vehicle Dealer","6027687212","Phoenix","AZ","L00014386","State-licensed wholesale dealer - Sep 13 push"
"RDT AUTO WHOLESALE, LLC","Wholesale Motor Vehicle Dealer","(918) 341-3228","CLAREMORE","OK","10697","State-licensed wholesale dealer - Sep 13 push"
"REAL AUTO SALES","Wholesale Motor Vehicle Dealer","","Aurora","CO","41766","State-licensed wholesale dealer - Sep 13 push"
"realtrade llc","Wholesale Motor Vehicle Dealer","3123163800","Phoenix","AZ","L10002279","State-licensed wholesale dealer - Sep 13 push"
"RED FORK MOTOR CO.","Wholesale Motor Vehicle Dealer","(918) 637-5349","TULSA","OK","10528","State-licensed wholesale dealer - Sep 13 push"
"REDDS MOTORS LLC","Wholesale Motor Vehicle Dealer","(689)261-1919","ALTAMONTE SPRINGS","FL","1154292-1","State-licensed wholesale dealer - Sep 13 push"
"Redrock, Inc.","Wholesale Motor Vehicle Dealer","","Pueblo","CO","46206","State-licensed wholesale dealer - Sep 13 push"
"REDSEA AUTO SALES LLC","Wholesale Motor Vehicle Dealer","6024180615","PHOENIX","AZ","L10002966","State-licensed wholesale dealer - Sep 13 push"
"REEVES AUTO BROKERS INC","Wholesale Motor Vehicle Dealer","(407)509-4094","APOPKA","FL","1125675-1","State-licensed wholesale dealer - Sep 13 push"
"REG & ASSOCIATES, INC.","Wholesale Dealer License","(936) 554-2493","NACOGDOCHES","TX","P117690W","State-licensed wholesale dealer - Sep 13 push"
"REGION AUTO REMARKETING","Wholesale Motor Vehicle Dealer","(405) 255-4993","OKLAHOMA CITY","OK","10642","State-licensed wholesale dealer - Sep 13 push"
"Reidzo Classics LLC","Wholesale Motor Vehicle Dealer","4807974442","Phoenix","AZ","L10003097","State-licensed wholesale dealer - Sep 13 push"
"RELAX WHOLESALE AUTO & SERVICES LLC","Motor Vehicle Dealer (wholesale name match)","","NASHVILLE","TN","22286","State-licensed dealer - Sep 13 push"
"Reliable Auto Sales","Motor Vehicle Dealer (general)","","West Warwick","RI","629","State-licensed dealer - Sep 13 push"
"Reliable Chariots","Wholesale Motor Vehicle Dealer","619-519-9686","Tucson","AZ","L10001140","State-licensed wholesale dealer - Sep 13 push"
"Reliance Oasis LLC","Wholesale Motor Vehicle Dealer","602-752-1060","Litchfield Park","AZ","L10003054","State-licensed wholesale dealer - Sep 13 push"
"REMINGTON AUTO, LLC","Wholesale Motor Vehicle Dealer","(405) 310-3565","NORMAN","OK","10641","State-licensed wholesale dealer - Sep 13 push"
"Reputable Auto Wholesale, LLC","Wholesale Motor Vehicle Dealer","4809322310","Chandler","AZ","L10003273","State-licensed wholesale dealer - Sep 13 push"
"Resto Pro Motors LLC","Wholesale Motor Vehicle Dealer","9283738888","Yuma","AZ","L00015460","State-licensed wholesale dealer - Sep 13 push"
"RESULTS, INC. AUTOS","Wholesale Motor Vehicle Dealer","(405) 701-5100","NORMAN","OK","10591","State-licensed wholesale dealer - Sep 13 push"
"Rev to Rev Capital, LLC","Wholesale Motor Vehicle Dealer","","Monument","CO","46717","State-licensed wholesale dealer - Sep 13 push"
"Revline Motor Group LLC","Wholesale Motor Vehicle Dealer","4809780672","Phoenix","AZ","L10003675","State-licensed wholesale dealer - Sep 13 push"
"RevLine Motorsports LLC","Wholesale Motor Vehicle Dealer","4802341702","Chandler","AZ","L10002933","State-licensed wholesale dealer - Sep 13 push"
"REVVED UP AUTOMOTIVE LLC","Wholesale Motor Vehicle Dealer","(407)797-2434","ORLANDO","FL","1154352-1","State-licensed wholesale dealer - Sep 13 push"
"Rex Motors, LLC.","Wholesale Motor Vehicle Dealer","","Parker","CO","46809","State-licensed wholesale dealer - Sep 13 push"
"REYAN AZZ AUTO WHOLESALES LLC","Wholesale Motor Vehicle Dealer","4809156569","PHOENIX","AZ","L10003163","State-licensed wholesale dealer - Sep 13 push"
"RH ASSET WHOLESALE LLC","Wholesale Motor Vehicle Dealer","480-579-1700","GLENDALE","AZ","L10002392","State-licensed wholesale dealer - Sep 13 push"
"Rhode Island Truck & Equipment Corp.","Motor Vehicle Dealer (general)","","West Warwick","RI","344","State-licensed dealer - Sep 13 push"
"Rhode Island Truck Center, LLC","Motor Vehicle Dealer (general)","","East Providence","RI","419","State-licensed dealer - Sep 13 push"
"RHP MOTORCAR GROUP LLC","Wholesale Motor Vehicle Dealer","(786)885-8776","BAY HARBOR ISLANDS","FL","1150937-1","State-licensed wholesale dealer - Sep 13 push"
"RICHARD LAWLER MOTOR COMPANY","Wholesale Motor Vehicle Dealer","(918)745-0141","TULSA","OK","10054","State-licensed wholesale dealer - Sep 13 push"
"RICHARDSON WHOLESALE","Motor Vehicle Dealer (wholesale name match)","","FAYETTEVILLE","TN","10734","State-licensed dealer - Sep 13 push"
"Richmond Motor Sales, Inc ""ANNEX II","Motor Vehicle Dealer (general)","","Providence","RI","471","State-licensed dealer - Sep 13 push"
"Richmond Motor Sales, Inc ""ANNEX""","Motor Vehicle Dealer (general)","","Pawtucket","RI","478","State-licensed dealer - Sep 13 push"
"Richmond Motor Sales, Inc. ""MAIN""","Motor Vehicle Dealer (general)","","Providence","RI","421","State-licensed dealer - Sep 13 push"
"RICK JONES AUTO SALES","Wholesale Motor Vehicle Dealer","(405) 491-0404","WARR ACRES","OK","10717","State-licensed wholesale dealer - Sep 13 push"
"Rick's Auto Wholesale","Wholesale Motor Vehicle Dealer","480-285-8842","Prescott","AZ","L10003040","State-licensed wholesale dealer - Sep 13 push"
"RIDE WITH GIO AUTO SALE LLC","Wholesale Motor Vehicle Dealer","602-397-9295","PHOENIX","AZ","L10003305","State-licensed wholesale dealer - Sep 13 push"
"RIMROCK TRADE CENTER","Wholesale Motor Vehicle Dealer","","Grand Junction","CO","36487","State-licensed wholesale dealer - Sep 13 push"
"Rio Grande Auto Sales LLC","Wholesale Motor Vehicle Dealer","6029197577","Phoenix","AZ","L00015172","State-licensed wholesale dealer - Sep 13 push"
"Rite of way llc","Wholesale Motor Vehicle Dealer","6239207664","Tolleson","AZ","L10003070","State-licensed wholesale dealer - Sep 13 push"
"Rivas Auto Sales & Repairs, Inc.","Motor Vehicle Dealer (general)","","Providence","RI","374","State-licensed dealer - Sep 13 push"
"Riverside Auto Sales and Service","Motor Vehicle Dealer (general)","","Riverside","RI","520","State-licensed dealer - Sep 13 push"
"RJ WHOLESALE LLC","Wholesale Motor Vehicle Dealer","602-819-5490","Phoenix","AZ","L10002628","State-licensed wholesale dealer - Sep 13 push"
"RM AUTO SERVICES AND REPAIR INC","Wholesale Motor Vehicle Dealer","(321)314-5996","ORLANDO","FL","1152708-1","State-licensed wholesale dealer - Sep 13 push"
"RMC MOTORSPORTS LLC","Wholesale Motor Vehicle Dealer","602-384-8625","LAVEEN","AZ","L10001772","State-licensed wholesale dealer - Sep 13 push"
"RMZ motorsports LLC","Wholesale Motor Vehicle Dealer","6029197810","Glendale","AZ","L10003639","State-licensed wholesale dealer - Sep 13 push"
"Robert Beamon","Wholesale Dealer License","(979) 571-8715","PALESTINE","TX","P168012W","State-licensed wholesale dealer - Sep 13 push"
"ROB'S RODS WHOLESALE AUTOS, LLC","Wholesale Motor Vehicle Dealer","(405) 321-7119","NORMAN","OK","10398","State-licensed wholesale dealer - Sep 13 push"
"ROCK SOLID RIDES LLC","Wholesale Motor Vehicle Dealer","","BRADENTON","FL","1149766-1","State-licensed wholesale dealer - Sep 13 push"
"ROCKY MOUNTAIN AUTOPLEX","Wholesale Motor Vehicle Dealer","","Lakewood","CO","44142","State-licensed wholesale dealer - Sep 13 push"
"Rocky Mountain Wholesale Auto LLC","Motor Vehicle Dealer (wholesale name match)","208-466-1402","Nampa","ID","4956-0","State-licensed dealer - Sep 13 push"
"ROCKY MOUNTAIN WINGS AND WHEELS INC","Wholesale Motor Vehicle Dealer","","LITTLETON","CO","42882","State-licensed wholesale dealer - Sep 13 push"
"ROGER KIRLIN AUTO SALES INC","Wholesale Motor Vehicle Dealer","","GOLDEN","CO","6031","State-licensed wholesale dealer - Sep 13 push"
"Roger Williams Auto Sales","Motor Vehicle Dealer (general)","","West Warwick","RI","412","State-licensed dealer - Sep 13 push"
"Rohde O Auto Sales LLC","Wholesale Motor Vehicle Dealer","4808201562","Tempe","AZ","L00014832","State-licensed wholesale dealer - Sep 13 push"
"ROLEX LLC","Wholesale Motor Vehicle Dealer","602-710-7371","PHOENIX","AZ","L10001012","State-licensed wholesale dealer - Sep 13 push"
"Romes Sales LLC","Wholesale Motor Vehicle Dealer","6362192308","Mesa","AZ","L00016747","State-licensed wholesale dealer - Sep 13 push"
"Ron's Performance Motor Sports, LLC.","Wholesale Motor Vehicle Dealer","","Whitewater","CO","47004","State-licensed wholesale dealer - Sep 13 push"
"Rossi's Auto Care Sales & Service, Inc.","Motor Vehicle Dealer (general)","","West Warwick","RI","376","State-licensed dealer - Sep 13 push"
"Round Tables LLC","Wholesale Motor Vehicle Dealer","6026101072","Phoenix","AZ","L00015113","State-licensed wholesale dealer - Sep 13 push"
"Rounds Auto Sales Co., Inc.","Motor Vehicle Dealer (general)","","North Scituate","RI","315","State-licensed dealer - Sep 13 push"
"Route 146 Auto Sales, Inc.","Motor Vehicle Dealer (general)","","N Smithfield","RI","128","State-licensed dealer - Sep 13 push"
"Route 44 Auto Sales, Inc.","Motor Vehicle Dealer (general)","","Greenville","RI","522","State-licensed dealer - Sep 13 push"
"Route 5 Auto Sales & Service","Motor Vehicle Dealer (general)","","Smithfield","RI","394","State-licensed dealer - Sep 13 push"
"Route Wholesale Motors","Wholesale Motor Vehicle Dealer","6027215488","Chandler","AZ","L10002230","State-licensed wholesale dealer - Sep 13 push"
"ROYAL AUTO &amp; TRUCK SALES LLC","Wholesale Motor Vehicle Dealer","(407)296-5544","ORLANDO","FL","1023596-1","State-licensed wholesale dealer - Sep 13 push"
"Royal Auto LLC","Wholesale Motor Vehicle Dealer","","Colorado Springs","CO","45888","State-licensed wholesale dealer - Sep 13 push"
"ROYAL AUTO WORKS LLC","Wholesale Motor Vehicle Dealer","602-400-3600","GLENDALE","AZ","L10002551","State-licensed wholesale dealer - Sep 13 push"
"ROYAL MOTORSPORTS LLC","Wholesale Motor Vehicle Dealer","6027967244","PHOENIX","AZ","L10001218","State-licensed wholesale dealer - Sep 13 push"
"ROYALE AUTO","Wholesale Motor Vehicle Dealer","9493943410","Tolleson","AZ","L10003093","State-licensed wholesale dealer - Sep 13 push"
"Roy's Trucks Leasing, LLC","Wholesale Dealer License","(214) 328-5161","CADDO MILLS","TX","P171683W","State-licensed wholesale dealer - Sep 13 push"
"RPA, INC.","Wholesale Motor Vehicle Dealer","480-710-0615","PHOENIX","AZ","L10000770","State-licensed wholesale dealer - Sep 13 push"
"RPM Investments","Wholesale Motor Vehicle Dealer","6028186707","Mesa","AZ","L00006117","State-licensed wholesale dealer - Sep 13 push"
"RQ Motor Company LLC","Wholesale Motor Vehicle Dealer","602-980-9664","Phoenix","AZ","L10003474","State-licensed wholesale dealer - Sep 13 push"
"RS Auto Sales & Rental","Motor Vehicle Dealer (general)","","Pawtucket","RI","237","State-licensed dealer - Sep 13 push"
"RS AUTO WHOLESALE LLC","Wholesale Motor Vehicle Dealer","623-934-1324","PEORIA","AZ","L10003359","State-licensed wholesale dealer - Sep 13 push"
"Rt 6 Auto Sales","Motor Vehicle Dealer (general)","","Johnston","RI","231","State-licensed dealer - Sep 13 push"
"Rt Motor Company Wholesale Motor Vehicle Dealer LLC","Wholesale Motor Vehicle Dealer","6027918651","Laveen","AZ","L00014932","State-licensed wholesale dealer - Sep 13 push"
"RT MOTORS, LLC","Wholesale Motor Vehicle Dealer","(305)262-6533","MIAMI","FL","1134851-1","State-licensed wholesale dealer - Sep 13 push"
"RUBIOS AUTO WHOLESALE LLC","Wholesale Motor Vehicle Dealer","(201)957-5292","ORLANDO","FL","1148026-1","State-licensed wholesale dealer - Sep 13 push"
"Runway Motorsports, LLC","Wholesale Motor Vehicle Dealer","8604717210","Tucson","AZ","L10000060","State-licensed wholesale dealer - Sep 13 push"
"Russ? Ocean State Harley Davidson","Motor Vehicle Dealer (general)","","Warwick","RI","608","State-licensed dealer - Sep 13 push"
"Russo?s Auto Sales, Inc.","Motor Vehicle Dealer (general)","","Cranston","RI","226","State-licensed dealer - Sep 13 push"
"RVP INVESTMENTS LLC","Wholesale Motor Vehicle Dealer","(407)747-5888","LONGWOOD","FL","1151035-1","State-licensed wholesale dealer - Sep 13 push"
"Ryan Ervin White","Wholesale Motor Vehicle Dealer","9282798868","Kingman","AZ","L10001092","State-licensed wholesale dealer - Sep 13 push"
"RYDER TRUCK RENTAL INC","Wholesale Motor Vehicle Dealer","(305)406-3879","MIAMI","FL","1043956-1","State-licensed wholesale dealer - Sep 13 push"
"RYDER VEHICLE PURCHASING LLC","Wholesale Motor Vehicle Dealer","(305)406-3879","MIAMI","FL","1055677-1","State-licensed wholesale dealer - Sep 13 push"
"Ryder Vehicle Sales, LLC","Motor Vehicle Dealer (general)","","Warwick","RI","427","State-licensed dealer - Sep 13 push"
"S & D Road Service & Auto Sales","Motor Vehicle Dealer (general)","","Cumberland","RI","680","State-licensed dealer - Sep 13 push"
"S & P AUTO LEASING","Wholesale Motor Vehicle Dealer","","Commerce City","CO","4631","State-licensed wholesale dealer - Sep 13 push"
"S & S Auto Sales & Repair","Motor Vehicle Dealer (general)","","Providence","RI","298","State-licensed dealer - Sep 13 push"
"S & S Equity LLC","Wholesale Motor Vehicle Dealer","4806889337","Scottsdale","AZ","L00016780","State-licensed wholesale dealer - Sep 13 push"
"S&H Auto Sales","Motor Vehicle Dealer (general)","","Coventry","RI","342","State-licensed dealer - Sep 13 push"
"S&H Exotics LLC","Wholesale Motor Vehicle Dealer","6022450704","Glendale","AZ","L10002862","State-licensed wholesale dealer - Sep 13 push"
"S.G. Wholesale Inc","Wholesale Motor Vehicle Dealer","6026976138","Phoenix","AZ","L10001675","State-licensed wholesale dealer - Sep 13 push"
"SAAD CAR SALES, LLC","Wholesale Motor Vehicle Dealer","(918) 366-3790","BIXBY","OK","10527","State-licensed wholesale dealer - Sep 13 push"
"Saccucci Honda","Motor Vehicle Dealer (general)","","Middletown","RI","371","State-licensed dealer - Sep 13 push"
"SAED ARABYAT CARS, LC","Wholesale Motor Vehicle Dealer","(405) 625-1000","OKLAHOMA CITY","OK","10730","State-licensed wholesale dealer - Sep 13 push"
"SAFEWAY AUTO SALES","Wholesale Motor Vehicle Dealer","(405) 367-7455","OKLAHOMA CITY","OK","10729","State-licensed wholesale dealer - Sep 13 push"
"Safeway Auto Sales, Inc. ""Main""","Motor Vehicle Dealer (general)","","Bristol","RI","319","State-licensed dealer - Sep 13 push"
"Saif Auto Sales","Wholesale Motor Vehicle Dealer","6027032388","Phoenix","AZ","L00015667","State-licensed wholesale dealer - Sep 13 push"
"Saint Bear LLC","Wholesale Motor Vehicle Dealer","6232563204","Phoenix","AZ","L10002325","State-licensed wholesale dealer - Sep 13 push"
"SALLISAW AUTO BROKERS","Wholesale Motor Vehicle Dealer","(918) 776-7312","SALLISAW","OK","10560","State-licensed wholesale dealer - Sep 13 push"
"SALVAGE NATION LLC","Wholesale Motor Vehicle Dealer","6024868113","Phoenix","AZ","L10002299","State-licensed wholesale dealer - Sep 13 push"
"SAM & J AUTO LLC","Wholesale Motor Vehicle Dealer","6023834896","PHOENIX","AZ","L10001085","State-licensed wholesale dealer - Sep 13 push"
"Sam Auto LLC","Wholesale Motor Vehicle Dealer","6027508218","Glendale","AZ","L00014371","State-licensed wholesale dealer - Sep 13 push"
"SAM WHOLE SALE LLC","Wholesale Motor Vehicle Dealer","4804289632","85029","AZ","L10001525","State-licensed wholesale dealer - Sep 13 push"
"Samir Feratovic","Wholesale Motor Vehicle Dealer","3473246167","Phoenix","AZ","L10003409","State-licensed wholesale dealer - Sep 13 push"
"SAMPSON AUTO LLC","Wholesale Motor Vehicle Dealer","","Lakewood","CO","46642","State-licensed wholesale dealer - Sep 13 push"
"Sam's Auto Sales","Motor Vehicle Dealer (general)","","Cranston","RI","330","State-licensed dealer - Sep 13 push"
"SAMS CARS LLC","Wholesale Motor Vehicle Dealer","480-272-4309","GILBERT","AZ","L10003042","State-licensed wholesale dealer - Sep 13 push"
"San Tan Legit Motorsports LLC","Wholesale Motor Vehicle Dealer","623-999-2128","San Tan Valley","AZ","L10000752","State-licensed wholesale dealer - Sep 13 push"
"Sanders Exchange, LLC","Wholesale Motor Vehicle Dealer","4803475927","Phoenix","AZ","L00011383","State-licensed wholesale dealer - Sep 13 push"
"Sandy Lane Auto Sales and Repair","Motor Vehicle Dealer (general)","","Warwick","RI","115","State-licensed dealer - Sep 13 push"
"Sandy Motors, Inc.","Motor Vehicle Dealer (general)","","Coventry","RI","247","State-licensed dealer - Sep 13 push"
"SANTOS AUTO IMPORT LLC","Wholesale Motor Vehicle Dealer","(347)282-3821","DEERFIELD BEACH","FL","1152378-1","State-licensed wholesale dealer - Sep 13 push"
"SARASOTA AUTO GROUP LLC","Wholesale Motor Vehicle Dealer","(941)720-2969","SARASOTA","FL","1153354-1","State-licensed wholesale dealer - Sep 13 push"
"SARASOTA INTERNATIONAL TRADING INC","Wholesale Motor Vehicle Dealer","(941)567-6857","SARASOTA","FL","1149382-1","State-licensed wholesale dealer - Sep 13 push"
"Sari Motors LLC","Wholesale Motor Vehicle Dealer","4803346147","Chandler","AZ","L10003505","State-licensed wholesale dealer - Sep 13 push"
"Saturn Classic Cars LLC","Wholesale Motor Vehicle Dealer","7736201164","Payson","AZ","L10002724","State-licensed wholesale dealer - Sep 13 push"
"Scituate Power Equipment","Motor Vehicle Dealer (general)","","North Scituate","RI","766","State-licensed dealer - Sep 13 push"
"Scott Motors LLC","Wholesale Motor Vehicle Dealer","9287136006","Prescott","AZ","L00015848","State-licensed wholesale dealer - Sep 13 push"
"Scott Volkswagen","Motor Vehicle Dealer (general)","","East Providence","RI","403","State-licensed dealer - Sep 13 push"
"Scottsdale 101 Management LLC","Wholesale Motor Vehicle Dealer","4804214480","TEMPE","AZ","L00012953","State-licensed wholesale dealer - Sep 13 push"
"Scottsdale Pre-Owned LLC","Wholesale Motor Vehicle Dealer","4807455217","Scottsdale","AZ","L10002529","State-licensed wholesale dealer - Sep 13 push"
"SEEKINS FORD LINCOLN, INC","Motor Vehicle Dealer (general)","","Fairbanks","AK","50","State-licensed dealer - Sep 13 push"
"Sees Financial LLC","Wholesale Motor Vehicle Dealer","6026537337","Scottsdale","AZ","L00010714","State-licensed wholesale dealer - Sep 13 push"
"Sellers Select Imports LLC","Wholesale Motor Vehicle Dealer","4808430299","Chandler","AZ","L10003610","State-licensed wholesale dealer - Sep 13 push"
"SEMI USED INC.","Wholesale Motor Vehicle Dealer","(918) 435-5127","EUCHA","OK","10622","State-licensed wholesale dealer - Sep 13 push"
"SF Leasing and Rental LLC","Wholesale Motor Vehicle Dealer","5204425050","Tucson","AZ","L10001346","State-licensed wholesale dealer - Sep 13 push"
"SFS Equipment Sales","Wholesale Dealer License","(817) 932-3407","Waxahachie","TX","P148872W","State-licensed wholesale dealer - Sep 13 push"
"SG AUTO PAWN & SALES, LLC","Wholesale Motor Vehicle Dealer","","Parker","CO","44665","State-licensed wholesale dealer - Sep 13 push"
"Sgr Autosales","Wholesale Motor Vehicle Dealer","4802277499","Scottsdale","AZ","L00010725","State-licensed wholesale dealer - Sep 13 push"
"SHAH USED AUTO SALES LLC","Wholesale Motor Vehicle Dealer","480-749-1351","SURPRISE","AZ","L10001507","State-licensed wholesale dealer - Sep 13 push"
"SHAMROCK MOTORS INC","Wholesale Motor Vehicle Dealer","(908)906-5817","PORT SAINT LUCIE","FL","1153576-1","State-licensed wholesale dealer - Sep 13 push"
"Shannon Motors","Motor Vehicle Dealer (general)","","Johnston","RI","574","State-licensed dealer - Sep 13 push"
"Shannon Motors Woonsocket","Motor Vehicle Dealer (general)","","Woonsocket","RI","192","State-licensed dealer - Sep 13 push"
"Sharpe Logistics LLC","Wholesale Motor Vehicle Dealer","6025591903","Phoenix","AZ","L10002082","State-licensed wholesale dealer - Sep 13 push"
"Shaw Butte Auto Sales","Wholesale Motor Vehicle Dealer","6239862573","Glendale","AZ","L00016360","State-licensed wholesale dealer - Sep 13 push"
"Shawn Lidgard","Wholesale Motor Vehicle Dealer","602-885-9267","Avondale","AZ","L10002610","State-licensed wholesale dealer - Sep 13 push"
"Shearers Auto Group LLC","Wholesale Motor Vehicle Dealer","6232747686","Scottsdale","AZ","L10003515","State-licensed wholesale dealer - Sep 13 push"
"Sheehan & Associates LLC","Wholesale Motor Vehicle Dealer","4802157675","Tempe","AZ","L00009524","State-licensed wholesale dealer - Sep 13 push"
"Sheikh Auto Sales LLC","Wholesale Motor Vehicle Dealer","4806228747","Phoenix","AZ","L10000663","State-licensed wholesale dealer - Sep 13 push"
"Shoreline Auto Sales, LLC","Motor Vehicle Dealer (general)","","Richmond","RI","345","State-licensed dealer - Sep 13 push"
"Showboating Performance LLC","Wholesale Motor Vehicle Dealer","7024723288","KINGMAN","AZ","L10003233","State-licensed wholesale dealer - Sep 13 push"
"Showcase Auto Sales Of East Providence","Motor Vehicle Dealer (general)","","East Providence","RI","687","State-licensed dealer - Sep 13 push"
"SIGMA MOTORS, INC.","Wholesale Motor Vehicle Dealer","(405) 537-8280","OKLAHOMA CITY","OK","10012","State-licensed wholesale dealer - Sep 13 push"
"SIGNATURE AUTO WHOLESALE","Wholesale Motor Vehicle Dealer","(918) 357-9466","BROKEN ARROW","OK","10718","State-licensed wholesale dealer - Sep 13 push"
"Signature Motors","Wholesale Motor Vehicle Dealer","7738954125","Tucson","AZ","L00009876","State-licensed wholesale dealer - Sep 13 push"
"SILVER RIVER INVESTMENTS USA LLC","Wholesale Motor Vehicle Dealer","(630)528-8742","ALTAMONTE SPRINGS","FL","1151624-1","State-licensed wholesale dealer - Sep 13 push"
"Simon Auto Group 1038-1040","Motor Vehicle Dealer (general)","","North Providence","RI","11","State-licensed dealer - Sep 13 push"
"Simply green Solutions","Wholesale Motor Vehicle Dealer","810 2419284","tempe","AZ","L10001225","State-licensed wholesale dealer - Sep 13 push"
"Sin Ley Autosales","Wholesale Motor Vehicle Dealer","6237428392","phoenix","AZ","L10000576","State-licensed wholesale dealer - Sep 13 push"
"Six Towns LLC","Wholesale Motor Vehicle Dealer","6023731891","Glendale","AZ","L10001626","State-licensed wholesale dealer - Sep 13 push"
"SJ AUTO SALES LLC","Wholesale Motor Vehicle Dealer","6024758957","PEORIA","AZ","L10002548","State-licensed wholesale dealer - Sep 13 push"
"SJ Elite Auto LLC","Wholesale Motor Vehicle Dealer","6177212673","Cave Creek","AZ","L10002300","State-licensed wholesale dealer - Sep 13 push"
"SJA Autos LLC","Wholesale Motor Vehicle Dealer","5202685449","Tucson","AZ","L10002802","State-licensed wholesale dealer - Sep 13 push"
"SK UNITED PRO, LLC","Wholesale Motor Vehicle Dealer","(252)267-1515","PALM CITY","FL","1069660-1","State-licensed wholesale dealer - Sep 13 push"
"Skyline Auto LLC","Wholesale Motor Vehicle Dealer","4806780912","Maricopa","AZ","L10002711","State-licensed wholesale dealer - Sep 13 push"
"SLUDERS AUTO","Wholesale Motor Vehicle Dealer","","PUEBLO","CO","8224","State-licensed wholesale dealer - Sep 13 push"
"SMART AUTO GROUP, LLC","Wholesale Motor Vehicle Dealer","(786)862-4340","MIAMI","FL","1138450-1","State-licensed wholesale dealer - Sep 13 push"
"SMART EAGLE LLC","Wholesale Motor Vehicle Dealer","2099001111","PHOENIX","AZ","L10002923","State-licensed wholesale dealer - Sep 13 push"
"SMART WAY AUTO LLC","Wholesale Motor Vehicle Dealer","6109101010","LAVEEN","AZ","L10001430","State-licensed wholesale dealer - Sep 13 push"
"Smith Street Auto Sales and Repair","Motor Vehicle Dealer (general)","","North Providence","RI","103","State-licensed dealer - Sep 13 push"
"Smithfield Classic Cars & Auto Sales, LLC","Motor Vehicle Dealer (general)","","Smithfield","RI","548","State-licensed dealer - Sep 13 push"
"Smithfield Motor Sales, Inc.","Motor Vehicle Dealer (general)","","Pawtucket","RI","524","State-licensed dealer - Sep 13 push"
"Soda Motors Auto Sales, LLC","Motor Vehicle Dealer (general)","","Newport","RI","137","State-licensed dealer - Sep 13 push"
"SOLID CARS","Wholesale Motor Vehicle Dealer","","Littleton","CO","8087","State-licensed wholesale dealer - Sep 13 push"
"Solution Auto Dealer, LLC.","Wholesale Motor Vehicle Dealer","","Denver","CO","47400","State-licensed wholesale dealer - Sep 13 push"
"Solution Auto Sales & Body","Motor Vehicle Dealer (general)","","Providence","RI","80","State-licensed dealer - Sep 13 push"
"Solutions Auto Sales & body","Motor Vehicle Dealer (general)","","Providence","RI","172","State-licensed dealer - Sep 13 push"
"Sonne, LLC","Wholesale Motor Vehicle Dealer","602-316-5555","Scottsdale","AZ","L10002738","State-licensed wholesale dealer - Sep 13 push"
"SONORAN DESERT FINANCIAL LLC","Wholesale Motor Vehicle Dealer","623-330-3472","SURPRISE","AZ","L10002345","State-licensed wholesale dealer - Sep 13 push"
"SORDUM'S AUTO DEALERSHIP LLC","Wholesale Motor Vehicle Dealer","6232626243","Phoenix","AZ","L00013717","State-licensed wholesale dealer - Sep 13 push"
"Sorena Auto Sales LLC","Wholesale Motor Vehicle Dealer","480-388-7047","GILBERT","AZ","L00016709","State-licensed wholesale dealer - Sep 13 push"
"Sousa?s Auto Sales & Body","Motor Vehicle Dealer (general)","","Pawtucket","RI","594","State-licensed dealer - Sep 13 push"
"SOUTH BANK FINANCIAL CORP","Wholesale Motor Vehicle Dealer","(305)803-6192","MIAMI","FL","1151010-1","State-licensed wholesale dealer - Sep 13 push"
"SOUTH BAY MOTORS LLC","Wholesale Motor Vehicle Dealer","","Denver","CO","41960","State-licensed wholesale dealer - Sep 13 push"
"SOUTH BROADWAY AUTOMOTIVE GROUP INC","Wholesale Motor Vehicle Dealer","","Denver","CO","5922","State-licensed wholesale dealer - Sep 13 push"
"SOUTH FLORIDA LUXURY MOTORCARS LLC","Wholesale Motor Vehicle Dealer","(626)262-8789","NAPLES","FL","1148551-1","State-licensed wholesale dealer - Sep 13 push"
"South Mountain Auto Wholesale LLC","Wholesale Motor Vehicle Dealer","4806587229","Phoenix","AZ","L10003671","State-licensed wholesale dealer - Sep 13 push"
"South West Financial, LLC.","Wholesale Motor Vehicle Dealer","","Aurora","CO","47533","State-licensed wholesale dealer - Sep 13 push"
"SOUTHEAST WHOLESALE AND FINANCE","Motor Vehicle Dealer (wholesale name match)","","KNOXVILLE","TN","21924","State-licensed dealer - Sep 13 push"
"Southern Funding LLC","Wholesale Motor Vehicle Dealer","5207043109","Tucson","AZ","L10000381","State-licensed wholesale dealer - Sep 13 push"
"Southern Iowa Wholesale Inc","Motor Vehicle Dealer (wholesale name match)","","Leon","IA","D1303","State-licensed dealer - Sep 13 push"
"Southern Towing & Recovery LLC","Wholesale Motor Vehicle Dealer","4805491399","Phoenix","AZ","L10003435","State-licensed wholesale dealer - Sep 13 push"
"SOUTHERN WHOLESALE","Motor Vehicle Dealer (wholesale name match)","","CLEVELAND","TN","22072","State-licensed dealer - Sep 13 push"
"SOUTHLINE AUTOMOTIVE CORP.","Wholesale Motor Vehicle Dealer","(305)813-4558","MIRAMAR","FL","1153772-1","State-licensed wholesale dealer - Sep 13 push"
"Southwest Auto Specialties LLC","Wholesale Motor Vehicle Dealer","6233985564","Phoenix","AZ","L00015284","State-licensed wholesale dealer - Sep 13 push"
"Southwest Car Rental And Sales LLC","Wholesale Motor Vehicle Dealer","6026258918","Scottsdale","AZ","L00013718","State-licensed wholesale dealer - Sep 13 push"
"Southwest Car Sales And Leasing LLC","Wholesale Motor Vehicle Dealer","6022841296","Mesa","AZ","L00011150","State-licensed wholesale dealer - Sep 13 push"
"Southwest Fleet Management LLC","Wholesale Motor Vehicle Dealer","4803430241","Mesa","AZ","L00007246","State-licensed wholesale dealer - Sep 13 push"
"Southwest Motorsport LLC","Wholesale Motor Vehicle Dealer","6237596539","phoenix","AZ","L10000772","State-licensed wholesale dealer - Sep 13 push"
"Southwest Wholesale RV Inc","Motor Vehicle Dealer (wholesale name match)","","Sheldon","IA","D2030","State-licensed dealer - Sep 13 push"
"SOUTHWEST WHOLESALERS, LLC","Wholesale Motor Vehicle Dealer","","COLLBRAN","CO","38514","State-licensed wholesale dealer - Sep 13 push"
"Southwestern Capital LLC","Wholesale Motor Vehicle Dealer","6023260631","Mesa","AZ","L00009720","State-licensed wholesale dealer - Sep 13 push"
"SPARTAN AUTOS","Wholesale Motor Vehicle Dealer","607-429-8838","GOLDEN VALLEY","AZ","L10000814","State-licensed wholesale dealer - Sep 13 push"
"SPEAR AUTOMOTIVE LLC","Wholesale Motor Vehicle Dealer","","Colorado Springs","CO","43150","State-licensed wholesale dealer - Sep 13 push"
"SPECIALTY CARS ON DEMAND","Wholesale Motor Vehicle Dealer","","DENVER","CO","41200","State-licensed wholesale dealer - Sep 13 push"
"Speed Automotive LLC","Wholesale Motor Vehicle Dealer","4803301228","Chandler","AZ","L00014094","State-licensed wholesale dealer - Sep 13 push"
"Speedcraft Acura","Motor Vehicle Dealer (general)","","West Warwick","RI","197","State-licensed dealer - Sep 13 push"
"Speedcraft Nissan 885","Motor Vehicle Dealer (general)","","West Warwick","RI","151","State-licensed dealer - Sep 13 push"
"Speedcraft Volkswagen","Motor Vehicle Dealer (general)","","Wakefield","RI","29","State-licensed dealer - Sep 13 push"
"Speed's Classy Cars","Wholesale Motor Vehicle Dealer","","Arvada","CO","36641","State-licensed wholesale dealer - Sep 13 push"
"Speedy Auto Expert LLC","Wholesale Motor Vehicle Dealer","9545120318","Phoenix","AZ","L10002182","State-licensed wholesale dealer - Sep 13 push"
"SPORT & CLASSIC MOTORCARS, INC.","Wholesale Dealer License","(979) 690-5300","College Station","TX","P15200W","State-licensed wholesale dealer - Sep 13 push"
"SPRING CREEK MOTORS LLC","Wholesale Motor Vehicle Dealer","","Grand Junction","CO","41214","State-licensed wholesale dealer - Sep 13 push"
"SPRINGS AUTO OPTIONS","Wholesale Motor Vehicle Dealer","","Colorado Springs","CO","39785","State-licensed wholesale dealer - Sep 13 push"
"Sroufe Enterprises","Wholesale Motor Vehicle Dealer","6022458902","Phoenix","AZ","L00007969","State-licensed wholesale dealer - Sep 13 push"
"SRS Automotive LLC","Wholesale Motor Vehicle Dealer","","Denver","CO","46835","State-licensed wholesale dealer - Sep 13 push"
"stac center llc","Wholesale Motor Vehicle Dealer","6027574577","Phoenix","AZ","L10003418","State-licensed wholesale dealer - Sep 13 push"
"Stafford Auto Sales","Motor Vehicle Dealer (general)","","Tiverton","RI","429","State-licensed dealer - Sep 13 push"
"STAGE ONE AUTO WHOLESALE LLC","Wholesale Motor Vehicle Dealer","602-632-5556","PHOENIX","AZ","L10002552","State-licensed wholesale dealer - Sep 13 push"
"STALLINGS WHOLESALE VEHICLES","Wholesale Motor Vehicle Dealer","(405) 485-9457","BLANCHARD","OK","10161","State-licensed wholesale dealer - Sep 13 push"
"Stamas Auto & Truck Center","Motor Vehicle Dealer (general)","","Cranston","RI","362","State-licensed dealer - Sep 13 push"
"STAN WU LIQUIDATIONS LLC","Wholesale Motor Vehicle Dealer","669-216-3267","TEMPE","AZ","L10002119","State-licensed wholesale dealer - Sep 13 push"
"Star RV LLC","Wholesale Motor Vehicle Dealer","5204372289","Tucson","AZ","L10002601","State-licensed wholesale dealer - Sep 13 push"
"State Auto Sales","Motor Vehicle Dealer (general)","","Providence","RI","702","State-licensed dealer - Sep 13 push"
"STATEWIDE AUTO REMARKETING LLC","Wholesale Motor Vehicle Dealer","(813)997-7383","TAMPA","FL","1122438-1","State-licensed wholesale dealer - Sep 13 push"
"Staveley Acres","Wholesale Dealer License","(210) 209-9139","Von Ormy","TX","P159999W","State-licensed wholesale dealer - Sep 13 push"
"STEEL CITY MOTORS","Wholesale Motor Vehicle Dealer","","PUEBLO WEST","CO","38985","State-licensed wholesale dealer - Sep 13 push"
"STEGONCAT AUTO INC","Wholesale Motor Vehicle Dealer","(689)269-2765","ORLANDO","FL","1149078-1","State-licensed wholesale dealer - Sep 13 push"
"Steingold Volvo","Motor Vehicle Dealer (general)","","Pawtucket","RI","99","State-licensed dealer - Sep 13 push"
"Stephens Auto Sales","Motor Vehicle Dealer (general)","","West Warwick","RI","262","State-licensed dealer - Sep 13 push"
"Sterling Services LLC","Wholesale Motor Vehicle Dealer","602-332-0879","Laveen","AZ","L10000479","State-licensed wholesale dealer - Sep 13 push"
"STEVE GOAD & COMPANY","Wholesale Motor Vehicle Dealer","","AURORA","CO","6035","State-licensed wholesale dealer - Sep 13 push"
"Stone Motors","Motor Vehicle Dealer (general)","","North Smithfield","RI","97","State-licensed dealer - Sep 13 push"
"STRATEGIC AUTOMOTIVE CONSULTING LLC","Wholesale Motor Vehicle Dealer","602-622-0902","SCOTTSDALE","AZ","L10000485","State-licensed wholesale dealer - Sep 13 push"
"Streamline Collision Center LLC","Wholesale Motor Vehicle Dealer","623-939-3033","PHOENIX","AZ","L00011215","State-licensed wholesale dealer - Sep 13 push"
"Street Elite Auto","Wholesale Motor Vehicle Dealer","6027029333","Mesa","AZ","L00010889","State-licensed wholesale dealer - Sep 13 push"
"STUDEBAKER AUTO","Wholesale Motor Vehicle Dealer","","WHITEWATER","CO","8172","State-licensed wholesale dealer - Sep 13 push"
"Suaqui Auto Sales LLC","Wholesale Motor Vehicle Dealer","4808421997","Tolleson","AZ","L00014223","State-licensed wholesale dealer - Sep 13 push"
"SUBIE AUTO SALES LLC","Wholesale Motor Vehicle Dealer","","AURORA","CO","43367","State-licensed wholesale dealer - Sep 13 push"
"SUBIE RECYCLER","Wholesale Motor Vehicle Dealer","","Wheat Ridge","CO","43951","State-licensed wholesale dealer - Sep 13 push"
"Suhy Enterprises","Wholesale Motor Vehicle Dealer","6025755755","Glendale","AZ","L10000827","State-licensed wholesale dealer - Sep 13 push"
"SUMER AUTOSALES LLC","Wholesale Motor Vehicle Dealer","602-626-4504","TEMPE","AZ","L10000989","State-licensed wholesale dealer - Sep 13 push"
"Summit Auto Group LLC","Wholesale Motor Vehicle Dealer","6026181407","AVONDALE","AZ","L10002783","State-licensed wholesale dealer - Sep 13 push"
"Summit Automotive","Wholesale Motor Vehicle Dealer","6023210604","Peoria","AZ","L00015555","State-licensed wholesale dealer - Sep 13 push"
"Summit Motor Sports LLC","Wholesale Motor Vehicle Dealer","4805290363","Queen Creek","AZ","L00016039","State-licensed wholesale dealer - Sep 13 push"
"SUMMIT PEAK MOTORS LLC","Wholesale Motor Vehicle Dealer","","Thornton","CO","44442","State-licensed wholesale dealer - Sep 13 push"
"Summitt Auto Sales Llc","Wholesale Motor Vehicle Dealer","9283669719","Somerton","AZ","L10002435","State-licensed wholesale dealer - Sep 13 push"
"SUN AUTO","Wholesale Motor Vehicle Dealer","","Lakewood","CO","36449","State-licensed wholesale dealer - Sep 13 push"
"SUN PENN FINANCIAL CORP","Wholesale Motor Vehicle Dealer","","MORRISON","CO","2888","State-licensed wholesale dealer - Sep 13 push"
"Sundancer Motors Inc","Wholesale Motor Vehicle Dealer","6023769121","Phoenix","AZ","L00016034","State-licensed wholesale dealer - Sep 13 push"
"Sundry Auto Sales LLC","Wholesale Motor Vehicle Dealer","6023942843","Buckeye","AZ","L10003235","State-licensed wholesale dealer - Sep 13 push"
"SUNRISE AUTO ACCEPTANCE","Wholesale Motor Vehicle Dealer","(405) 691-1423","OKLAHOMA CITY","OK","10581","State-licensed wholesale dealer - Sep 13 push"
"SUNSHINE AUTO TRADE LLC","Wholesale Motor Vehicle Dealer","(954)991-2951","FORT LAUDERDALE","FL","1147294-1","State-licensed wholesale dealer - Sep 13 push"
"Super Trucks Sales Inc","Wholesale Motor Vehicle Dealer","","Littleton","CO","40123","State-licensed wholesale dealer - Sep 13 push"
"SUPERCARS INC.","Wholesale Dealer License","(469) 989-8300","DENISON","TX","P161880W","State-licensed wholesale dealer - Sep 13 push"
"Supreme Auto , Inc","Motor Vehicle Dealer (general)","","Lincoln","RI","378","State-licensed dealer - Sep 13 push"
"Sure Ride Wholesale LLC","Wholesale Motor Vehicle Dealer","6025541179","Gilbert","AZ","L10003108","State-licensed wholesale dealer - Sep 13 push"
"Surprise auto group llc","Wholesale Motor Vehicle Dealer","6029309504","Surprise","AZ","L10003309","State-licensed wholesale dealer - Sep 13 push"
"SV & T INVESTMENTS","Wholesale Motor Vehicle Dealer","","GOLDEN","CO","38040","State-licensed wholesale dealer - Sep 13 push"
"Swade Customs","Wholesale Motor Vehicle Dealer","","Wellington","CO","47015","State-licensed wholesale dealer - Sep 13 push"
"Sylla Automotive Sales And Service","Motor Vehicle Dealer (general)","","North Providence","RI","","State-licensed dealer - Sep 13 push"
"Sylver Auto Sales LLC","Wholesale Motor Vehicle Dealer","","Commerce City","CO","43564","State-licensed wholesale dealer - Sep 13 push"
"syria llc","Wholesale Motor Vehicle Dealer","6022500168","peoria","AZ","L10002850","State-licensed wholesale dealer - Sep 13 push"
"T C Wholesale","Wholesale Motor Vehicle Dealer","4804529482","Gilbert","AZ","L00005476","State-licensed wholesale dealer - Sep 13 push"
"T L HOLLEY MOTORS","Wholesale Motor Vehicle Dealer","","Denver","CO","40455","State-licensed wholesale dealer - Sep 13 push"
"TAC AUTO SOLUTIONS","Wholesale Motor Vehicle Dealer","(918) 510-0081","BROKEN ARROW","OK","10713","State-licensed wholesale dealer - Sep 13 push"
"Tactical Fleet Management","Wholesale Dealer License","(361) 356-7409","CORPUS CHRISTI","TX","P170254W","State-licensed wholesale dealer - Sep 13 push"
"TAIM AUTO SALE LLC","Wholesale Motor Vehicle Dealer","480-395-3679","GLENDALE","AZ","L10000982","State-licensed wholesale dealer - Sep 13 push"
"TALAMANTE AUTO SALES LLC","Wholesale Motor Vehicle Dealer","480-848-2460","LITCHFIELD PARK","AZ","L10002807","State-licensed wholesale dealer - Sep 13 push"
"TAM MOTORS INC","Wholesale Motor Vehicle Dealer","(407)369-4070","LONGWOOD","FL","1151672-1","State-licensed wholesale dealer - Sep 13 push"
"TAMPA BAY AUTO WHOLESALERS INC","Wholesale Motor Vehicle Dealer","(727)484-4257","HOLIDAY","FL","1133727-1","State-licensed wholesale dealer - Sep 13 push"
"Target Retirement Services","Wholesale Motor Vehicle Dealer","4802784417","Chandler","AZ","L10001398","State-licensed wholesale dealer - Sep 13 push"
"Tasca Buick GMC","Motor Vehicle Dealer (general)","","Woonsocket","RI","67","State-licensed dealer - Sep 13 push"
"Tasca Chevrolet","Motor Vehicle Dealer (general)","","Woonsocket","RI","157","State-licensed dealer - Sep 13 push"
"Tasca Chrysler Dodge Jeep Ram Fiat","Motor Vehicle Dealer (general)","","Johnston","RI","77","State-licensed dealer - Sep 13 push"
"Tasca Ford","Motor Vehicle Dealer (general)","","Cranston","RI","91","State-licensed dealer - Sep 13 push"
"Tasca Kia","Motor Vehicle Dealer (general)","","Johnston","RI","2","State-licensed dealer - Sep 13 push"
"Tasca Lincoln Mercury","Motor Vehicle Dealer (general)","","Cranston","RI","127","State-licensed dealer - Sep 13 push"
"Tasca Mazda","Motor Vehicle Dealer (general)","","Cranston","RI","204","State-licensed dealer - Sep 13 push"
"Tasca Nissan","Motor Vehicle Dealer (general)","","East Providence","RI","701","State-licensed dealer - Sep 13 push"
"Tasca Volvo","Motor Vehicle Dealer (general)","","Cranston","RI","210","State-licensed dealer - Sep 13 push"
"TASNEEM LLC","Wholesale Motor Vehicle Dealer","(813)753-5020","ZEPHYRHILLS","FL","1148935-1","State-licensed wholesale dealer - Sep 13 push"
"Taylor Training Academy","Wholesale Motor Vehicle Dealer","3606004411","Peoria","AZ","L10003450","State-licensed wholesale dealer - Sep 13 push"
"TBK Wholesale","Motor Vehicle Dealer (wholesale name match)","","Des Moines","IA","D3116","State-licensed dealer - Sep 13 push"
"Tbs Motorsports","Wholesale Motor Vehicle Dealer","6027573660","Cave Creek","AZ","L00012421","State-licensed wholesale dealer - Sep 13 push"
"TC CLASSICS LLC","Wholesale Motor Vehicle Dealer","(305)779-8040","MIAMI","FL","1109536-1","State-licensed wholesale dealer - Sep 13 push"
"Team Bespoke Auto Sales LLC","Motor Vehicle Dealer (general)","","Warren","RI","590","State-licensed dealer - Sep 13 push"
"Teamcore Fitness Group of Arizona LLC","Wholesale Motor Vehicle Dealer","6022901413","Gilbert","AZ","L00015988","State-licensed wholesale dealer - Sep 13 push"
"TEBOS GARAGE","Wholesale Motor Vehicle Dealer","","Longmont","CO","39601","State-licensed wholesale dealer - Sep 13 push"
"TECHNOCAR AUTO SALES LLC","Wholesale Motor Vehicle Dealer","602-510-1876","Maricopa","AZ","L10002928","State-licensed wholesale dealer - Sep 13 push"
"Ted Motors, LLC.","Wholesale Motor Vehicle Dealer","","Aurora","CO","47404","State-licensed wholesale dealer - Sep 13 push"
"TERRY","Wholesale Motor Vehicle Dealer","","LOMA","CO","2278","State-licensed wholesale dealer - Sep 13 push"
"Terry?s Auto, Limited","Motor Vehicle Dealer (general)","","Woonsocket","RI","473","State-licensed dealer - Sep 13 push"
"Tesla","Motor Vehicle Dealer (general)","","Providence","RI","225","State-licensed dealer - Sep 13 push"
"Texarkana Auto Auction LLC","Wholesale Motor Vehicle Auction License","(903) 794-6925","TEXARKANA","TX","P149725A","State-licensed wholesale dealer - Sep 13 push"
"Texas Toys Wholesale, LLC","Wholesale Dealer License","(405) 313-3833","DENTON","TX","P168055W","State-licensed wholesale dealer - Sep 13 push"
"THE BOSS WHOLESALE CORP","Wholesale Motor Vehicle Dealer","(407)978-2468","ORLANDO","FL","1153929-1","State-licensed wholesale dealer - Sep 13 push"
"The Car Exchange, LLC","Wholesale Motor Vehicle Dealer","317-459-4301","Buckeye","AZ","L10003207","State-licensed wholesale dealer - Sep 13 push"
"The Car Lot, Inc. ""Annex""","Motor Vehicle Dealer (general)","","Cranston","RI","640","State-licensed dealer - Sep 13 push"
"The Car Lot, Inc. ""Main""","Motor Vehicle Dealer (general)","","Cranston","RI","19","State-licensed dealer - Sep 13 push"
"The Corcoran Corporation","Wholesale Motor Vehicle Dealer","9289258228","Prescott","AZ","L00005835","State-licensed wholesale dealer - Sep 13 push"
"THE HOT SHOT RIDES","Wholesale Motor Vehicle Dealer","","Arvada","CO","46746","State-licensed wholesale dealer - Sep 13 push"
"THE HUDSON COMPANY AUTO BROKERS,LLC","Wholesale Motor Vehicle Dealer","(405) 286-2388","OKLAHOMA CITY","OK","10457","State-licensed wholesale dealer - Sep 13 push"
"The Jans-Way Corporation","Wholesale Motor Vehicle Dealer","7022745578","Avondale","AZ","L00013289","State-licensed wholesale dealer - Sep 13 push"
"The Peterbilt Store- Rhode Island","Motor Vehicle Dealer (general)","","Johnston","RI","289","State-licensed dealer - Sep 13 push"
"The Pit Stop","Wholesale Motor Vehicle Dealer","480-250-8050","Mesa","AZ","L00005499","State-licensed wholesale dealer - Sep 13 push"
"The Scooter Palace","Motor Vehicle Dealer (general)","","Tiverton","RI","490","State-licensed dealer - Sep 13 push"
"The Valley Auto Fleet LLC","Wholesale Motor Vehicle Dealer","6237346933","Tolleson","AZ","L10003226","State-licensed wholesale dealer - Sep 13 push"
"THREE BROS AUTOS","Wholesale Motor Vehicle Dealer","","Colorado Springs","CO","39879","State-licensed wholesale dealer - Sep 13 push"
"Three Hearts Wholesale LLC","Wholesale Motor Vehicle Dealer","6786895007","Mesa","AZ","L10003524","State-licensed wholesale dealer - Sep 13 push"
"Throttle Throne Inc","Wholesale Motor Vehicle Dealer","9103200259","Peoira","AZ","L10002947","State-licensed wholesale dealer - Sep 13 push"
"THS WHOLESALE MOTOR VEHICLE DEALER","Wholesale Motor Vehicle Dealer","623-500-9552","PHOENIX","AZ","L10001851","State-licensed wholesale dealer - Sep 13 push"
"TIANNOVATE SALES LLC","Wholesale Motor Vehicle Dealer","480-295-9927","PHOENIX","AZ","L10003100","State-licensed wholesale dealer - Sep 13 push"
"Tiki's Auto Sales ""Annex""","Motor Vehicle Dealer (general)","","Pawtucket","RI","70","State-licensed dealer - Sep 13 push"
"Tiki's Auto Sales ""Main""","Motor Vehicle Dealer (general)","","Pawtucket","RI","61","State-licensed dealer - Sep 13 push"
"Tire Kick Flips LLC","Wholesale Motor Vehicle Dealer","5206681097","Vail","AZ","L10002400","State-licensed wholesale dealer - Sep 13 push"
"Titanium Automotive LLC","Wholesale Motor Vehicle Dealer","480-231-6776","Phoenix","AZ","L10003018","State-licensed wholesale dealer - Sep 13 push"
"Tiverton Motor Sales, Inc.","Motor Vehicle Dealer (general)","","Tiverton","RI","311","State-licensed dealer - Sep 13 push"
"TJ Rides LLC","Wholesale Motor Vehicle Dealer","6028771436","Phoenix","AZ","L10002847","State-licensed wholesale dealer - Sep 13 push"
"Tjb Automotive, Inc.","Wholesale Motor Vehicle Dealer","6028184530","Phoenix","AZ","L00006740","State-licensed wholesale dealer - Sep 13 push"
"TJC AUTO CORP","Wholesale Motor Vehicle Dealer","(786)676-1822","OPA-LOCKA","FL","1153688-1","State-licensed wholesale dealer - Sep 13 push"
"TKI Equip","Wholesale Dealer License","(469) 801-8300","PLANO","TX","P165886W","State-licensed wholesale dealer - Sep 13 push"
"TLC SOLUTIONS OF FLORIDA INC.","Wholesale Motor Vehicle Dealer","(800)285-2603","WEST PALM BEACH","FL","1154454-1","State-licensed wholesale dealer - Sep 13 push"
"TM Autos LLC","Wholesale Motor Vehicle Dealer","602-412-7516","GLENDALE","AZ","L10003488","State-licensed wholesale dealer - Sep 13 push"
"Tomegah Auto Sales","Wholesale Motor Vehicle Dealer","4808655244","Phoenix","AZ","L00015154","State-licensed wholesale dealer - Sep 13 push"
"Tony?s Auto Sales & Service","Motor Vehicle Dealer (general)","","East Providence","RI","57","State-licensed dealer - Sep 13 push"
"Top Boyz Wholesale LLC","Wholesale Motor Vehicle Dealer","602-405-9232","Tolleson","AZ","L10003636","State-licensed wholesale dealer - Sep 13 push"
"TOP CAR LLC","Wholesale Motor Vehicle Dealer","(407)669-0012","WINTER PARK","FL","1153285-1","State-licensed wholesale dealer - Sep 13 push"
"Top Cars LLC","Wholesale Motor Vehicle Dealer","4806340627","San Tan Valley","AZ","L10003519","State-licensed wholesale dealer - Sep 13 push"
"Top Gear Investment LLC","Wholesale Motor Vehicle Dealer","2487034700","Scottsdale","AZ","L10000882","State-licensed wholesale dealer - Sep 13 push"
"Top Model Autos","Wholesale Motor Vehicle Dealer","4802485621","Tempe","AZ","L00010831","State-licensed wholesale dealer - Sep 13 push"
"Topline AutoMotors LLC","Wholesale Motor Vehicle Dealer","4802130444","Glendale","AZ","L10000397","State-licensed wholesale dealer - Sep 13 push"
"Topline Motors, Inc.","Motor Vehicle Dealer (general)","","Woonsocket","RI","126","State-licensed dealer - Sep 13 push"
"TOPP GUNN AUCTIONS, INC.","Wholesale Motor Vehicle Auction License","(903) 785-0955","Reno","TX","P115507A","State-licensed wholesale dealer - Sep 13 push"
"TORQUE AND TIMBER AZ LLC","Wholesale Motor Vehicle Dealer","3092126323","Mesa","AZ","L10003174","State-licensed wholesale dealer - Sep 13 push"
"Total Auto Finance llc","Wholesale Motor Vehicle Dealer","7023244795","Bullhead","AZ","L10003392","State-licensed wholesale dealer - Sep 13 push"
"TOTAL CAR LOGISTICS, LLC","Wholesale Motor Vehicle Dealer","(407)267-9082","TEMPLE TERRACE","FL","1127293-1","State-licensed wholesale dealer - Sep 13 push"
"TOUCH-N-GO","Wholesale Motor Vehicle Dealer","","COLORADO SPRINGS","CO","41122","State-licensed wholesale dealer - Sep 13 push"
"Tourbillon Truck & Trailer Sales","Motor Vehicle Dealer (general)","","North Scituate","RI","266","State-licensed dealer - Sep 13 push"
"Towne Motor Sales, Inc.","Motor Vehicle Dealer (general)","","Tiverton","RI","538","State-licensed dealer - Sep 13 push"
"Toyota of Smithfield","Motor Vehicle Dealer (general)","","Smithfield","RI","242","State-licensed dealer - Sep 13 push"
"TOYS FOR BIG BOYS MOTORS","Wholesale Motor Vehicle Dealer","(405) 605-2514","OKLAHOMA CITY","OK","10693","State-licensed wholesale dealer - Sep 13 push"
"TQ AUTO LLC","Wholesale Motor Vehicle Dealer","402-974-9140","GLENDALE","AZ","L10003124","State-licensed wholesale dealer - Sep 13 push"
"Trade Link International","Wholesale Motor Vehicle Dealer","4802751369","Chandler","AZ","L00010315","State-licensed wholesale dealer - Sep 13 push"
"Trail Auto Sales, Inc.","Motor Vehicle Dealer (general)","","East Providence","RI","14","State-licensed dealer - Sep 13 push"
"Trailers FBSO","Wholesale Motor Vehicle Dealer","404-379-1186","Phoenix","AZ","L10000151","State-licensed wholesale dealer - Sep 13 push"
"Trailridge Auto Brokers LLC","Wholesale Motor Vehicle Dealer","6029899890","peoria","AZ","L10003204","State-licensed wholesale dealer - Sep 13 push"
"Trans Pacific Leasing LLC","Wholesale Motor Vehicle Dealer","4802217978","Phoenix","AZ","L00009338","State-licensed wholesale dealer - Sep 13 push"
"TRAVELERS WHOLESALE TRAILER SALES","Motor Vehicle Dealer (wholesale name match)","","MANCHESTER","TN","122","State-licensed dealer - Sep 13 push"
"Tremont Investments LLC","Wholesale Motor Vehicle Dealer","6462618868","Phoenix","AZ","L00015839","State-licensed wholesale dealer - Sep 13 push"
"TRENDA MOTORS, INC.","Wholesale Motor Vehicle Dealer","","LAKEWOOD","CO","7716","State-licensed wholesale dealer - Sep 13 push"
"Tri Lakes Auto Brokers, Inc.","Wholesale Motor Vehicle Dealer","","Larkspur","CO","4678","State-licensed wholesale dealer - Sep 13 push"
"Tri Star Transporting & Towing Inc","Wholesale Motor Vehicle Dealer","6235612181","Phoenix","AZ","L00009699","State-licensed wholesale dealer - Sep 13 push"
"Tri State Auto Group Inc","Wholesale Motor Vehicle Dealer","9284120505","Lake Havasu City","AZ","L00015182","State-licensed wholesale dealer - Sep 13 push"
"Triple B Auto Wholesale LLC","Wholesale Motor Vehicle Dealer","5204430767","Tucson","AZ","L00016554","State-licensed wholesale dealer - Sep 13 push"
"Triple T Wholesale","Wholesale Dealer License","(512) 413-9889","GIDDINGS","TX","P174351W","State-licensed wholesale dealer - Sep 13 push"
"TROPICAL CAPITAL INC.","Wholesale Motor Vehicle Dealer","(305)926-2098","FORT LAUDERDALE","FL","1153524-1","State-licensed wholesale dealer - Sep 13 push"
"TROWNSELL CARS LLC","Wholesale Motor Vehicle Dealer","","LITTLETON","CO","36058","State-licensed wholesale dealer - Sep 13 push"
"Trucar Brokers","Wholesale Motor Vehicle Dealer","6025706307","Phoenix","AZ","L10001171","State-licensed wholesale dealer - Sep 13 push"
"Truck Solutions Solutions Sales and Service, LLC","Motor Vehicle Dealer (general)","","Slatersville","RI","299","State-licensed dealer - Sep 13 push"
"TRUE IMPORTS LLC","Wholesale Motor Vehicle Dealer","480-665-1849","PHOENIX","AZ","L10000833","State-licensed wholesale dealer - Sep 13 push"
"TrueCar Wholesale Solutions, Inc.","Wholesale Motor Vehicle Dealer","480-237-1281","Mesa","AZ","L10001602","State-licensed wholesale dealer - Sep 13 push"
"Twiggs Auto Sales","Motor Vehicle Dealer (general)","","Warren","RI","328","State-licensed dealer - Sep 13 push"
"Twins Auto Sales","Wholesale Motor Vehicle Dealer","6023805406","Phoenix","AZ","L00014776","State-licensed wholesale dealer - Sep 13 push"
"Twisted Throttle, LLC","Motor Vehicle Dealer (general)","","Exeter","RI","156","State-licensed dealer - Sep 13 push"
"TWO RIVERS WHOLESALE CENTER","Motor Vehicle Dealer (wholesale name match)","","NASHVILLE","TN","18185","State-licensed dealer - Sep 13 push"
"TX MOTOPLEX","Wholesale Dealer License","(214) 200-6651","DALLAS","TX","P163249W","State-licensed wholesale dealer - Sep 13 push"
"Ultimate Trade LLC","Wholesale Motor Vehicle Dealer","4803346737","Scottsdale","AZ","L00015052","State-licensed wholesale dealer - Sep 13 push"
"UMBERTOS AUTO SALES INC","Wholesale Motor Vehicle Dealer","","LOUISVILLE","CO","6200","State-licensed wholesale dealer - Sep 13 push"
"UNIK 305 LLC","Wholesale Motor Vehicle Dealer","(786)461-2167","MIAMI","FL","1153690-1","State-licensed wholesale dealer - Sep 13 push"
"UNIQUE AUTO EXCHANGE LLC","Wholesale Motor Vehicle Dealer","480-489-0589","PHOENIX","AZ","L10003325","State-licensed wholesale dealer - Sep 13 push"
"UNIQUE VEHICLES, LLC.","Wholesale Motor Vehicle Dealer","","Lakewood","CO","45327","State-licensed wholesale dealer - Sep 13 push"
"United Auto Brokers LLC","Wholesale Dealer License","(806) 543-6368","COLORADO CITY","TX","P156939W","State-licensed wholesale dealer - Sep 13 push"
"United Auto Sales, Inc.","Motor Vehicle Dealer (general)","","Providence","RI","74","State-licensed dealer - Sep 13 push"
"UNITED AUTO USA CORP","Wholesale Motor Vehicle Dealer","(450)434-1800","DORAL","FL","1065419-1","State-licensed wholesale dealer - Sep 13 push"
"United Eagle Auto Sales LLC","Wholesale Motor Vehicle Dealer","503-935-7656","Surprise","AZ","L10002321","State-licensed wholesale dealer - Sep 13 push"
"United Motors LLC","Wholesale Motor Vehicle Dealer","4802316776","Gilbert","AZ","L00008193","State-licensed wholesale dealer - Sep 13 push"
"UNIVERSITY AUTO SALES","Wholesale Motor Vehicle Dealer","(405) 360-0707","NORMAN","OK","10561","State-licensed wholesale dealer - Sep 13 push"
"UPFER LLC","Wholesale Motor Vehicle Dealer","(407)421-3682","ORLANDO","FL","1148509-1","State-licensed wholesale dealer - Sep 13 push"
"Urban Used Cars LLC","Wholesale Motor Vehicle Dealer","6026682098","Surprise","AZ","L10003543","State-licensed wholesale dealer - Sep 13 push"
"US Auto Finder And Leasing","Wholesale Motor Vehicle Dealer","","Aurora","CO","40370","State-licensed wholesale dealer - Sep 13 push"
"US FINANCE AUTO LLC","Wholesale Motor Vehicle Dealer","646-656-0606","PHOENIX","AZ","L10002181","State-licensed wholesale dealer - Sep 13 push"
"Usa Car Rental, Inc","Wholesale Motor Vehicle Dealer","602-432-0397","Phoenix","AZ","L10000298","State-licensed wholesale dealer - Sep 13 push"
"Usaaa","Wholesale Motor Vehicle Dealer","480406212","Glendale","AZ","L00016082","State-licensed wholesale dealer - Sep 13 push"
"USG MOTORS CORPORATION","Wholesale Motor Vehicle Dealer","(407)429-8282","ALTAMONTE SPRINGS","FL","1152079-1","State-licensed wholesale dealer - Sep 13 push"
"V CUSTOMS LLC","Wholesale Motor Vehicle Dealer","6026688059","GOODYEAR","AZ","L10000875","State-licensed wholesale dealer - Sep 13 push"
"V Star Auto Sales LLC","Wholesale Motor Vehicle Dealer","","Fort Lupton","CO","47269","State-licensed wholesale dealer - Sep 13 push"
"Valenti Subaru, Inc.","Motor Vehicle Dealer (general)","","Westerly","RI","238","State-licensed dealer - Sep 13 push"
"Valenti Toyota","Motor Vehicle Dealer (general)","","Westerly","RI","124","State-licensed dealer - Sep 13 push"
"Valeo Ventures LLC","Wholesale Motor Vehicle Dealer","4807977935","Scottsdale","AZ","L00005286","State-licensed wholesale dealer - Sep 13 push"
"Valiant Trades LLC","Wholesale Motor Vehicle Dealer","786-614-1140","Scottsdale","AZ","L10001806","State-licensed wholesale dealer - Sep 13 push"
"Valley Desert Wheels LLC","Wholesale Motor Vehicle Dealer","4808234135","Phoenix","AZ","L00015800","State-licensed wholesale dealer - Sep 13 push"
"VALLEY OF THE SUN FINANCIAL LLC","Wholesale Motor Vehicle Dealer","6026280426","Phoenix","AZ","L10002488","State-licensed wholesale dealer - Sep 13 push"
"Valley Street Auto Sales","Motor Vehicle Dealer (general)","","Providence221 Washington Highway Route","RI","756","State-licensed dealer - Sep 13 push"
"Valleywide Resort Homes LLC","Wholesale Motor Vehicle Dealer","6025402787","Mesa","AZ","L00016765","State-licensed wholesale dealer - Sep 13 push"
"VALUE MOTORS","Wholesale Motor Vehicle Dealer","(405) 632-3355","OKLAHOMA CITY","OK","10671","State-licensed wholesale dealer - Sep 13 push"
"VALUESHIELD LLC DBA VALUE GUARD","Wholesale Motor Vehicle Dealer","(561)433-6511","BOCA RATON","FL","1132828-1","State-licensed wholesale dealer - Sep 13 push"
"VANDERGON AUTOS","Wholesale Motor Vehicle Dealer","","GREELEY","CO","40984","State-licensed wholesale dealer - Sep 13 push"
"Vankop Enterprises LLC","Wholesale Motor Vehicle Dealer","5209041010","Tucson","AZ","L00014088","State-licensed wholesale dealer - Sep 13 push"
"Van's Auto Sales","Wholesale Motor Vehicle Dealer","6232564760","Waddell","AZ","L00005699","State-licensed wholesale dealer - Sep 13 push"
"Variety Auto Sales","Motor Vehicle Dealer (general)","","Smithfield","RI","118","State-licensed dealer - Sep 13 push"
"Vasa Wholesale Auto Group LLC","Wholesale Motor Vehicle Dealer","6027379889","Glendale","AZ","L10003521","State-licensed wholesale dealer - Sep 13 push"
"Vehicle Fleet Services","Wholesale Motor Vehicle Dealer","","Thornton","CO","45378","State-licensed wholesale dealer - Sep 13 push"
"Vehicle Liquidators LLC","Wholesale Motor Vehicle Dealer","6026772037","PHOENIX","AZ","L10003414","State-licensed wholesale dealer - Sep 13 push"
"Vehicle Oasis LLC","Wholesale Motor Vehicle Dealer","5202132818","Chandler","AZ","L10001197","State-licensed wholesale dealer - Sep 13 push"
"Vehicle Value Experts, LLC","Wholesale Dealer License","(409) 200-2226","VIDOR","TX","P151886W","State-licensed wholesale dealer - Sep 13 push"
"VEHICLES FOR CHARITY","Wholesale Motor Vehicle Dealer","","Denver","CO","4374","State-licensed wholesale dealer - Sep 13 push"
"VELLSTON GROUP LLC","Wholesale Motor Vehicle Dealer","(305)942-5639","MIAMI","FL","1153287-1","State-licensed wholesale dealer - Sep 13 push"
"Venator Investment Group LLC","Wholesale Motor Vehicle Dealer","928-255-7555","Flagstaff","AZ","L10003118","State-licensed wholesale dealer - Sep 13 push"
"VETTE MASTERS LLC","Wholesale Motor Vehicle Dealer","(786)404-1572","MIAMI","FL","1151432-1","State-licensed wholesale dealer - Sep 13 push"
"VETTED VENTURES CORP","Wholesale Motor Vehicle Dealer","(386)338-2929","MELBOURNE","FL","1151516-1","State-licensed wholesale dealer - Sep 13 push"
"VG MOTORS LLC","Wholesale Motor Vehicle Dealer","(850)407-3017","PORT RICHEY","FL","1144412-1","State-licensed wholesale dealer - Sep 13 push"
"Vike, LLC","Wholesale Motor Vehicle Dealer","5083783050","Phoenix","AZ","L10002602","State-licensed wholesale dealer - Sep 13 push"
"VILLA MOTORS","Wholesale Motor Vehicle Dealer","","COLORADO SPRINGS","CO","43388","State-licensed wholesale dealer - Sep 13 push"
"VILLAVICENCIO BUSINESS GROUP LLC","Wholesale Motor Vehicle Dealer","480-388-4408","MESA","AZ","L10003058","State-licensed wholesale dealer - Sep 13 push"
"VIP Auto Assistance, LLC.","Wholesale Motor Vehicle Dealer","","Centennial","CO","46198","State-licensed wholesale dealer - Sep 13 push"
"Viti, Inc.","Motor Vehicle Dealer (general)","","Tiverton","RI","563","State-licensed dealer - Sep 13 push"
"VL20 AUTO LLC","Wholesale Motor Vehicle Dealer","","Castle Pines","CO","44323","State-licensed wholesale dealer - Sep 13 push"
"VME AUTO SALES LLC","Wholesale Motor Vehicle Dealer","6023490141","Glendale","AZ","L10001856","State-licensed wholesale dealer - Sep 13 push"
"Volare Motors","Motor Vehicle Dealer (general)","","Cranston","RI","732","State-licensed dealer - Sep 13 push"
"Volvo of Tiverton","Motor Vehicle Dealer (general)","","Tiverton","RI","251","State-licensed dealer - Sep 13 push"
"VSR SALES","Wholesale Motor Vehicle Dealer","","FORT COLLINS","CO","3240","State-licensed wholesale dealer - Sep 13 push"
"Vtwins Auto Source LLC","Wholesale Motor Vehicle Dealer","602-516-4470","Goodyear","AZ","L00016603","State-licensed wholesale dealer - Sep 13 push"
"VX Racing LLC","Wholesale Motor Vehicle Dealer","520 204 5376","Tucson","AZ","L10001370","State-licensed wholesale dealer - Sep 13 push"
"VYKON AUTO","Wholesale Motor Vehicle Dealer","","Elizabeth","CO","44136","State-licensed wholesale dealer - Sep 13 push"
"W & H Wholesale Auto, LLC","Wholesale Motor Vehicle Dealer","4803182271","Phoenix","AZ","L00012763","State-licensed wholesale dealer - Sep 13 push"
"W A Wholesale LLC","Wholesale Motor Vehicle Dealer","6023326803","Phoenix","AZ","L00014365","State-licensed wholesale dealer - Sep 13 push"
"W. GROOVE WHOLESALE, LLC","Wholesale Motor Vehicle Dealer","(303)913-2214","MIAMI","FL","1150653-1","State-licensed wholesale dealer - Sep 13 push"
"W8Ght of The World LLC","Wholesale Motor Vehicle Dealer","6023034875","Phoenix","AZ","L00016234","State-licensed wholesale dealer - Sep 13 push"
"WA CAPITAL WHEELS LLC","Wholesale Motor Vehicle Dealer","(305)334-1615","ORLANDO","FL","1153986-1","State-licensed wholesale dealer - Sep 13 push"
"Walker Motor Company, LLC","Wholesale Dealer License","(903) 312-4507","BULLARD","TX","P159944W","State-licensed wholesale dealer - Sep 13 push"
"Walkers Car Corral","Wholesale Motor Vehicle Dealer","6023977249","Tempe","AZ","L00005940","State-licensed wholesale dealer - Sep 13 push"
"Walsh?s Auto Body & Sales, Inc.","Motor Vehicle Dealer (general)","","Providence","RI","438","State-licensed dealer - Sep 13 push"
"WANDENBERGH MOTORS INC","Wholesale Motor Vehicle Dealer","(305)492-1311","MIAMI SPRINGS","FL","1009336-1","State-licensed wholesale dealer - Sep 13 push"
"Ward Auto Sales LLC","Wholesale Motor Vehicle Dealer","6027232376","Surprise","AZ","L10003310","State-licensed wholesale dealer - Sep 13 push"
"WARD'S WHOLESALE AUTOS","Wholesale Motor Vehicle Dealer","(405) 753-6129","EDMOND","OK","10732","State-licensed wholesale dealer - Sep 13 push"
"WARREN TRUCKS &amp; EQUIPMENT INC","Wholesale Motor Vehicle Dealer","(301)910-4030","MIAMI","FL","1144173-1","State-licensed wholesale dealer - Sep 13 push"
"Warwick Auto Sales, Inc.","Motor Vehicle Dealer (general)","","Warwick","RI","270","State-licensed dealer - Sep 13 push"
"WAYNE D SKINNER","Wholesale Motor Vehicle Dealer","(813)334-6507","TAMPA","FL","1007036-1","State-licensed wholesale dealer - Sep 13 push"
"Waypoint Acceptance LLC","Wholesale Motor Vehicle Dealer","7026821445","Lake Havasu City","AZ","L00014251","State-licensed wholesale dealer - Sep 13 push"
"WEAVER GP, LLC","Wholesale Dealer License","(254) 744-3924","GROESBECK","TX","P173848W","State-licensed wholesale dealer - Sep 13 push"
"WEBSTAR Auto LLC","Wholesale Motor Vehicle Dealer","4803887498","Phoenix","AZ","L10002250","State-licensed wholesale dealer - Sep 13 push"
"WEISMAN EQUIPMENT COMPANY, LTD.","Wholesale Dealer License","(512) 353-7757","San Marcos","TX","P879W","State-licensed wholesale dealer - Sep 13 push"
"Wellington Auto Sales","Motor Vehicle Dealer (general)","","Johnston","RI","719","State-licensed dealer - Sep 13 push"
"WELLS FUNDING LLC","Wholesale Motor Vehicle Dealer","6024355579","PHOENIX","AZ","L10002121","State-licensed wholesale dealer - Sep 13 push"
"Wellspring Auto LLC","Wholesale Motor Vehicle Dealer","6195817833","SAN TAN VALLEY","AZ","L10003633","State-licensed wholesale dealer - Sep 13 push"
"West Auto LLC","Wholesale Motor Vehicle Dealer","4804148913","Phoenix","AZ","L00015421","State-licensed wholesale dealer - Sep 13 push"
"WEST COAST WHOLESALE","Wholesale Motor Vehicle Dealer","","Broomfield","CO","44604","State-licensed wholesale dealer - Sep 13 push"
"West End Auto Sales & Collision Service Inc","Motor Vehicle Dealer (general)","","Providence","RI","736","State-licensed dealer - Sep 13 push"
"West Fargo Group LLC","Wholesale Motor Vehicle Dealer","6022909933","Phoenix","AZ","L00015452","State-licensed wholesale dealer - Sep 13 push"
"West Fountain Auto Sales & Body, Inc.","Motor Vehicle Dealer (general)","","Providence","RI","196","State-licensed dealer - Sep 13 push"
"West Park Auto Sales","Motor Vehicle Dealer (general)","","Providence","RI","265","State-licensed dealer - Sep 13 push"
"West Warwick Auto City, Inc.","Motor Vehicle Dealer (general)","","West Warwick","RI","616","State-licensed dealer - Sep 13 push"
"Westerly Auto Sales, Inc.","Motor Vehicle Dealer (general)","","Westerly","RI","554","State-licensed dealer - Sep 13 push"
"Westerly Chrysler Dodge Jeep and Ram","Motor Vehicle Dealer (general)","","Westerly","RI","562","State-licensed dealer - Sep 13 push"
"Western Turbo LLC","Wholesale Motor Vehicle Dealer","4805842208","Scottsdale","AZ","L10003185","State-licensed wholesale dealer - Sep 13 push"
"Westminster Motors, LTD","Motor Vehicle Dealer (general)","","Providence","RI","269","State-licensed dealer - Sep 13 push"
"Weston Auto Sale LLC","Wholesale Motor Vehicle Dealer","6232296663","Peoria","AZ","L10001742","State-licensed wholesale dealer - Sep 13 push"
"Wfl Investments","Wholesale Motor Vehicle Dealer","602-245-4498","AVONDALE","AZ","L00015353","State-licensed wholesale dealer - Sep 13 push"
"Wheel?s of Freedom Cycle","Motor Vehicle Dealer (general)","","Pawtucket","RI","333","State-licensed dealer - Sep 13 push"
"White Horse Autos","Wholesale Motor Vehicle Dealer","","Castle Rock","CO","46876","State-licensed wholesale dealer - Sep 13 push"
"WHITE HOUSE AUTO GALLERY INC","Wholesale Motor Vehicle Dealer","(813)310-8888","TAMPA","FL","1009909-1","State-licensed wholesale dealer - Sep 13 push"
"Wholesale Auto","Wholesale Dealer License","(936) 225-4575","LUFKIN","TX","P165041W","State-licensed wholesale dealer - Sep 13 push"
"WHOLESALE AUTO BROKERS","Motor Vehicle Dealer (wholesale name match)","","CHATTANOOGA","TN","14845","State-licensed dealer - Sep 13 push"
"WHOLESALE AUTO DEALERS OF MEMPHIS LLC","Motor Vehicle Dealer (wholesale name match)","","MEMPHIS","TN","19400","State-licensed dealer - Sep 13 push"
"Wholesale Auto of Biddeford, LLC","Motor Vehicle Dealer (wholesale name match)","207-283-3798","Biddeford","ME","","State-licensed dealer - Sep 13 push"
"WHOLESALE AUTO OUTLET","Motor Vehicle Dealer (wholesale name match)","","HARRIMAN","TN","19167","State-licensed dealer - Sep 13 push"
"WHOLESALE AUTO, INC.","Motor Vehicle Dealer (wholesale name match)","","ATHENS","TN","3436","State-licensed dealer - Sep 13 push"
"WHOLESALE CARS","Motor Vehicle Dealer (wholesale name match)","","GRAY","TN","19749","State-licensed dealer - Sep 13 push"
"WHOLESALE CARS LLC","Wholesale Motor Vehicle Dealer","","Aurora","CO","42970","State-licensed wholesale dealer - Sep 13 push"
"WHOLESALE GARAGE, LLC","Wholesale Motor Vehicle Dealer","","Fort Collins","CO","45065","State-licensed wholesale dealer - Sep 13 push"
"Wholesale Motors LLC","Motor Vehicle Dealer (wholesale name match)","207-712-4535","Presque Isle","ME","","State-licensed dealer - Sep 13 push"
"Wholesale Motorsports LLC","Wholesale Motor Vehicle Dealer","6024883890","PHOENIX","AZ","L10001710","State-licensed wholesale dealer - Sep 13 push"
"WHOLESALE REMARKETING, LLC","Wholesale Motor Vehicle Dealer","(561)221-3403","CORAL SPRINGS","FL","1130504-1","State-licensed wholesale dealer - Sep 13 push"
"Wholesale Time","Wholesale Motor Vehicle Dealer","520-479-9969","RIO RICO","AZ","L10003229","State-licensed wholesale dealer - Sep 13 push"
"WHOLESALE UNLIMITED, INC.","Motor Vehicle Dealer (wholesale name match)","","MEMPHIS","TN","6604","State-licensed dealer - Sep 13 push"
"Wholesaledealerlive.Com LLC","Wholesale Motor Vehicle Dealer","714-450-2963","CHANDLER","AZ","L00015197","State-licensed wholesale dealer - Sep 13 push"
"WILLIAM O AUTO SALES LLC","Wholesale Motor Vehicle Dealer","5203581315","PHOENIX","AZ","L10001972","State-licensed wholesale dealer - Sep 13 push"
"William Sorensen, Wholesaler","Wholesale Motor Vehicle Dealer","","Denver","CO","47590","State-licensed wholesale dealer - Sep 13 push"
"WILLYS AUTO WORKS LLC","Wholesale Motor Vehicle Dealer","602-370-5043","Peoria","AZ","L10003501","State-licensed wholesale dealer - Sep 13 push"
"Win Auto LLC","Wholesale Motor Vehicle Dealer","6232160072","Phoenix","AZ","L10003373","State-licensed wholesale dealer - Sep 13 push"
"Windmill Auto Sales & Body, Inc.","Motor Vehicle Dealer (general)","","North Providence","RI","765","State-licensed dealer - Sep 13 push"
"Wing Auto LLC","Wholesale Dealer License","(361) 474-3222","FALFURRIAS","TX","P156214W","State-licensed wholesale dealer - Sep 13 push"
"WINNING EDGE PERFORMANCE","Wholesale Motor Vehicle Dealer","","LOVELAND","CO","36694","State-licensed wholesale dealer - Sep 13 push"
"WINSA MOTORS LLC","Wholesale Motor Vehicle Dealer","(407)454-1897","ALTAMONTE SPRINGS","FL","1150210-1","State-licensed wholesale dealer - Sep 13 push"
"WINTER PARK WHOLESALE LLC","Wholesale Motor Vehicle Dealer","(205)240-8309","WINTER PARK","FL","1136437-1","State-licensed wholesale dealer - Sep 13 push"
"Wise Choice Rv LLC","Wholesale Motor Vehicle Dealer","6025108834","MESA","AZ","L00016693","State-licensed wholesale dealer - Sep 13 push"
"WLA Motors LLC","Wholesale Dealer License","(877) 728-5893","KILLEEN","TX","P170547W","State-licensed wholesale dealer - Sep 13 push"
"WLB GLOBAL IMPORTS INC","Wholesale Motor Vehicle Dealer","(850)321-8195","TALLAHASSEE","FL","1142558-1","State-licensed wholesale dealer - Sep 13 push"
"Wolf Auto LLC","Wholesale Motor Vehicle Dealer","4804100058","Gilbert","AZ","L10003658","State-licensed wholesale dealer - Sep 13 push"
"Wolfsburg Motorcars, LLC","Wholesale Motor Vehicle Dealer","6023155590","Scottsdale","AZ","L10002015","State-licensed wholesale dealer - Sep 13 push"
"Woloszyns Used Cars Inc","Wholesale Motor Vehicle Dealer","6024996865","Glendale","AZ","L00011173","State-licensed wholesale dealer - Sep 13 push"
"Wolves Auto Sales LLC","Wholesale Motor Vehicle Dealer","6024668405","Phoenix","AZ","L00015969","State-licensed wholesale dealer - Sep 13 push"
"WONTECH LLC","Wholesale Motor Vehicle Dealer","(941)301-3299","VENICE","FL","1152765-1","State-licensed wholesale dealer - Sep 13 push"
"WOODALL AUTO WHOLESALE INC","Wholesale Motor Vehicle Dealer","(407)810-4647","OCOEE","FL","1150477-1","State-licensed wholesale dealer - Sep 13 push"
"Woonsocket Motors","Motor Vehicle Dealer (general)","","Woonsocket","RI","740","State-licensed dealer - Sep 13 push"
"WORLD AUTO SALE LLC","Wholesale Motor Vehicle Dealer","","MIAMI","FL","1147027-1","State-licensed wholesale dealer - Sep 13 push"
"WORLD OMNI FINANCIAL CORP","Wholesale Motor Vehicle Dealer","(954)420-4604","DEERFIELD BEACH","FL","1013924-1","State-licensed wholesale dealer - Sep 13 push"
"World Wide Car Company LLC","Wholesale Motor Vehicle Dealer","4802394572","Chandler","AZ","L00009592","State-licensed wholesale dealer - Sep 13 push"
"WP MOTOR COMPANY, LLC","Wholesale Motor Vehicle Dealer","(405) 630-9889","WHEATLAND","OK","10728","State-licensed wholesale dealer - Sep 13 push"
"WRAGTH MOTORSPORTS LLC DBA HAIL","Wholesale Dealer License","(469) 285-6636","WAXAHACHIE","TX","P174492W","State-licensed wholesale dealer - Sep 13 push"
"W-S Auto Expert","Wholesale Motor Vehicle Dealer","7147159469","Golden Valley","AZ","L00014041","State-licensed wholesale dealer - Sep 13 push"
"Wye LLC","Wholesale Motor Vehicle Dealer","6027368502","Tolleson","AZ","L00016568","State-licensed wholesale dealer - Sep 13 push"
"Wynn Auto Broker","Wholesale Motor Vehicle Dealer","2095950725","Glendale","AZ","L00012622","State-licensed wholesale dealer - Sep 13 push"
"XMS LLC","Wholesale Motor Vehicle Dealer","602-460-6986","GOODYEAR","AZ","L10003356","State-licensed wholesale dealer - Sep 13 push"
"Xquisite Auto Sales LLC","Wholesale Motor Vehicle Dealer","6236661741","Phoenix","AZ","L10003341","State-licensed wholesale dealer - Sep 13 push"
"XTREME AUTO EXCHANGE LLC","Wholesale Motor Vehicle Dealer","6026707474","BUCKEYE","AZ","L10003144","State-licensed wholesale dealer - Sep 13 push"
"Y2K AUTO FINDERS","Wholesale Motor Vehicle Dealer","(405) 659-1271","EDMOND","OK","10390","State-licensed wholesale dealer - Sep 13 push"
"YB auto wholesale","Wholesale Motor Vehicle Dealer","4806122231","Phoenix","AZ","L10003593","State-licensed wholesale dealer - Sep 13 push"
"Year Around Wholesale Dealer LLC","Wholesale Motor Vehicle Dealer","6232051120","Litchfield Park","AZ","L10003055","State-licensed wholesale dealer - Sep 13 push"
"YUKON EQUIPMENT INC","Motor Vehicle Dealer (general)","","Anchorage","AK","61","State-licensed dealer - Sep 13 push"
"YUMA VALLEY AUTO WHOLESALE LLC","Wholesale Motor Vehicle Dealer","9282467353","Yuma","AZ","L10003412","State-licensed wholesale dealer - Sep 13 push"
"Z CARS","Wholesale Motor Vehicle Dealer","","Aurora","CO","40446","State-licensed wholesale dealer - Sep 13 push"
"ZA AUTO SALES LLC","Wholesale Motor Vehicle Dealer","2482921701","PHOENIX","AZ","L10002322","State-licensed wholesale dealer - Sep 13 push"
"Zain Motorsport","Wholesale Motor Vehicle Dealer","6023015783","Phoenix","AZ","L10001920","State-licensed wholesale dealer - Sep 13 push"
"zak's auto sales llc","Wholesale Motor Vehicle Dealer","3472554047","phoenix","AZ","L10001540","State-licensed wholesale dealer - Sep 13 push"
"ZAPP MOTORS","Wholesale Motor Vehicle Dealer","","Thornton","CO","43825","State-licensed wholesale dealer - Sep 13 push"
"ZAZUETA'S WHOLESALE BUSINESS","Wholesale Motor Vehicle Dealer","5202495631","Tucson","AZ","L10001185","State-licensed wholesale dealer - Sep 13 push"
"ZED Motorsports LLC","Wholesale Motor Vehicle Dealer","4802413021","Scottsdale","AZ","L10002178","State-licensed wholesale dealer - Sep 13 push"
"Zee Auto Sales","Wholesale Motor Vehicle Dealer","6233360705","Glendale","AZ","L00013867","State-licensed wholesale dealer - Sep 13 push"
"ZEROMIL AUTO LLC","Wholesale Motor Vehicle Dealer","623-999-8320","PHOENIX","AZ","L10002423","State-licensed wholesale dealer - Sep 13 push"
"Ziggy?s Auto Sales, Inc.","Motor Vehicle Dealer (general)","","North Kingstown","RI","174","State-licensed dealer - Sep 13 push"
"Zink's Auto Sales & Service","Motor Vehicle Dealer (general)","","Cranston","RI","297","State-licensed dealer - Sep 13 push"
"Zion Wholesale Motor Vehicle Dealer","Wholesale Motor Vehicle Dealer","7576091193","Buckeye","AZ","L00011307","State-licensed wholesale dealer - Sep 13 push"
"Zippys Auto Sales, Inc.","Motor Vehicle Dealer (general)","","Woonsocket","RI","677","State-licensed dealer - Sep 13 push"
"ZK Motorsports LLC","Wholesale Motor Vehicle Dealer","4804688822","maricopa","AZ","L10003005","State-licensed wholesale dealer - Sep 13 push"
"Zorin ventures llc.","Wholesale Motor Vehicle Dealer","16023005777","TEMPE","AZ","L10002396","State-licensed wholesale dealer - Sep 13 push"
"ZRH Wardak Auto LLC","Wholesale Motor Vehicle Dealer","6027563838","Phoenix","AZ","L10003245","State-licensed wholesale dealer - Sep 13 push"
"ZS AUTO EMPIRE LLC","Wholesale Motor Vehicle Dealer","(281)409-9856","CASSELBERRY","FL","1153661-1","State-licensed wholesale dealer - Sep 13 push"
"Zys Auto Export Inc","Wholesale Motor Vehicle Dealer","2138641598","Mesa","AZ","L00012537","State-licensed wholesale dealer - Sep 13 push"
